routine_id,user_id,product_id,recommendation_id,routine_step,added_date,active,data_origin,added_day
1,1,70,4,active,2026-08-20T22:30:37,1,Synthetic / Demo Data,2026-08-20T00:00:00
2,1,82,5,moisturizer,2026-08-20T23:55:16,1,Synthetic / Demo Data,2026-08-20T00:00:00
3,2,2,7,cleansing,2026-06-06T16:07:54,1,Synthetic / Demo Data,2026-06-06T00:00:00
4,2,1,9,cleansing,2026-06-06T13:57:40,1,Synthetic / Demo Data,2026-06-06T00:00:00
5,2,21,10,cleansing,2026-06-06T14:09:45,1,Synthetic / Demo Data,2026-06-06T00:00:00
6,2,77,16,moisturizer,2026-06-21T06:35:44,1,Synthetic / Demo Data,2026-06-21T00:00:00
7,4,116,19,spf,2026-02-21T14:47:13,1,Synthetic / Demo Data,2026-02-21T00:00:00
8,4,85,21,moisturizer,2026-02-21T18:18:40,1,Synthetic / Demo Data,2026-02-21T00:00:00
9,5,94,31,moisturizer,2026-01-25T15:53:12,1,Synthetic / Demo Data,2026-01-25T00:00:00
10,5,9,34,cleansing,2026-01-28T08:07:59,1,Synthetic / Demo Data,2026-01-28T00:00:00
11,5,106,43,spf,2026-02-04T09:41:55,1,Synthetic / Demo Data,2026-02-04T00:00:00
12,9,67,59,active,2026-04-28T09:41:19,0,Synthetic / Demo Data,2026-04-28T00:00:00
13,10,88,64,moisturizer,2026-02-21T07:33:29,1,Synthetic / Demo Data,2026-02-21T00:00:00
14,13,49,86,active,2026-03-28T10:33:26,1,Synthetic / Demo Data,2026-03-28T00:00:00
15,13,55,88,active,2026-03-28T12:25:45,1,Synthetic / Demo Data,2026-03-28T00:00:00
16,13,43,89,toner,2026-03-28T14:04:46,1,Synthetic / Demo Data,2026-03-28T00:00:00
17,13,40,93,toner,2026-04-17T02:59:16,1,Synthetic / Demo Data,2026-04-17T00:00:00
18,14,77,95,moisturizer,2026-04-26T02:47:51,1,Synthetic / Demo Data,2026-04-26T00:00:00
19,14,67,99,active,2026-04-26T00:29:55,1,Synthetic / Demo Data,2026-04-26T00:00:00
20,14,82,101,moisturizer,2026-04-26T06:55:43,1,Synthetic / Demo Data,2026-04-26T00:00:00
21,14,120,102,spf,2026-04-26T04:25:52,1,Synthetic / Demo Data,2026-04-26T00:00:00
22,15,94,111,moisturizer,2026-02-20T22:51:41,1,Synthetic / Demo Data,2026-02-20T00:00:00
23,15,2,112,cleansing,2026-02-20T18:24:58,1,Synthetic / Demo Data,2026-02-20T00:00:00
24,16,120,122,spf,2026-03-31T17:17:23,1,Synthetic / Demo Data,2026-03-31T00:00:00
25,16,116,125,spf,2026-03-31T21:03:09,1,Synthetic / Demo Data,2026-03-31T00:00:00
26,17,116,128,spf,2026-01-07T19:14:41,1,Synthetic / Demo Data,2026-01-07T00:00:00
27,17,6,134,cleansing,2026-01-18T15:55:12,0,Synthetic / Demo Data,2026-01-18T00:00:00
28,22,36,150,toner,2026-05-16T04:38:15,1,Synthetic / Demo Data,2026-05-16T00:00:00
29,23,82,157,moisturizer,2026-07-29T12:43:22,1,Synthetic / Demo Data,2026-07-29T00:00:00
30,23,4,159,cleansing,2026-07-29T12:04:35,1,Synthetic / Demo Data,2026-07-29T00:00:00
31,25,19,166,cleansing,2026-06-02T02:19:34,1,Synthetic / Demo Data,2026-06-02T00:00:00
32,25,77,167,moisturizer,2026-06-02T01:41:13,1,Synthetic / Demo Data,2026-06-02T00:00:00
33,25,106,169,spf,2026-06-02T00:47:15,1,Synthetic / Demo Data,2026-06-02T00:00:00
34,26,68,181,active,2026-02-16T15:53:07,1,Synthetic / Demo Data,2026-02-16T00:00:00
35,29,103,189,spf,2026-08-24T14:25:36,1,Synthetic / Demo Data,2026-08-24T00:00:00
36,30,69,200,active,2026-07-11T21:58:55,1,Synthetic / Demo Data,2026-07-11T00:00:00
37,30,54,201,active,2026-07-12T01:12:41,1,Synthetic / Demo Data,2026-07-12T00:00:00
38,34,120,223,spf,2026-09-17T03:11:25,1,Synthetic / Demo Data,2026-09-17T00:00:00
39,34,94,226,moisturizer,2026-09-17T06:48:13,1,Synthetic / Demo Data,2026-09-17T00:00:00
40,35,76,238,moisturizer,2026-04-07T10:59:21,1,Synthetic / Demo Data,2026-04-07T00:00:00
41,37,75,247,moisturizer,2026-01-29T17:43:40,1,Synthetic / Demo Data,2026-01-29T00:00:00
42,43,60,271,active,2026-06-21T07:26:29,1,Synthetic / Demo Data,2026-06-21T00:00:00
43,43,27,273,toner,2026-06-21T11:10:54,1,Synthetic / Demo Data,2026-06-21T00:00:00
44,43,9,278,cleansing,2026-07-10T11:41:16,1,Synthetic / Demo Data,2026-07-10T00:00:00
45,43,103,279,spf,2026-07-10T17:05:23,1,Synthetic / Demo Data,2026-07-10T00:00:00
46,44,17,281,cleansing,2026-08-30T01:16:22,1,Synthetic / Demo Data,2026-08-30T00:00:00
47,44,66,284,active,2026-08-29T23:26:41,1,Synthetic / Demo Data,2026-08-29T00:00:00
48,44,25,286,toner,2026-09-10T11:01:56,0,Synthetic / Demo Data,2026-09-10T00:00:00
49,44,81,290,moisturizer,2026-09-13T07:27:37,1,Synthetic / Demo Data,2026-09-13T00:00:00
50,47,45,313,toner,2026-03-22T22:22:54,1,Synthetic / Demo Data,2026-03-22T00:00:00
51,47,55,318,active,2026-03-23T10:15:09,1,Synthetic / Demo Data,2026-03-23T00:00:00
52,47,43,320,toner,2026-03-23T11:53:45,1,Synthetic / Demo Data,2026-03-23T00:00:00
53,51,96,323,moisturizer,2026-07-10T10:49:22,1,Synthetic / Demo Data,2026-07-10T00:00:00
54,51,12,324,cleansing,2026-07-10T08:46:34,1,Synthetic / Demo Data,2026-07-10T00:00:00
55,53,86,335,moisturizer,2026-06-29T23:13:35,1,Synthetic / Demo Data,2026-06-29T00:00:00
56,53,16,338,cleansing,2026-07-02T22:40:32,1,Synthetic / Demo Data,2026-07-02T00:00:00
57,53,78,339,moisturizer,2026-07-02T21:44:22,1,Synthetic / Demo Data,2026-07-02T00:00:00
58,55,51,354,active,2026-05-23T18:13:26,0,Synthetic / Demo Data,2026-05-23T00:00:00
59,55,83,356,moisturizer,2026-05-23T18:25:10,1,Synthetic / Demo Data,2026-05-23T00:00:00
60,55,110,360,spf,2026-05-31T17:46:32,1,Synthetic / Demo Data,2026-05-31T00:00:00
61,55,76,362,moisturizer,2026-06-01T13:17:15,1,Synthetic / Demo Data,2026-06-01T00:00:00
62,56,51,371,active,2026-05-21T12:45:51,1,Synthetic / Demo Data,2026-05-21T00:00:00
63,59,82,390,moisturizer,2026-06-29T20:07:31,1,Synthetic / Demo Data,2026-06-29T00:00:00
64,60,12,403,cleansing,2026-02-04T22:36:30,1,Synthetic / Demo Data,2026-02-04T00:00:00
65,62,77,407,moisturizer,2026-04-17T08:24:27,1,Synthetic / Demo Data,2026-04-17T00:00:00
66,63,5,416,cleansing,2026-06-22T22:53:10,1,Synthetic / Demo Data,2026-06-22T00:00:00
67,63,34,420,toner,2026-07-03T20:27:38,0,Synthetic / Demo Data,2026-07-03T00:00:00
68,64,55,431,active,2026-03-05T11:25:13,1,Synthetic / Demo Data,2026-03-05T00:00:00
69,64,115,439,spf,2026-03-15T10:21:58,1,Synthetic / Demo Data,2026-03-15T00:00:00
70,68,40,449,toner,2026-04-20T13:18:43,1,Synthetic / Demo Data,2026-04-20T00:00:00
71,68,90,454,moisturizer,2026-04-23T18:55:34,1,Synthetic / Demo Data,2026-04-23T00:00:00
72,69,82,459,moisturizer,2026-05-07T06:43:57,1,Synthetic / Demo Data,2026-05-07T00:00:00
73,69,109,460,spf,2026-05-07T07:59:00,1,Synthetic / Demo Data,2026-05-07T00:00:00
74,69,66,461,active,2026-05-07T02:37:02,1,Synthetic / Demo Data,2026-05-07T00:00:00
75,69,46,467,toner,2026-05-13T14:09:08,1,Synthetic / Demo Data,2026-05-13T00:00:00
76,71,55,472,active,2026-03-15T10:45:39,1,Synthetic / Demo Data,2026-03-15T00:00:00
77,71,44,474,toner,2026-03-15T10:03:15,1,Synthetic / Demo Data,2026-03-15T00:00:00
78,71,87,475,moisturizer,2026-03-19T18:03:37,0,Synthetic / Demo Data,2026-03-19T00:00:00
79,73,17,479,cleansing,2026-08-20T18:52:16,1,Synthetic / Demo Data,2026-08-20T00:00:00
80,73,102,484,spf,2026-09-08T02:02:07,1,Synthetic / Demo Data,2026-09-08T00:00:00
81,75,112,492,spf,2026-06-23T18:37:56,1,Synthetic / Demo Data,2026-06-23T00:00:00
82,75,74,497,moisturizer,2026-07-02T03:08:54,1,Synthetic / Demo Data,2026-07-02T00:00:00
83,76,3,498,cleansing,2026-06-07T01:27:28,1,Synthetic / Demo Data,2026-06-07T00:00:00
84,77,30,508,toner,2026-09-06T08:49:49,1,Synthetic / Demo Data,2026-09-06T00:00:00
85,77,90,510,moisturizer,2026-09-07T22:48:33,1,Synthetic / Demo Data,2026-09-07T00:00:00
86,77,1,512,cleansing,2026-09-07T23:18:29,1,Synthetic / Demo Data,2026-09-07T00:00:00
87,77,112,513,spf,2026-09-07T20:37:56,1,Synthetic / Demo Data,2026-09-07T00:00:00
88,77,2,515,cleansing,2026-09-17T05:57:18,1,Synthetic / Demo Data,2026-09-17T00:00:00
89,79,27,531,toner,2026-05-31T10:40:17,1,Synthetic / Demo Data,2026-05-31T00:00:00
90,79,40,535,toner,2026-06-10T08:34:01,1,Synthetic / Demo Data,2026-06-10T00:00:00
91,81,106,546,spf,2026-08-06T23:49:43,1,Synthetic / Demo Data,2026-08-06T00:00:00
92,81,20,550,cleansing,2026-08-07T03:21:11,0,Synthetic / Demo Data,2026-08-07T00:00:00
93,81,19,551,cleansing,2026-08-22T18:48:03,1,Synthetic / Demo Data,2026-08-22T00:00:00
94,81,13,552,cleansing,2026-08-22T19:48:38,1,Synthetic / Demo Data,2026-08-22T00:00:00
95,81,48,556,toner,2026-08-29T18:06:03,1,Synthetic / Demo Data,2026-08-29T00:00:00
96,81,66,558,active,2026-08-29T19:51:47,1,Synthetic / Demo Data,2026-08-29T00:00:00
97,81,16,559,cleansing,2026-08-30T01:48:53,1,Synthetic / Demo Data,2026-08-30T00:00:00
98,83,21,569,cleansing,2026-02-03T09:30:48,0,Synthetic / Demo Data,2026-02-03T00:00:00
99,84,12,580,cleansing,2026-08-31T17:50:03,1,Synthetic / Demo Data,2026-08-31T00:00:00
100,87,40,603,toner,2026-01-18T09:59:51,1,Synthetic / Demo Data,2026-01-18T00:00:00
101,89,104,615,spf,2026-04-26T20:42:36,1,Synthetic / Demo Data,2026-04-26T00:00:00
102,89,18,617,cleansing,2026-05-08T20:35:44,1,Synthetic / Demo Data,2026-05-08T00:00:00
103,90,36,621,toner,2026-04-09T21:46:41,1,Synthetic / Demo Data,2026-04-09T00:00:00
104,90,92,624,moisturizer,2026-04-27T23:59:54,0,Synthetic / Demo Data,2026-04-27T00:00:00
105,90,41,625,toner,2026-04-27T18:17:47,1,Synthetic / Demo Data,2026-04-27T00:00:00
106,90,101,627,spf,2026-04-27T21:38:53,1,Synthetic / Demo Data,2026-04-27T00:00:00
107,92,30,635,toner,2026-09-06T07:46:41,1,Synthetic / Demo Data,2026-09-06T00:00:00
108,92,27,638,toner,2026-09-19T11:00:05,1,Synthetic / Demo Data,2026-09-19T00:00:00
109,94,40,646,toner,2026-05-31T02:53:18,1,Synthetic / Demo Data,2026-05-31T00:00:00
110,94,51,648,active,2026-05-31T03:18:24,1,Synthetic / Demo Data,2026-05-31T00:00:00
111,95,40,655,toner,2026-02-19T06:23:40,1,Synthetic / Demo Data,2026-02-19T00:00:00
112,96,80,669,moisturizer,2026-02-08T14:52:05,1,Synthetic / Demo Data,2026-02-08T00:00:00
113,98,65,680,active,2026-05-01T08:40:37,1,Synthetic / Demo Data,2026-05-01T00:00:00
114,99,69,689,active,2026-03-27T20:28:20,0,Synthetic / Demo Data,2026-03-27T00:00:00
115,100,17,696,cleansing,2026-04-20T13:10:06,1,Synthetic / Demo Data,2026-04-20T00:00:00
116,100,56,702,active,2026-04-24T22:04:00,1,Synthetic / Demo Data,2026-04-24T00:00:00
117,101,96,714,moisturizer,2026-06-10T19:26:20,1,Synthetic / Demo Data,2026-06-10T00:00:00
118,103,88,728,moisturizer,2026-03-08T00:30:40,1,Synthetic / Demo Data,2026-03-08T00:00:00
119,103,66,729,active,2026-03-07T23:31:24,0,Synthetic / Demo Data,2026-03-07T00:00:00
120,103,8,732,cleansing,2026-03-08T03:04:33,1,Synthetic / Demo Data,2026-03-08T00:00:00
121,103,40,733,toner,2026-03-08T16:41:04,1,Synthetic / Demo Data,2026-03-08T00:00:00
122,104,65,742,active,2026-05-27T18:14:20,1,Synthetic / Demo Data,2026-05-27T00:00:00
123,104,55,745,active,2026-05-31T20:46:01,1,Synthetic / Demo Data,2026-05-31T00:00:00
124,104,97,748,spf,2026-05-31T14:11:16,1,Synthetic / Demo Data,2026-05-31T00:00:00
125,105,86,754,moisturizer,2026-05-22T19:02:33,1,Synthetic / Demo Data,2026-05-22T00:00:00
126,111,94,781,moisturizer,2026-03-27T06:34:04,1,Synthetic / Demo Data,2026-03-27T00:00:00
127,111,106,785,spf,2026-03-27T23:14:50,0,Synthetic / Demo Data,2026-03-27T00:00:00
128,111,109,788,spf,2026-03-28T05:25:29,0,Synthetic / Demo Data,2026-03-28T00:00:00
129,111,41,790,toner,2026-04-12T09:30:03,1,Synthetic / Demo Data,2026-04-12T00:00:00
130,113,66,794,active,2026-06-22T01:38:50,1,Synthetic / Demo Data,2026-06-22T00:00:00
131,113,2,796,cleansing,2026-06-28T11:15:47,1,Synthetic / Demo Data,2026-06-28T00:00:00
132,114,57,810,active,2026-09-04T09:59:33,1,Synthetic / Demo Data,2026-09-04T00:00:00
133,115,106,818,spf,2026-01-12T13:46:57,1,Synthetic / Demo Data,2026-01-12T00:00:00
134,115,12,824,cleansing,2026-01-19T10:09:46,1,Synthetic / Demo Data,2026-01-19T00:00:00
135,115,83,825,moisturizer,2026-01-19T11:55:42,1,Synthetic / Demo Data,2026-01-19T00:00:00
136,117,44,835,toner,2026-06-11T19:23:42,1,Synthetic / Demo Data,2026-06-11T00:00:00
137,119,38,849,toner,2026-01-25T03:08:13,1,Synthetic / Demo Data,2026-01-25T00:00:00
138,120,51,862,active,2026-07-24T01:24:57,0,Synthetic / Demo Data,2026-07-24T00:00:00
139,122,25,870,toner,2026-04-10T12:53:46,1,Synthetic / Demo Data,2026-04-10T00:00:00
140,123,14,880,cleansing,2026-06-05T03:01:33,1,Synthetic / Demo Data,2026-06-05T00:00:00
141,123,77,881,moisturizer,2026-06-05T03:22:56,1,Synthetic / Demo Data,2026-06-05T00:00:00
142,123,79,890,moisturizer,2026-06-17T19:42:46,1,Synthetic / Demo Data,2026-06-17T00:00:00
143,124,107,893,spf,2026-02-19T07:56:15,1,Synthetic / Demo Data,2026-02-19T00:00:00
144,124,77,895,moisturizer,2026-02-19T10:59:03,1,Synthetic / Demo Data,2026-02-19T00:00:00
145,125,1,914,cleansing,2026-09-15T20:11:21,1,Synthetic / Demo Data,2026-09-15T00:00:00
146,125,25,915,toner,2026-09-15T20:17:22,1,Synthetic / Demo Data,2026-09-15T00:00:00
147,127,12,917,cleansing,2026-03-07T13:14:47,1,Synthetic / Demo Data,2026-03-07T00:00:00
148,127,21,920,cleansing,2026-03-07T16:06:21,0,Synthetic / Demo Data,2026-03-07T00:00:00
149,127,106,923,spf,2026-03-15T11:02:45,1,Synthetic / Demo Data,2026-03-15T00:00:00
150,128,76,928,moisturizer,2026-05-11T06:01:53,1,Synthetic / Demo Data,2026-05-11T00:00:00
151,128,90,935,moisturizer,2026-05-22T09:01:25,0,Synthetic / Demo Data,2026-05-22T00:00:00
152,129,20,940,cleansing,2026-01-28T19:42:06,1,Synthetic / Demo Data,2026-01-28T00:00:00
153,129,13,947,cleansing,2026-02-08T04:04:45,1,Synthetic / Demo Data,2026-02-08T00:00:00
154,132,81,975,moisturizer,2026-07-15T23:32:32,1,Synthetic / Demo Data,2026-07-15T00:00:00
155,132,61,976,active,2026-07-24T16:39:38,1,Synthetic / Demo Data,2026-07-24T00:00:00
156,133,116,987,spf,2026-02-27T21:48:52,1,Synthetic / Demo Data,2026-02-27T00:00:00
157,137,94,998,moisturizer,2026-08-08T11:47:13,1,Synthetic / Demo Data,2026-08-08T00:00:00
158,137,116,1001,spf,2026-08-08T09:10:48,1,Synthetic / Demo Data,2026-08-08T00:00:00
159,137,85,1006,moisturizer,2026-08-10T05:25:35,0,Synthetic / Demo Data,2026-08-10T00:00:00
160,138,7,1008,cleansing,2026-02-05T03:38:55,1,Synthetic / Demo Data,2026-02-05T00:00:00
161,138,51,1014,active,2026-02-09T23:12:52,1,Synthetic / Demo Data,2026-02-09T00:00:00
162,140,96,1022,moisturizer,2026-08-05T04:13:25,1,Synthetic / Demo Data,2026-08-05T00:00:00
163,141,75,1034,moisturizer,2026-08-21T06:34:58,1,Synthetic / Demo Data,2026-08-21T00:00:00
164,141,10,1040,cleansing,2026-09-02T01:00:40,1,Synthetic / Demo Data,2026-09-02T00:00:00
165,141,112,1041,spf,2026-09-01T20:09:56,1,Synthetic / Demo Data,2026-09-01T00:00:00
166,142,69,1045,active,2026-08-25T00:52:25,1,Synthetic / Demo Data,2026-08-25T00:00:00
167,142,14,1048,cleansing,2026-09-09T00:24:30,1,Synthetic / Demo Data,2026-09-09T00:00:00
168,143,17,1056,cleansing,2026-05-14T18:55:22,1,Synthetic / Demo Data,2026-05-14T00:00:00
169,143,78,1057,moisturizer,2026-05-25T02:42:37,1,Synthetic / Demo Data,2026-05-25T00:00:00
170,143,5,1058,cleansing,2026-05-25T01:27:50,1,Synthetic / Demo Data,2026-05-25T00:00:00
171,143,116,1063,spf,2026-05-25T03:57:52,1,Synthetic / Demo Data,2026-05-25T00:00:00
172,144,19,1069,cleansing,2026-06-03T06:19:19,1,Synthetic / Demo Data,2026-06-03T00:00:00
173,144,44,1072,toner,2026-06-03T01:42:41,0,Synthetic / Demo Data,2026-06-03T00:00:00
174,144,112,1076,spf,2026-06-04T17:12:04,1,Synthetic / Demo Data,2026-06-04T00:00:00
175,146,105,1077,spf,2026-08-27T05:00:55,1,Synthetic / Demo Data,2026-08-27T00:00:00
176,147,116,1083,spf,2026-02-16T07:51:47,1,Synthetic / Demo Data,2026-02-16T00:00:00
177,147,9,1086,cleansing,2026-02-16T06:14:04,1,Synthetic / Demo Data,2026-02-16T00:00:00
178,147,66,1087,active,2026-02-22T17:03:42,1,Synthetic / Demo Data,2026-02-22T00:00:00
179,147,118,1089,spf,2026-02-22T14:54:59,1,Synthetic / Demo Data,2026-02-22T00:00:00
180,147,36,1093,toner,2026-02-26T09:49:15,1,Synthetic / Demo Data,2026-02-26T00:00:00
181,148,88,1096,moisturizer,2026-04-21T06:36:07,1,Synthetic / Demo Data,2026-04-21T00:00:00
182,148,18,1100,cleansing,2026-04-21T02:17:48,1,Synthetic / Demo Data,2026-04-21T00:00:00
183,148,55,1101,active,2026-04-25T00:00:44,1,Synthetic / Demo Data,2026-04-25T00:00:00
184,148,36,1102,toner,2026-04-25T02:19:10,1,Synthetic / Demo Data,2026-04-25T00:00:00
185,148,27,1103,toner,2026-04-25T04:08:58,1,Synthetic / Demo Data,2026-04-25T00:00:00
186,148,38,1105,toner,2026-04-25T02:05:55,1,Synthetic / Demo Data,2026-04-25T00:00:00
187,149,20,1111,cleansing,2026-07-24T01:17:47,1,Synthetic / Demo Data,2026-07-24T00:00:00
188,149,21,1112,cleansing,2026-07-24T05:10:52,1,Synthetic / Demo Data,2026-07-24T00:00:00
189,149,55,1116,active,2026-07-28T01:47:42,1,Synthetic / Demo Data,2026-07-28T00:00:00
190,149,106,1121,spf,2026-07-30T19:16:14,1,Synthetic / Demo Data,2026-07-30T00:00:00
191,151,40,1124,toner,2026-05-12T18:08:17,1,Synthetic / Demo Data,2026-05-12T00:00:00
192,151,27,1125,toner,2026-05-12T12:44:30,1,Synthetic / Demo Data,2026-05-12T00:00:00
193,151,86,1126,moisturizer,2026-05-12T17:06:11,1,Synthetic / Demo Data,2026-05-12T00:00:00
194,151,76,1128,moisturizer,2026-05-12T17:26:41,1,Synthetic / Demo Data,2026-05-12T00:00:00
195,153,76,1148,moisturizer,2026-08-11T18:30:43,1,Synthetic / Demo Data,2026-08-11T00:00:00
196,153,89,1150,moisturizer,2026-08-19T20:00:11,1,Synthetic / Demo Data,2026-08-19T00:00:00
197,154,111,1152,spf,2026-03-10T07:20:26,0,Synthetic / Demo Data,2026-03-10T00:00:00
198,155,16,1160,cleansing,2026-06-07T21:47:43,1,Synthetic / Demo Data,2026-06-07T00:00:00
199,155,115,1166,spf,2026-06-10T10:08:51,1,Synthetic / Demo Data,2026-06-10T00:00:00
200,157,7,1175,cleansing,2026-04-24T07:24:28,1,Synthetic / Demo Data,2026-04-24T00:00:00
201,157,101,1181,spf,2026-04-25T19:55:00,0,Synthetic / Demo Data,2026-04-25T00:00:00
202,159,120,1186,spf,2026-05-14T20:21:02,1,Synthetic / Demo Data,2026-05-14T00:00:00
203,159,21,1191,cleansing,2026-05-23T08:37:07,1,Synthetic / Demo Data,2026-05-23T00:00:00
204,162,99,1207,spf,2026-07-21T04:53:13,1,Synthetic / Demo Data,2026-07-21T00:00:00
205,162,103,1215,spf,2026-07-29T08:37:52,1,Synthetic / Demo Data,2026-07-29T00:00:00
206,163,69,1216,active,2026-01-24T19:32:55,1,Synthetic / Demo Data,2026-01-24T00:00:00
207,163,113,1220,spf,2026-01-24T18:39:01,1,Synthetic / Demo Data,2026-01-24T00:00:00
208,163,37,1221,toner,2026-02-10T17:32:36,1,Synthetic / Demo Data,2026-02-10T00:00:00
209,168,17,1263,cleansing,2026-02-01T13:55:21,0,Synthetic / Demo Data,2026-02-01T00:00:00
210,170,92,1264,moisturizer,2026-02-08T00:18:23,1,Synthetic / Demo Data,2026-02-08T00:00:00
211,170,9,1266,cleansing,2026-02-08T00:38:43,1,Synthetic / Demo Data,2026-02-08T00:00:00
212,171,4,1280,cleansing,2026-05-23T13:38:45,1,Synthetic / Demo Data,2026-05-23T00:00:00
213,171,81,1282,moisturizer,2026-05-23T14:36:09,1,Synthetic / Demo Data,2026-05-23T00:00:00
214,173,78,1298,moisturizer,2026-07-04T03:59:19,1,Synthetic / Demo Data,2026-07-04T00:00:00
215,173,48,1302,toner,2026-07-06T18:45:20,1,Synthetic / Demo Data,2026-07-06T00:00:00
216,174,21,1309,cleansing,2026-07-12T21:09:05,1,Synthetic / Demo Data,2026-07-12T00:00:00
217,175,89,1312,moisturizer,2026-07-22T06:40:16,1,Synthetic / Demo Data,2026-07-22T00:00:00
218,175,120,1313,spf,2026-07-22T06:53:00,0,Synthetic / Demo Data,2026-07-22T00:00:00
219,175,69,1314,active,2026-07-22T02:23:38,1,Synthetic / Demo Data,2026-07-22T00:00:00
220,176,12,1321,cleansing,2026-05-02T22:30:06,1,Synthetic / Demo Data,2026-05-02T00:00:00
221,177,8,1337,cleansing,2026-02-11T03:37:59,1,Synthetic / Demo Data,2026-02-11T00:00:00
222,177,87,1338,moisturizer,2026-02-11T05:56:47,1,Synthetic / Demo Data,2026-02-11T00:00:00
223,180,116,1350,spf,2026-02-13T15:29:08,0,Synthetic / Demo Data,2026-02-13T00:00:00
224,180,22,1351,cleansing,2026-02-13T13:54:27,1,Synthetic / Demo Data,2026-02-13T00:00:00
225,180,34,1352,toner,2026-02-13T11:23:41,1,Synthetic / Demo Data,2026-02-13T00:00:00
226,180,61,1356,active,2026-02-14T08:52:58,1,Synthetic / Demo Data,2026-02-14T00:00:00
227,180,1,1360,cleansing,2026-02-14T18:54:21,1,Synthetic / Demo Data,2026-02-14T00:00:00
228,180,24,1364,cleansing,2026-02-17T04:13:16,1,Synthetic / Demo Data,2026-02-17T00:00:00
229,181,64,1365,active,2026-03-10T21:25:46,1,Synthetic / Demo Data,2026-03-10T00:00:00
230,181,111,1367,spf,2026-03-11T01:25:19,1,Synthetic / Demo Data,2026-03-11T00:00:00
231,181,116,1370,spf,2026-03-21T21:40:38,1,Synthetic / Demo Data,2026-03-21T00:00:00
232,181,12,1373,cleansing,2026-03-22T02:23:49,1,Synthetic / Demo Data,2026-03-22T00:00:00
233,181,4,1374,cleansing,2026-03-22T02:09:56,1,Synthetic / Demo Data,2026-03-22T00:00:00
234,182,108,1382,spf,2026-03-16T04:04:18,1,Synthetic / Demo Data,2026-03-16T00:00:00
235,182,100,1383,spf,2026-03-16T05:02:01,1,Synthetic / Demo Data,2026-03-16T00:00:00
236,182,37,1385,toner,2026-03-29T22:45:03,1,Synthetic / Demo Data,2026-03-29T00:00:00
237,182,97,1386,spf,2026-03-29T19:18:49,1,Synthetic / Demo Data,2026-03-29T00:00:00
238,182,11,1388,cleansing,2026-03-29T18:00:33,1,Synthetic / Demo Data,2026-03-29T00:00:00
239,182,18,1390,cleansing,2026-03-30T09:46:10,1,Synthetic / Demo Data,2026-03-30T00:00:00
240,183,63,1391,active,2026-02-23T07:02:04,1,Synthetic / Demo Data,2026-02-23T00:00:00
241,183,7,1401,cleansing,2026-03-11T09:32:57,1,Synthetic / Demo Data,2026-03-11T00:00:00
242,186,110,1415,spf,2026-04-09T04:53:45,0,Synthetic / Demo Data,2026-04-09T00:00:00
243,186,44,1424,toner,2026-04-21T23:44:55,0,Synthetic / Demo Data,2026-04-21T00:00:00
244,187,70,1433,active,2026-02-10T21:00:01,0,Synthetic / Demo Data,2026-02-10T00:00:00
245,188,7,1442,cleansing,2026-02-19T01:37:02,1,Synthetic / Demo Data,2026-02-19T00:00:00
246,188,16,1447,cleansing,2026-02-22T05:12:39,1,Synthetic / Demo Data,2026-02-22T00:00:00
247,188,105,1448,spf,2026-02-22T02:44:47,1,Synthetic / Demo Data,2026-02-22T00:00:00
248,189,15,1453,cleansing,2026-05-23T22:03:28,1,Synthetic / Demo Data,2026-05-23T00:00:00
249,189,17,1454,cleansing,2026-05-30T16:54:47,1,Synthetic / Demo Data,2026-05-30T00:00:00
250,189,75,1460,moisturizer,2026-06-04T13:09:02,1,Synthetic / Demo Data,2026-06-04T00:00:00
251,190,10,1463,cleansing,2026-05-11T02:25:50,0,Synthetic / Demo Data,2026-05-11T00:00:00
252,191,77,1469,moisturizer,2026-05-23T09:32:05,1,Synthetic / Demo Data,2026-05-23T00:00:00
253,194,34,1482,toner,2026-08-04T23:44:33,1,Synthetic / Demo Data,2026-08-04T00:00:00
254,195,108,1485,spf,2026-07-24T09:31:30,1,Synthetic / Demo Data,2026-07-24T00:00:00
255,195,7,1492,cleansing,2026-08-05T08:22:51,1,Synthetic / Demo Data,2026-08-05T00:00:00
256,195,12,1493,cleansing,2026-08-05T09:31:23,1,Synthetic / Demo Data,2026-08-05T00:00:00
257,195,65,1496,active,2026-08-06T08:00:14,1,Synthetic / Demo Data,2026-08-06T00:00:00
258,197,17,1501,cleansing,2026-02-01T01:06:31,1,Synthetic / Demo Data,2026-02-01T00:00:00
259,198,61,1508,active,2026-07-22T00:09:41,1,Synthetic / Demo Data,2026-07-22T00:00:00
260,201,10,1515,cleansing,2026-05-02T22:30:05,1,Synthetic / Demo Data,2026-05-02T00:00:00
261,201,112,1526,spf,2026-05-13T07:31:37,1,Synthetic / Demo Data,2026-05-13T00:00:00
262,202,17,1529,cleansing,2026-05-15T23:13:01,0,Synthetic / Demo Data,2026-05-15T00:00:00
263,202,55,1530,active,2026-05-15T20:34:04,0,Synthetic / Demo Data,2026-05-15T00:00:00
264,202,90,1531,moisturizer,2026-05-15T21:27:20,1,Synthetic / Demo Data,2026-05-15T00:00:00
265,202,10,1533,cleansing,2026-06-01T00:16:46,1,Synthetic / Demo Data,2026-06-01T00:00:00
266,203,17,1536,cleansing,2026-09-02T09:18:09,1,Synthetic / Demo Data,2026-09-02T00:00:00
267,203,18,1545,cleansing,2026-09-07T02:18:17,1,Synthetic / Demo Data,2026-09-07T00:00:00
268,205,34,1554,toner,2026-07-13T05:25:40,0,Synthetic / Demo Data,2026-07-13T00:00:00
269,206,1,1556,cleansing,2026-05-29T23:46:53,1,Synthetic / Demo Data,2026-05-29T00:00:00
270,206,72,1561,active,2026-06-07T21:14:07,1,Synthetic / Demo Data,2026-06-07T00:00:00
271,206,106,1563,spf,2026-06-08T04:25:29,0,Synthetic / Demo Data,2026-06-08T00:00:00
272,206,97,1564,spf,2026-06-07T23:26:16,1,Synthetic / Demo Data,2026-06-07T00:00:00
273,206,50,1565,active,2026-06-07T19:32:48,0,Synthetic / Demo Data,2026-06-07T00:00:00
274,207,65,1574,active,2026-01-03T04:22:34,1,Synthetic / Demo Data,2026-01-03T00:00:00
275,207,25,1575,toner,2026-01-19T18:19:58,1,Synthetic / Demo Data,2026-01-19T00:00:00
276,207,112,1577,spf,2026-01-19T20:05:51,1,Synthetic / Demo Data,2026-01-19T00:00:00
277,207,86,1579,moisturizer,2026-01-19T21:29:29,1,Synthetic / Demo Data,2026-01-19T00:00:00
278,207,2,1582,cleansing,2026-01-24T08:52:31,1,Synthetic / Demo Data,2026-01-24T00:00:00
279,209,80,1595,moisturizer,2026-08-27T12:13:31,1,Synthetic / Demo Data,2026-08-27T00:00:00
280,210,9,1608,cleansing,2026-07-02T22:14:26,1,Synthetic / Demo Data,2026-07-02T00:00:00
281,210,7,1609,cleansing,2026-07-02T19:35:00,1,Synthetic / Demo Data,2026-07-02T00:00:00
282,212,81,1613,moisturizer,2026-02-18T17:09:01,1,Synthetic / Demo Data,2026-02-18T00:00:00
283,213,40,1624,toner,2026-07-24T12:22:37,1,Synthetic / Demo Data,2026-07-24T00:00:00
284,217,116,1636,spf,2026-08-14T01:29:56,1,Synthetic / Demo Data,2026-08-14T00:00:00
285,217,32,1638,toner,2026-08-14T23:51:29,1,Synthetic / Demo Data,2026-08-14T00:00:00
286,220,111,1649,spf,2026-05-15T11:22:40,1,Synthetic / Demo Data,2026-05-15T00:00:00
287,222,106,1650,spf,2026-02-10T10:00:09,0,Synthetic / Demo Data,2026-02-10T00:00:00
288,222,88,1652,moisturizer,2026-02-10T16:34:05,1,Synthetic / Demo Data,2026-02-10T00:00:00
289,224,46,1673,toner,2026-02-24T03:21:29,1,Synthetic / Demo Data,2026-02-24T00:00:00
290,224,80,1674,moisturizer,2026-02-24T04:05:32,1,Synthetic / Demo Data,2026-02-24T00:00:00
291,224,7,1675,cleansing,2026-02-24T02:22:18,1,Synthetic / Demo Data,2026-02-24T00:00:00
292,230,90,1686,moisturizer,2026-03-01T05:50:19,1,Synthetic / Demo Data,2026-03-01T00:00:00
293,230,63,1691,active,2026-03-03T23:07:46,1,Synthetic / Demo Data,2026-03-03T00:00:00
294,232,10,1713,cleansing,2026-04-12T18:46:31,1,Synthetic / Demo Data,2026-04-12T00:00:00
295,232,115,1719,spf,2026-04-15T00:42:57,1,Synthetic / Demo Data,2026-04-15T00:00:00
296,233,111,1726,spf,2026-02-21T14:11:23,1,Synthetic / Demo Data,2026-02-21T00:00:00
297,233,12,1727,cleansing,2026-02-21T11:16:45,1,Synthetic / Demo Data,2026-02-21T00:00:00
298,234,111,1734,spf,2026-05-21T08:12:07,1,Synthetic / Demo Data,2026-05-21T00:00:00
299,234,110,1744,spf,2026-06-10T13:41:04,1,Synthetic / Demo Data,2026-06-10T00:00:00
300,235,3,1750,cleansing,2026-08-20T19:23:32,1,Synthetic / Demo Data,2026-08-20T00:00:00
301,235,116,1751,spf,2026-08-20T19:48:28,1,Synthetic / Demo Data,2026-08-20T00:00:00
302,237,9,1767,cleansing,2026-04-06T21:53:24,1,Synthetic / Demo Data,2026-04-06T00:00:00
303,238,82,1780,moisturizer,2026-04-10T15:38:40,1,Synthetic / Demo Data,2026-04-10T00:00:00
304,238,116,1787,spf,2026-04-15T05:58:55,1,Synthetic / Demo Data,2026-04-15T00:00:00
305,238,106,1788,spf,2026-04-15T04:54:58,1,Synthetic / Demo Data,2026-04-15T00:00:00
306,241,115,1798,spf,2026-07-05T19:48:01,1,Synthetic / Demo Data,2026-07-05T00:00:00
307,241,27,1803,toner,2026-07-06T22:46:04,1,Synthetic / Demo Data,2026-07-06T00:00:00
308,241,16,1805,cleansing,2026-07-06T22:01:00,1,Synthetic / Demo Data,2026-07-06T00:00:00
309,243,89,1809,moisturizer,2026-03-07T16:07:33,1,Synthetic / Demo Data,2026-03-07T00:00:00
310,243,29,1812,toner,2026-03-13T06:29:18,1,Synthetic / Demo Data,2026-03-13T00:00:00
311,243,1,1816,cleansing,2026-03-13T07:34:42,1,Synthetic / Demo Data,2026-03-13T00:00:00
312,244,66,1824,active,2026-03-31T02:05:18,1,Synthetic / Demo Data,2026-03-31T00:00:00
313,246,116,1844,spf,2026-07-30T11:50:23,1,Synthetic / Demo Data,2026-07-30T00:00:00
314,247,120,1852,spf,2026-03-01T19:29:50,1,Synthetic / Demo Data,2026-03-01T00:00:00
315,247,97,1855,spf,2026-03-02T01:53:58,1,Synthetic / Demo Data,2026-03-02T00:00:00
316,247,17,1859,cleansing,2026-03-16T08:39:00,1,Synthetic / Demo Data,2026-03-16T00:00:00
317,247,82,1862,moisturizer,2026-03-17T20:19:57,1,Synthetic / Demo Data,2026-03-17T00:00:00
318,249,82,1867,moisturizer,2026-02-14T10:50:31,1,Synthetic / Demo Data,2026-02-14T00:00:00
319,249,116,1872,spf,2026-02-17T23:26:46,1,Synthetic / Demo Data,2026-02-17T00:00:00
320,250,11,1879,cleansing,2026-02-26T18:06:51,1,Synthetic / Demo Data,2026-02-26T00:00:00
321,254,116,1898,spf,2026-05-06T03:15:30,1,Synthetic / Demo Data,2026-05-06T00:00:00
322,255,61,1900,active,2026-07-13T06:43:50,1,Synthetic / Demo Data,2026-07-13T00:00:00
323,255,40,1901,toner,2026-07-13T07:34:05,1,Synthetic / Demo Data,2026-07-13T00:00:00
324,255,24,1911,cleansing,2026-07-30T16:46:38,1,Synthetic / Demo Data,2026-07-30T00:00:00
325,257,5,1925,cleansing,2026-06-09T09:21:19,1,Synthetic / Demo Data,2026-06-09T00:00:00
326,258,61,1938,active,2026-08-22T02:21:10,1,Synthetic / Demo Data,2026-08-22T00:00:00
327,258,19,1940,cleansing,2026-08-22T10:42:58,1,Synthetic / Demo Data,2026-08-22T00:00:00
328,258,21,1941,cleansing,2026-08-22T09:00:49,1,Synthetic / Demo Data,2026-08-22T00:00:00
329,260,82,1948,moisturizer,2026-02-16T11:54:34,1,Synthetic / Demo Data,2026-02-16T00:00:00
330,264,106,1974,spf,2026-09-02T13:57:12,1,Synthetic / Demo Data,2026-09-02T00:00:00
331,264,21,1976,cleansing,2026-09-02T14:46:42,0,Synthetic / Demo Data,2026-09-02T00:00:00
332,264,82,1977,moisturizer,2026-09-03T22:04:20,1,Synthetic / Demo Data,2026-09-03T00:00:00
333,264,116,1978,spf,2026-09-03T21:09:48,1,Synthetic / Demo Data,2026-09-03T00:00:00
334,265,112,1990,spf,2026-04-27T18:57:57,1,Synthetic / Demo Data,2026-04-27T00:00:00
335,265,106,1992,spf,2026-04-28T00:18:30,1,Synthetic / Demo Data,2026-04-28T00:00:00
336,265,10,1996,cleansing,2026-05-03T22:57:12,1,Synthetic / Demo Data,2026-05-03T00:00:00
337,266,116,2001,spf,2026-05-21T17:07:57,1,Synthetic / Demo Data,2026-05-21T00:00:00
338,266,73,2004,moisturizer,2026-05-21T14:32:26,1,Synthetic / Demo Data,2026-05-21T00:00:00
339,266,106,2007,spf,2026-05-28T05:07:43,1,Synthetic / Demo Data,2026-05-28T00:00:00
340,266,92,2009,moisturizer,2026-05-28T07:46:39,1,Synthetic / Demo Data,2026-05-28T00:00:00
341,266,74,2010,moisturizer,2026-05-28T06:35:43,0,Synthetic / Demo Data,2026-05-28T00:00:00
342,266,6,2011,cleansing,2026-06-05T04:28:15,1,Synthetic / Demo Data,2026-06-05T00:00:00
343,266,15,2012,cleansing,2026-06-05T11:29:44,1,Synthetic / Demo Data,2026-06-05T00:00:00
344,268,116,2014,spf,2026-06-26T21:12:15,0,Synthetic / Demo Data,2026-06-26T00:00:00
345,268,78,2016,moisturizer,2026-06-26T20:01:57,1,Synthetic / Demo Data,2026-06-26T00:00:00
346,271,103,2038,spf,2026-04-04T05:05:12,1,Synthetic / Demo Data,2026-04-04T00:00:00
347,271,90,2041,moisturizer,2026-04-17T10:26:04,1,Synthetic / Demo Data,2026-04-17T00:00:00
348,273,88,2045,moisturizer,2026-01-26T06:39:06,1,Synthetic / Demo Data,2026-01-26T00:00:00
349,274,24,2052,cleansing,2026-05-20T17:51:50,1,Synthetic / Demo Data,2026-05-20T00:00:00
350,275,17,2066,cleansing,2026-03-19T11:36:47,1,Synthetic / Demo Data,2026-03-19T00:00:00
351,276,74,2076,moisturizer,2026-05-27T16:52:07,1,Synthetic / Demo Data,2026-05-27T00:00:00
352,277,20,2086,cleansing,2026-02-25T05:04:14,1,Synthetic / Demo Data,2026-02-25T00:00:00
353,278,27,2089,toner,2026-05-11T02:33:58,1,Synthetic / Demo Data,2026-05-11T00:00:00
354,278,74,2094,moisturizer,2026-05-24T16:24:54,1,Synthetic / Demo Data,2026-05-24T00:00:00
355,279,13,2100,cleansing,2026-04-15T08:59:51,1,Synthetic / Demo Data,2026-04-15T00:00:00
356,279,58,2101,active,2026-04-15T07:14:36,1,Synthetic / Demo Data,2026-04-15T00:00:00
357,279,21,2102,cleansing,2026-04-27T08:31:31,0,Synthetic / Demo Data,2026-04-27T00:00:00
358,280,17,2115,cleansing,2026-02-10T22:28:08,1,Synthetic / Demo Data,2026-02-10T00:00:00
359,281,116,2125,spf,2026-02-22T14:10:57,0,Synthetic / Demo Data,2026-02-22T00:00:00
360,282,41,2128,toner,2026-08-08T19:24:43,1,Synthetic / Demo Data,2026-08-08T00:00:00
361,282,74,2129,moisturizer,2026-08-08T17:27:56,1,Synthetic / Demo Data,2026-08-08T00:00:00
362,282,36,2133,toner,2026-08-10T15:26:48,1,Synthetic / Demo Data,2026-08-10T00:00:00
363,284,81,2145,moisturizer,2026-01-22T11:11:13,1,Synthetic / Demo Data,2026-01-22T00:00:00
364,287,106,2165,spf,2026-07-10T07:59:33,0,Synthetic / Demo Data,2026-07-10T00:00:00
365,287,34,2166,toner,2026-07-10T07:23:20,1,Synthetic / Demo Data,2026-07-10T00:00:00
366,287,72,2168,active,2026-07-10T10:55:55,1,Synthetic / Demo Data,2026-07-10T00:00:00
367,287,116,2170,spf,2026-07-11T01:34:25,1,Synthetic / Demo Data,2026-07-11T00:00:00
368,289,116,2177,spf,2026-05-25T18:02:19,1,Synthetic / Demo Data,2026-05-25T00:00:00
369,290,40,2179,toner,2026-04-23T17:52:08,1,Synthetic / Demo Data,2026-04-23T00:00:00
370,290,25,2190,toner,2026-05-04T20:59:26,1,Synthetic / Demo Data,2026-05-04T00:00:00
371,291,104,2192,spf,2026-05-13T13:12:17,1,Synthetic / Demo Data,2026-05-13T00:00:00
372,294,82,2209,moisturizer,2026-04-28T13:20:16,1,Synthetic / Demo Data,2026-04-28T00:00:00
373,295,68,2212,active,2026-07-07T02:17:26,1,Synthetic / Demo Data,2026-07-07T00:00:00
374,296,82,2224,moisturizer,2026-02-23T06:34:03,1,Synthetic / Demo Data,2026-02-23T00:00:00
375,296,22,2228,cleansing,2026-02-23T07:20:18,1,Synthetic / Demo Data,2026-02-23T00:00:00
376,297,72,2237,active,2026-03-15T21:29:39,1,Synthetic / Demo Data,2026-03-15T00:00:00
377,297,7,2238,cleansing,2026-03-15T19:23:04,1,Synthetic / Demo Data,2026-03-15T00:00:00
378,298,4,2242,cleansing,2026-07-21T07:10:48,1,Synthetic / Demo Data,2026-07-21T00:00:00
379,299,79,2249,moisturizer,2026-05-02T10:52:02,1,Synthetic / Demo Data,2026-05-02T00:00:00
380,299,21,2250,cleansing,2026-05-02T09:31:10,1,Synthetic / Demo Data,2026-05-02T00:00:00
381,299,25,2255,toner,2026-05-03T09:46:40,1,Synthetic / Demo Data,2026-05-03T00:00:00
382,300,116,2259,spf,2026-03-05T11:54:41,1,Synthetic / Demo Data,2026-03-05T00:00:00
383,301,27,2266,toner,2026-01-17T00:43:34,1,Synthetic / Demo Data,2026-01-17T00:00:00
384,301,70,2272,active,2026-01-18T09:54:48,1,Synthetic / Demo Data,2026-01-18T00:00:00
385,301,106,2275,spf,2026-01-18T14:59:27,1,Synthetic / Demo Data,2026-01-18T00:00:00
386,303,2,2288,cleansing,2026-08-08T10:25:50,1,Synthetic / Demo Data,2026-08-08T00:00:00
387,303,27,2290,toner,2026-08-08T08:24:48,1,Synthetic / Demo Data,2026-08-08T00:00:00
388,305,100,2306,spf,2026-01-12T08:49:24,1,Synthetic / Demo Data,2026-01-12T00:00:00
389,305,7,2307,cleansing,2026-01-12T05:23:22,1,Synthetic / Demo Data,2026-01-12T00:00:00
390,307,112,2316,spf,2026-04-01T05:24:33,1,Synthetic / Demo Data,2026-04-01T00:00:00
391,307,109,2322,spf,2026-04-07T21:06:26,1,Synthetic / Demo Data,2026-04-07T00:00:00
392,307,78,2324,moisturizer,2026-04-07T23:00:13,1,Synthetic / Demo Data,2026-04-07T00:00:00
393,309,27,2344,toner,2026-06-29T23:42:27,1,Synthetic / Demo Data,2026-06-29T00:00:00
394,309,40,2345,toner,2026-06-29T22:23:09,0,Synthetic / Demo Data,2026-06-29T00:00:00
395,309,90,2347,moisturizer,2026-06-29T22:48:48,1,Synthetic / Demo Data,2026-06-29T00:00:00
396,310,94,2352,moisturizer,2026-08-24T05:54:42,1,Synthetic / Demo Data,2026-08-24T00:00:00
397,310,63,2355,active,2026-08-24T06:46:56,1,Synthetic / Demo Data,2026-08-24T00:00:00
398,310,55,2358,active,2026-08-26T02:29:30,1,Synthetic / Demo Data,2026-08-26T00:00:00
399,310,116,2359,spf,2026-08-26T04:25:43,1,Synthetic / Demo Data,2026-08-26T00:00:00
400,310,31,2362,toner,2026-09-02T11:28:33,1,Synthetic / Demo Data,2026-09-02T00:00:00
401,310,39,2366,toner,2026-09-15T19:26:28,1,Synthetic / Demo Data,2026-09-15T00:00:00
402,312,63,2368,active,2026-04-08T14:02:40,1,Synthetic / Demo Data,2026-04-08T00:00:00
403,313,83,2378,moisturizer,2026-05-04T13:04:23,1,Synthetic / Demo Data,2026-05-04T00:00:00
404,313,1,2383,cleansing,2026-05-05T11:40:25,1,Synthetic / Demo Data,2026-05-05T00:00:00
405,315,63,2405,active,2026-02-13T10:44:44,1,Synthetic / Demo Data,2026-02-13T00:00:00
406,315,15,2406,cleansing,2026-02-13T12:37:16,1,Synthetic / Demo Data,2026-02-13T00:00:00
407,316,116,2410,spf,2026-08-20T17:13:38,1,Synthetic / Demo Data,2026-08-20T00:00:00
408,316,67,2411,active,2026-08-20T19:16:34,1,Synthetic / Demo Data,2026-08-20T00:00:00
409,317,74,2425,moisturizer,2026-03-25T03:31:05,0,Synthetic / Demo Data,2026-03-25T00:00:00
410,317,105,2428,spf,2026-03-25T03:44:02,1,Synthetic / Demo Data,2026-03-25T00:00:00
411,319,96,2433,moisturizer,2026-07-07T07:19:40,1,Synthetic / Demo Data,2026-07-07T00:00:00
412,319,107,2434,spf,2026-07-07T05:22:28,1,Synthetic / Demo Data,2026-07-07T00:00:00
413,320,88,2437,moisturizer,2026-07-26T01:50:21,1,Synthetic / Demo Data,2026-07-26T00:00:00
414,320,112,2443,spf,2026-08-02T13:19:36,1,Synthetic / Demo Data,2026-08-02T00:00:00
415,320,21,2444,cleansing,2026-08-02T12:45:29,1,Synthetic / Demo Data,2026-08-02T00:00:00
416,323,21,2457,cleansing,2026-04-28T21:49:20,1,Synthetic / Demo Data,2026-04-28T00:00:00
417,323,116,2464,spf,2026-05-16T09:54:33,1,Synthetic / Demo Data,2026-05-16T00:00:00
418,324,17,2467,cleansing,2026-03-21T21:05:08,1,Synthetic / Demo Data,2026-03-21T00:00:00
419,326,90,2485,moisturizer,2026-04-23T23:42:12,0,Synthetic / Demo Data,2026-04-23T00:00:00
420,327,27,2499,toner,2026-03-30T14:04:29,1,Synthetic / Demo Data,2026-03-30T00:00:00
421,330,77,2507,moisturizer,2026-03-11T07:39:28,1,Synthetic / Demo Data,2026-03-11T00:00:00
422,330,63,2508,active,2026-03-11T02:13:26,1,Synthetic / Demo Data,2026-03-11T00:00:00
423,330,90,2511,moisturizer,2026-03-11T05:11:55,1,Synthetic / Demo Data,2026-03-11T00:00:00
424,332,51,2518,active,2026-05-13T07:22:02,1,Synthetic / Demo Data,2026-05-13T00:00:00
425,333,81,2529,moisturizer,2026-06-04T02:06:38,1,Synthetic / Demo Data,2026-06-04T00:00:00
426,334,77,2542,moisturizer,2026-05-12T16:27:42,1,Synthetic / Demo Data,2026-05-12T00:00:00
427,335,104,2545,spf,2026-01-14T01:32:43,1,Synthetic / Demo Data,2026-01-14T00:00:00
428,335,34,2548,toner,2026-01-28T03:52:12,0,Synthetic / Demo Data,2026-01-28T00:00:00
429,336,97,2551,spf,2026-02-21T14:44:59,1,Synthetic / Demo Data,2026-02-21T00:00:00
430,339,82,2569,moisturizer,2026-09-05T07:28:06,1,Synthetic / Demo Data,2026-09-05T00:00:00
431,344,83,2580,moisturizer,2026-07-19T14:52:49,1,Synthetic / Demo Data,2026-07-19T00:00:00
432,345,81,2585,moisturizer,2026-03-29T01:39:19,1,Synthetic / Demo Data,2026-03-29T00:00:00
433,345,116,2591,spf,2026-04-01T00:17:40,1,Synthetic / Demo Data,2026-04-01T00:00:00
434,345,74,2592,moisturizer,2026-04-01T02:49:42,1,Synthetic / Demo Data,2026-04-01T00:00:00
435,345,29,2594,toner,2026-04-01T02:03:52,1,Synthetic / Demo Data,2026-04-01T00:00:00
436,345,46,2596,toner,2026-04-14T02:12:04,1,Synthetic / Demo Data,2026-04-14T00:00:00
437,347,94,2609,moisturizer,2026-06-10T01:08:04,1,Synthetic / Demo Data,2026-06-10T00:00:00
438,347,14,2614,cleansing,2026-06-16T15:02:32,1,Synthetic / Demo Data,2026-06-16T00:00:00
439,347,99,2617,spf,2026-06-16T16:49:21,1,Synthetic / Demo Data,2026-06-16T00:00:00
440,349,105,2625,spf,2026-01-13T05:47:14,1,Synthetic / Demo Data,2026-01-13T00:00:00
441,350,77,2630,moisturizer,2026-04-23T09:50:27,1,Synthetic / Demo Data,2026-04-23T00:00:00
442,350,10,2636,cleansing,2026-05-02T06:55:16,1,Synthetic / Demo Data,2026-05-02T00:00:00
443,350,36,2637,toner,2026-05-02T10:07:05,1,Synthetic / Demo Data,2026-05-02T00:00:00
444,351,28,2649,toner,2026-06-04T04:10:56,1,Synthetic / Demo Data,2026-06-04T00:00:00
445,352,94,2654,moisturizer,2026-05-10T13:07:14,1,Synthetic / Demo Data,2026-05-10T00:00:00
446,352,66,2656,active,2026-06-02T01:28:06,1,Synthetic / Demo Data,2026-06-02T00:00:00
447,352,6,2657,cleansing,2026-06-01T20:35:53,1,Synthetic / Demo Data,2026-06-01T00:00:00
448,353,74,2662,moisturizer,2026-02-22T19:24:38,0,Synthetic / Demo Data,2026-02-22T00:00:00
449,353,17,2663,cleansing,2026-02-22T19:23:45,1,Synthetic / Demo Data,2026-02-22T00:00:00
450,353,34,2667,toner,2026-03-04T23:25:01,1,Synthetic / Demo Data,2026-03-04T00:00:00
451,353,10,2669,cleansing,2026-03-04T22:19:27,1,Synthetic / Demo Data,2026-03-04T00:00:00
452,353,28,2670,toner,2026-03-05T05:38:24,1,Synthetic / Demo Data,2026-03-05T00:00:00
453,353,27,2672,toner,2026-03-05T09:37:57,1,Synthetic / Demo Data,2026-03-05T00:00:00
454,353,40,2673,toner,2026-03-05T06:55:15,0,Synthetic / Demo Data,2026-03-05T00:00:00
455,355,38,2682,toner,2026-08-07T14:58:42,1,Synthetic / Demo Data,2026-08-07T00:00:00
456,355,56,2684,active,2026-08-07T13:55:54,1,Synthetic / Demo Data,2026-08-07T00:00:00
457,355,83,2685,moisturizer,2026-08-07T17:04:19,1,Synthetic / Demo Data,2026-08-07T00:00:00
458,355,7,2686,cleansing,2026-08-07T15:48:35,1,Synthetic / Demo Data,2026-08-07T00:00:00
459,357,86,2694,moisturizer,2026-04-06T04:44:08,1,Synthetic / Demo Data,2026-04-06T00:00:00
460,357,40,2700,toner,2026-04-11T18:55:20,1,Synthetic / Demo Data,2026-04-11T00:00:00
461,357,16,2701,cleansing,2026-04-11T21:16:57,1,Synthetic / Demo Data,2026-04-11T00:00:00
462,358,40,2707,toner,2026-05-18T08:47:45,1,Synthetic / Demo Data,2026-05-18T00:00:00
463,358,72,2708,active,2026-05-18T06:42:57,1,Synthetic / Demo Data,2026-05-18T00:00:00
464,358,13,2709,cleansing,2026-05-18T05:52:42,1,Synthetic / Demo Data,2026-05-18T00:00:00
465,359,74,2717,moisturizer,2026-04-30T14:26:44,1,Synthetic / Demo Data,2026-04-30T00:00:00
466,363,21,2729,cleansing,2026-08-14T04:55:34,1,Synthetic / Demo Data,2026-08-14T00:00:00
467,365,106,2742,spf,2026-08-11T21:46:46,1,Synthetic / Demo Data,2026-08-11T00:00:00
468,365,115,2749,spf,2026-08-14T01:56:47,1,Synthetic / Demo Data,2026-08-14T00:00:00
469,365,16,2750,cleansing,2026-08-25T15:46:54,1,Synthetic / Demo Data,2026-08-25T00:00:00
470,367,109,2767,spf,2026-08-18T05:06:16,1,Synthetic / Demo Data,2026-08-18T00:00:00
471,367,14,2768,cleansing,2026-08-18T07:10:09,1,Synthetic / Demo Data,2026-08-18T00:00:00
472,369,116,2772,spf,2026-09-02T00:56:06,1,Synthetic / Demo Data,2026-09-02T00:00:00
473,369,112,2777,spf,2026-09-04T06:11:53,1,Synthetic / Demo Data,2026-09-04T00:00:00
474,370,51,2782,active,2026-06-13T08:33:18,1,Synthetic / Demo Data,2026-06-13T00:00:00
475,370,21,2787,cleansing,2026-06-16T02:43:10,1,Synthetic / Demo Data,2026-06-16T00:00:00
476,370,87,2791,moisturizer,2026-06-16T05:41:24,0,Synthetic / Demo Data,2026-06-16T00:00:00
477,371,62,2801,active,2026-05-13T20:41:52,1,Synthetic / Demo Data,2026-05-13T00:00:00
478,374,27,2813,toner,2026-05-17T08:48:16,1,Synthetic / Demo Data,2026-05-17T00:00:00
479,374,26,2814,toner,2026-05-17T06:35:13,1,Synthetic / Demo Data,2026-05-17T00:00:00
480,374,10,2815,cleansing,2026-05-17T10:14:16,1,Synthetic / Demo Data,2026-05-17T00:00:00
481,375,82,2823,moisturizer,2026-04-27T21:17:39,1,Synthetic / Demo Data,2026-04-27T00:00:00
482,375,55,2825,active,2026-04-27T19:41:17,1,Synthetic / Demo Data,2026-04-27T00:00:00
483,375,110,2826,spf,2026-05-04T07:00:35,1,Synthetic / Demo Data,2026-05-04T00:00:00
484,375,2,2827,cleansing,2026-05-04T08:46:49,1,Synthetic / Demo Data,2026-05-04T00:00:00
485,375,67,2828,active,2026-05-04T09:35:25,0,Synthetic / Demo Data,2026-05-04T00:00:00
486,375,21,2829,cleansing,2026-05-04T10:14:34,1,Synthetic / Demo Data,2026-05-04T00:00:00
487,376,116,2846,spf,2026-02-16T04:14:36,1,Synthetic / Demo Data,2026-02-16T00:00:00
488,379,54,2856,active,2026-07-20T15:39:37,1,Synthetic / Demo Data,2026-07-20T00:00:00
489,379,10,2863,cleansing,2026-07-27T02:58:09,1,Synthetic / Demo Data,2026-07-27T00:00:00
490,379,89,2866,moisturizer,2026-07-28T06:42:04,1,Synthetic / Demo Data,2026-07-28T00:00:00
491,380,118,2873,spf,2026-05-15T12:33:20,1,Synthetic / Demo Data,2026-05-15T00:00:00
492,382,21,2878,cleansing,2026-04-03T08:44:33,1,Synthetic / Demo Data,2026-04-03T00:00:00
493,383,82,2883,moisturizer,2026-09-07T17:53:06,1,Synthetic / Demo Data,2026-09-07T00:00:00
494,383,66,2888,active,2026-09-08T02:16:44,0,Synthetic / Demo Data,2026-09-08T00:00:00
495,385,116,2903,spf,2026-04-01T02:04:18,1,Synthetic / Demo Data,2026-04-01T00:00:00
496,387,14,2921,cleansing,2026-03-25T05:46:23,1,Synthetic / Demo Data,2026-03-25T00:00:00
497,388,25,2926,toner,2026-06-04T04:06:13,1,Synthetic / Demo Data,2026-06-04T00:00:00
498,388,89,2928,moisturizer,2026-06-04T05:15:38,1,Synthetic / Demo Data,2026-06-04T00:00:00
499,388,92,2929,moisturizer,2026-06-04T04:06:41,1,Synthetic / Demo Data,2026-06-04T00:00:00
500,388,63,2931,active,2026-06-16T04:15:01,1,Synthetic / Demo Data,2026-06-16T00:00:00
501,389,8,2940,cleansing,2026-04-25T13:38:14,1,Synthetic / Demo Data,2026-04-25T00:00:00
502,389,20,2943,cleansing,2026-04-25T14:30:55,1,Synthetic / Demo Data,2026-04-25T00:00:00
503,390,106,2945,spf,2026-03-15T00:09:13,1,Synthetic / Demo Data,2026-03-15T00:00:00
504,390,75,2948,moisturizer,2026-03-15T00:45:29,1,Synthetic / Demo Data,2026-03-15T00:00:00
505,391,116,2965,spf,2026-07-10T14:11:24,1,Synthetic / Demo Data,2026-07-10T00:00:00
506,393,32,2986,toner,2026-08-23T12:20:14,1,Synthetic / Demo Data,2026-08-23T00:00:00
507,394,56,2988,active,2026-06-28T07:57:34,1,Synthetic / Demo Data,2026-06-28T00:00:00
508,395,77,3001,moisturizer,2026-08-31T17:36:12,1,Synthetic / Demo Data,2026-08-31T00:00:00
509,395,39,3006,toner,2026-09-09T05:40:00,1,Synthetic / Demo Data,2026-09-09T00:00:00
510,396,31,3016,toner,2026-08-18T22:02:12,1,Synthetic / Demo Data,2026-08-18T00:00:00
511,398,86,3022,moisturizer,2026-08-08T08:11:19,1,Synthetic / Demo Data,2026-08-08T00:00:00
512,398,113,3028,spf,2026-08-11T17:19:25,1,Synthetic / Demo Data,2026-08-11T00:00:00
513,398,4,3029,cleansing,2026-08-11T17:49:19,1,Synthetic / Demo Data,2026-08-11T00:00:00
514,399,81,3037,moisturizer,2026-06-03T00:24:53,1,Synthetic / Demo Data,2026-06-03T00:00:00
515,399,9,3040,cleansing,2026-06-02T22:24:46,1,Synthetic / Demo Data,2026-06-02T00:00:00
516,400,106,3047,spf,2026-06-23T19:53:44,1,Synthetic / Demo Data,2026-06-23T00:00:00
517,401,73,3057,moisturizer,2026-04-06T20:45:47,1,Synthetic / Demo Data,2026-04-06T00:00:00
518,402,117,3065,spf,2026-06-24T12:45:31,1,Synthetic / Demo Data,2026-06-24T00:00:00
519,402,116,3067,spf,2026-06-24T13:02:21,1,Synthetic / Demo Data,2026-06-24T00:00:00
520,403,16,3079,cleansing,2026-04-11T11:03:47,1,Synthetic / Demo Data,2026-04-11T00:00:00
521,404,89,3080,moisturizer,2026-02-08T00:38:08,1,Synthetic / Demo Data,2026-02-08T00:00:00
522,404,60,3086,active,2026-02-08T11:08:30,1,Synthetic / Demo Data,2026-02-08T00:00:00
523,404,107,3087,spf,2026-02-08T14:46:18,1,Synthetic / Demo Data,2026-02-08T00:00:00
524,404,81,3089,moisturizer,2026-02-08T15:10:19,1,Synthetic / Demo Data,2026-02-08T00:00:00
525,407,75,3099,moisturizer,2026-03-08T12:55:08,1,Synthetic / Demo Data,2026-03-08T00:00:00
526,407,32,3104,toner,2026-03-14T16:56:16,1,Synthetic / Demo Data,2026-03-14T00:00:00
527,407,94,3105,moisturizer,2026-03-14T20:03:04,0,Synthetic / Demo Data,2026-03-14T00:00:00
528,407,81,3108,moisturizer,2026-03-14T23:26:47,1,Synthetic / Demo Data,2026-03-14T00:00:00
529,407,97,3110,spf,2026-03-15T09:09:07,1,Synthetic / Demo Data,2026-03-15T00:00:00
530,411,40,3134,toner,2026-05-25T07:07:38,1,Synthetic / Demo Data,2026-05-25T00:00:00
531,411,109,3135,spf,2026-05-24T23:31:04,1,Synthetic / Demo Data,2026-05-24T00:00:00
532,414,106,3154,spf,2026-08-27T15:18:41,1,Synthetic / Demo Data,2026-08-27T00:00:00
533,414,66,3160,active,2026-08-29T11:29:19,0,Synthetic / Demo Data,2026-08-29T00:00:00
534,414,7,3161,cleansing,2026-08-29T09:17:20,1,Synthetic / Demo Data,2026-08-29T00:00:00
535,414,82,3164,moisturizer,2026-09-02T19:08:21,1,Synthetic / Demo Data,2026-09-02T00:00:00
536,415,4,3170,cleansing,2026-05-19T10:05:33,1,Synthetic / Demo Data,2026-05-19T00:00:00
537,415,97,3171,spf,2026-05-22T20:59:20,0,Synthetic / Demo Data,2026-05-22T00:00:00
538,416,21,3183,cleansing,2026-06-01T03:16:27,1,Synthetic / Demo Data,2026-06-01T00:00:00
539,416,73,3184,moisturizer,2026-05-31T21:58:14,1,Synthetic / Demo Data,2026-05-31T00:00:00
540,416,5,3185,cleansing,2026-06-01T04:38:30,0,Synthetic / Demo Data,2026-06-01T00:00:00
541,416,1,3187,cleansing,2026-05-31T23:57:36,1,Synthetic / Demo Data,2026-05-31T00:00:00
542,416,40,3191,toner,2026-06-01T21:55:15,1,Synthetic / Demo Data,2026-06-01T00:00:00
543,416,55,3192,active,2026-06-02T02:43:31,1,Synthetic / Demo Data,2026-06-02T00:00:00
544,416,98,3194,spf,2026-06-11T16:11:46,1,Synthetic / Demo Data,2026-06-11T00:00:00
545,417,82,3197,moisturizer,2026-02-02T07:57:42,1,Synthetic / Demo Data,2026-02-02T00:00:00
546,417,81,3200,moisturizer,2026-02-02T04:57:52,1,Synthetic / Demo Data,2026-02-02T00:00:00
547,417,4,3203,cleansing,2026-02-09T10:04:29,0,Synthetic / Demo Data,2026-02-09T00:00:00
548,417,55,3204,active,2026-02-09T12:46:17,1,Synthetic / Demo Data,2026-02-09T00:00:00
549,419,100,3210,spf,2026-09-04T13:30:24,1,Synthetic / Demo Data,2026-09-04T00:00:00
550,419,29,3218,toner,2026-09-13T11:18:47,1,Synthetic / Demo Data,2026-09-13T00:00:00
551,420,18,3220,cleansing,2026-05-24T16:11:49,0,Synthetic / Demo Data,2026-05-24T00:00:00
552,420,69,3223,active,2026-05-24T15:27:08,1,Synthetic / Demo Data,2026-05-24T00:00:00
553,420,41,3226,toner,2026-05-28T03:27:29,1,Synthetic / Demo Data,2026-05-28T00:00:00
554,420,100,3227,spf,2026-05-28T06:38:35,0,Synthetic / Demo Data,2026-05-28T00:00:00
555,421,9,3236,cleansing,2026-08-19T09:11:43,1,Synthetic / Demo Data,2026-08-19T00:00:00
556,423,33,3240,toner,2026-04-02T16:24:02,1,Synthetic / Demo Data,2026-04-02T00:00:00
557,423,27,3243,toner,2026-04-02T17:27:40,1,Synthetic / Demo Data,2026-04-02T00:00:00
558,425,17,3264,cleansing,2026-08-27T04:12:00,1,Synthetic / Demo Data,2026-08-27T00:00:00
559,425,69,3265,active,2026-08-27T05:05:19,1,Synthetic / Demo Data,2026-08-27T00:00:00
560,429,2,3283,cleansing,2026-07-09T01:13:27,1,Synthetic / Demo Data,2026-07-09T00:00:00
561,431,24,3298,cleansing,2026-05-20T02:43:51,1,Synthetic / Demo Data,2026-05-20T00:00:00
562,431,1,3299,cleansing,2026-05-20T04:40:50,1,Synthetic / Demo Data,2026-05-20T00:00:00
563,432,32,3306,toner,2026-08-13T14:41:34,1,Synthetic / Demo Data,2026-08-13T00:00:00
564,432,80,3307,moisturizer,2026-08-13T09:22:58,1,Synthetic / Demo Data,2026-08-13T00:00:00
565,432,21,3309,cleansing,2026-08-13T08:41:24,1,Synthetic / Demo Data,2026-08-13T00:00:00
566,432,112,3311,spf,2026-08-15T19:55:34,1,Synthetic / Demo Data,2026-08-15T00:00:00
567,432,48,3314,toner,2026-08-15T20:19:01,1,Synthetic / Demo Data,2026-08-15T00:00:00
568,435,21,3328,cleansing,2026-01-17T01:23:18,1,Synthetic / Demo Data,2026-01-17T00:00:00
569,435,116,3332,spf,2026-01-23T05:58:50,1,Synthetic / Demo Data,2026-01-23T00:00:00
570,435,80,3334,moisturizer,2026-01-23T06:08:21,1,Synthetic / Demo Data,2026-01-23T00:00:00
571,437,25,3338,toner,2026-02-25T05:13:11,1,Synthetic / Demo Data,2026-02-25T00:00:00
572,437,81,3348,moisturizer,2026-03-07T17:18:29,1,Synthetic / Demo Data,2026-03-07T00:00:00
573,438,74,3351,moisturizer,2026-01-18T07:05:38,1,Synthetic / Demo Data,2026-01-18T00:00:00
574,438,1,3356,cleansing,2026-01-26T00:34:33,1,Synthetic / Demo Data,2026-01-26T00:00:00
575,438,14,3358,cleansing,2026-01-26T00:23:31,0,Synthetic / Demo Data,2026-01-26T00:00:00
576,439,113,3361,spf,2026-07-06T18:06:20,1,Synthetic / Demo Data,2026-07-06T00:00:00
577,439,32,3365,toner,2026-07-06T19:08:07,1,Synthetic / Demo Data,2026-07-06T00:00:00
578,441,14,3381,cleansing,2026-07-18T19:00:26,1,Synthetic / Demo Data,2026-07-18T00:00:00
579,441,88,3382,moisturizer,2026-07-18T18:22:39,1,Synthetic / Demo Data,2026-07-18T00:00:00
580,441,49,3383,active,2026-07-19T00:40:34,1,Synthetic / Demo Data,2026-07-19T00:00:00
581,442,82,3392,moisturizer,2026-05-18T03:37:19,1,Synthetic / Demo Data,2026-05-18T00:00:00
582,442,55,3393,active,2026-05-17T23:04:53,1,Synthetic / Demo Data,2026-05-17T00:00:00
583,442,21,3398,cleansing,2026-06-02T17:29:02,1,Synthetic / Demo Data,2026-06-02T00:00:00
584,442,78,3400,moisturizer,2026-06-03T14:27:35,1,Synthetic / Demo Data,2026-06-03T00:00:00
585,444,112,3402,spf,2026-04-05T23:10:06,1,Synthetic / Demo Data,2026-04-05T00:00:00
586,444,27,3409,toner,2026-04-19T05:55:16,1,Synthetic / Demo Data,2026-04-19T00:00:00
587,446,116,3413,spf,2026-02-06T12:31:06,1,Synthetic / Demo Data,2026-02-06T00:00:00
588,446,76,3415,moisturizer,2026-02-11T04:38:53,1,Synthetic / Demo Data,2026-02-11T00:00:00
589,446,101,3420,spf,2026-02-13T12:16:13,1,Synthetic / Demo Data,2026-02-13T00:00:00
590,446,100,3422,spf,2026-02-13T08:54:27,1,Synthetic / Demo Data,2026-02-13T00:00:00
591,447,14,3423,cleansing,2026-02-19T12:08:09,1,Synthetic / Demo Data,2026-02-19T00:00:00
592,451,116,3445,spf,2026-08-15T01:01:06,1,Synthetic / Demo Data,2026-08-15T00:00:00
593,452,7,3454,cleansing,2026-04-22T17:40:58,1,Synthetic / Demo Data,2026-04-22T00:00:00
594,453,65,3469,active,2026-05-28T02:53:22,1,Synthetic / Demo Data,2026-05-28T00:00:00
595,457,81,3493,moisturizer,2026-04-07T12:26:10,1,Synthetic / Demo Data,2026-04-07T00:00:00
596,461,120,3507,spf,2026-08-03T19:35:43,1,Synthetic / Demo Data,2026-08-03T00:00:00
597,461,33,3509,toner,2026-08-13T09:05:56,1,Synthetic / Demo Data,2026-08-13T00:00:00
598,461,110,3510,spf,2026-08-13T07:25:37,1,Synthetic / Demo Data,2026-08-13T00:00:00
599,461,92,3512,moisturizer,2026-08-13T06:33:50,1,Synthetic / Demo Data,2026-08-13T00:00:00
600,462,21,3521,cleansing,2026-02-13T13:43:56,1,Synthetic / Demo Data,2026-02-13T00:00:00
601,462,20,3524,cleansing,2026-02-13T15:32:13,1,Synthetic / Demo Data,2026-02-13T00:00:00
602,463,22,3525,cleansing,2026-03-23T02:48:51,1,Synthetic / Demo Data,2026-03-23T00:00:00
603,463,8,3532,cleansing,2026-04-03T23:50:34,1,Synthetic / Demo Data,2026-04-03T00:00:00
604,465,109,3543,spf,2026-05-23T12:41:23,1,Synthetic / Demo Data,2026-05-23T00:00:00
605,467,82,3555,moisturizer,2026-01-25T09:51:07,1,Synthetic / Demo Data,2026-01-25T00:00:00
606,467,83,3556,moisturizer,2026-01-25T09:27:47,0,Synthetic / Demo Data,2026-01-25T00:00:00
607,470,99,3582,spf,2026-01-13T01:35:20,1,Synthetic / Demo Data,2026-01-13T00:00:00
608,470,112,3588,spf,2026-01-19T03:27:20,1,Synthetic / Demo Data,2026-01-19T00:00:00
609,472,18,3599,cleansing,2026-07-13T03:50:54,1,Synthetic / Demo Data,2026-07-13T00:00:00
610,473,78,3609,moisturizer,2026-09-06T05:52:33,1,Synthetic / Demo Data,2026-09-06T00:00:00
611,473,77,3612,moisturizer,2026-09-07T21:03:57,1,Synthetic / Demo Data,2026-09-07T00:00:00
612,474,110,3622,spf,2026-03-08T14:16:38,0,Synthetic / Demo Data,2026-03-08T00:00:00
613,474,90,3625,moisturizer,2026-03-08T11:07:47,1,Synthetic / Demo Data,2026-03-08T00:00:00
614,475,116,3630,spf,2026-02-02T18:37:18,1,Synthetic / Demo Data,2026-02-02T00:00:00
615,479,97,3635,spf,2026-05-26T18:10:57,1,Synthetic / Demo Data,2026-05-26T00:00:00
616,479,32,3642,toner,2026-05-31T01:46:32,1,Synthetic / Demo Data,2026-05-31T00:00:00
617,481,27,3646,toner,2026-07-26T07:39:39,1,Synthetic / Demo Data,2026-07-26T00:00:00
618,481,48,3649,toner,2026-07-26T04:15:15,1,Synthetic / Demo Data,2026-07-26T00:00:00
619,482,38,3655,toner,2026-01-19T13:47:30,1,Synthetic / Demo Data,2026-01-19T00:00:00
620,483,25,3669,toner,2026-09-06T16:13:05,1,Synthetic / Demo Data,2026-09-06T00:00:00
621,485,107,3684,spf,2026-03-15T07:05:46,1,Synthetic / Demo Data,2026-03-15T00:00:00
622,485,18,3685,cleansing,2026-03-15T03:05:19,1,Synthetic / Demo Data,2026-03-15T00:00:00
623,485,37,3689,toner,2026-03-17T18:26:12,1,Synthetic / Demo Data,2026-03-17T00:00:00
624,485,40,3693,toner,2026-03-17T14:02:33,0,Synthetic / Demo Data,2026-03-17T00:00:00
625,487,43,3706,toner,2026-07-23T10:51:25,1,Synthetic / Demo Data,2026-07-23T00:00:00
626,487,106,3707,spf,2026-07-23T12:30:13,1,Synthetic / Demo Data,2026-07-23T00:00:00
627,488,113,3714,spf,2026-06-08T06:31:33,1,Synthetic / Demo Data,2026-06-08T00:00:00
628,488,7,3715,cleansing,2026-06-08T11:22:59,0,Synthetic / Demo Data,2026-06-08T00:00:00
629,489,92,3723,moisturizer,2026-02-05T01:56:03,1,Synthetic / Demo Data,2026-02-05T00:00:00
630,490,54,3728,active,2026-08-04T15:54:27,1,Synthetic / Demo Data,2026-08-04T00:00:00
631,490,111,3731,spf,2026-08-04T15:19:21,0,Synthetic / Demo Data,2026-08-04T00:00:00
632,492,2,3738,cleansing,2026-02-18T05:39:11,1,Synthetic / Demo Data,2026-02-18T00:00:00
633,492,67,3741,active,2026-03-01T21:25:55,1,Synthetic / Demo Data,2026-03-01T00:00:00
634,492,116,3743,spf,2026-03-02T00:12:10,1,Synthetic / Demo Data,2026-03-02T00:00:00
635,493,105,3759,spf,2026-08-15T11:36:25,1,Synthetic / Demo Data,2026-08-15T00:00:00
636,493,40,3760,toner,2026-08-15T13:05:41,1,Synthetic / Demo Data,2026-08-15T00:00:00
637,493,14,3761,cleansing,2026-08-24T15:58:42,1,Synthetic / Demo Data,2026-08-24T00:00:00
638,497,1,3764,cleansing,2026-08-29T20:04:22,1,Synthetic / Demo Data,2026-08-29T00:00:00
639,497,37,3768,toner,2026-08-30T22:07:06,1,Synthetic / Demo Data,2026-08-30T00:00:00
640,498,65,3780,active,2026-06-09T17:05:23,1,Synthetic / Demo Data,2026-06-09T00:00:00
641,498,27,3781,toner,2026-06-09T12:23:22,1,Synthetic / Demo Data,2026-06-09T00:00:00
642,499,50,3789,active,2026-02-15T00:33:46,1,Synthetic / Demo Data,2026-02-15T00:00:00
643,501,96,3803,moisturizer,2026-07-18T14:52:59,1,Synthetic / Demo Data,2026-07-18T00:00:00
644,502,21,3811,cleansing,2026-07-03T07:10:11,1,Synthetic / Demo Data,2026-07-03T00:00:00
645,505,17,3836,cleansing,2026-05-02T18:26:11,1,Synthetic / Demo Data,2026-05-02T00:00:00
646,508,27,3841,toner,2026-08-05T13:25:37,1,Synthetic / Demo Data,2026-08-05T00:00:00
647,509,88,3849,moisturizer,2026-08-22T22:22:36,1,Synthetic / Demo Data,2026-08-22T00:00:00
648,510,32,3862,toner,2026-08-07T12:15:56,1,Synthetic / Demo Data,2026-08-07T00:00:00
649,510,4,3866,cleansing,2026-08-08T14:53:23,1,Synthetic / Demo Data,2026-08-08T00:00:00
650,511,46,3871,toner,2026-08-30T23:10:40,1,Synthetic / Demo Data,2026-08-30T00:00:00
651,511,106,3872,spf,2026-08-30T22:22:51,1,Synthetic / Demo Data,2026-08-30T00:00:00
652,512,21,3885,cleansing,2026-05-10T07:31:20,1,Synthetic / Demo Data,2026-05-10T00:00:00
653,512,107,3888,spf,2026-05-10T08:57:45,1,Synthetic / Demo Data,2026-05-10T00:00:00
654,513,40,3894,toner,2026-06-02T20:35:56,1,Synthetic / Demo Data,2026-06-02T00:00:00
655,513,11,3899,cleansing,2026-06-04T21:19:34,1,Synthetic / Demo Data,2026-06-04T00:00:00
656,514,14,3901,cleansing,2026-06-09T21:51:49,1,Synthetic / Demo Data,2026-06-09T00:00:00
657,514,84,3902,moisturizer,2026-06-10T02:53:06,1,Synthetic / Demo Data,2026-06-10T00:00:00
658,514,53,3903,active,2026-06-10T00:34:44,1,Synthetic / Demo Data,2026-06-10T00:00:00
659,514,2,3905,cleansing,2026-06-10T03:33:09,1,Synthetic / Demo Data,2026-06-10T00:00:00
660,514,106,3906,spf,2026-06-09T23:56:47,1,Synthetic / Demo Data,2026-06-09T00:00:00
661,514,52,3908,active,2026-06-09T23:34:27,1,Synthetic / Demo Data,2026-06-09T00:00:00
662,514,1,3909,cleansing,2026-06-09T22:08:00,1,Synthetic / Demo Data,2026-06-09T00:00:00
663,514,94,3910,moisturizer,2026-06-11T18:31:43,1,Synthetic / Demo Data,2026-06-11T00:00:00
664,514,69,3911,active,2026-06-11T15:12:02,1,Synthetic / Demo Data,2026-06-11T00:00:00
665,515,57,3914,active,2026-06-14T19:48:06,0,Synthetic / Demo Data,2026-06-14T00:00:00
666,517,51,3921,active,2026-02-10T16:37:17,0,Synthetic / Demo Data,2026-02-10T00:00:00
667,518,51,3938,active,2026-02-07T07:37:12,1,Synthetic / Demo Data,2026-02-07T00:00:00
668,518,49,3939,active,2026-02-07T09:29:38,1,Synthetic / Demo Data,2026-02-07T00:00:00
669,518,29,3940,toner,2026-02-07T09:03:43,0,Synthetic / Demo Data,2026-02-07T00:00:00
670,522,90,3950,moisturizer,2026-04-16T14:26:15,1,Synthetic / Demo Data,2026-04-16T00:00:00
671,522,69,3951,active,2026-04-16T10:12:48,1,Synthetic / Demo Data,2026-04-16T00:00:00
672,522,87,3953,moisturizer,2026-04-16T12:47:50,1,Synthetic / Demo Data,2026-04-16T00:00:00
673,522,82,3956,moisturizer,2026-05-02T17:35:50,1,Synthetic / Demo Data,2026-05-02T00:00:00
674,522,1,3957,cleansing,2026-05-02T14:05:12,1,Synthetic / Demo Data,2026-05-02T00:00:00
675,523,99,3961,spf,2026-09-02T17:59:52,1,Synthetic / Demo Data,2026-09-02T00:00:00
676,524,16,3970,cleansing,2026-08-16T20:52:46,1,Synthetic / Demo Data,2026-08-16T00:00:00
677,524,51,3971,active,2026-08-16T14:43:01,1,Synthetic / Demo Data,2026-08-16T00:00:00
678,525,40,3983,toner,2026-05-17T02:12:02,1,Synthetic / Demo Data,2026-05-17T00:00:00
679,525,14,3986,cleansing,2026-05-25T17:09:06,1,Synthetic / Demo Data,2026-05-25T00:00:00
680,527,72,3990,active,2026-08-20T16:09:22,1,Synthetic / Demo Data,2026-08-20T00:00:00
681,529,40,3994,toner,2026-04-20T03:51:44,1,Synthetic / Demo Data,2026-04-20T00:00:00
682,529,69,3995,active,2026-04-20T03:10:54,1,Synthetic / Demo Data,2026-04-20T00:00:00
683,530,10,4006,cleansing,2026-01-31T07:28:21,1,Synthetic / Demo Data,2026-01-31T00:00:00
684,531,116,4020,spf,2026-08-14T07:15:56,1,Synthetic / Demo Data,2026-08-14T00:00:00
685,531,26,4022,toner,2026-08-14T06:19:30,1,Synthetic / Demo Data,2026-08-14T00:00:00
686,531,120,4023,spf,2026-08-14T04:59:36,0,Synthetic / Demo Data,2026-08-14T00:00:00
687,533,66,4028,active,2026-05-19T19:18:23,1,Synthetic / Demo Data,2026-05-19T00:00:00
688,533,116,4029,spf,2026-05-19T22:02:36,1,Synthetic / Demo Data,2026-05-19T00:00:00
689,533,55,4032,active,2026-05-25T07:27:39,1,Synthetic / Demo Data,2026-05-25T00:00:00
690,534,52,4037,active,2026-05-18T16:07:30,1,Synthetic / Demo Data,2026-05-18T00:00:00
691,535,80,4047,moisturizer,2026-07-02T00:00:56,1,Synthetic / Demo Data,2026-07-02T00:00:00
692,535,39,4053,toner,2026-07-11T06:59:30,0,Synthetic / Demo Data,2026-07-11T00:00:00
693,537,48,4058,toner,2026-07-23T17:57:37,1,Synthetic / Demo Data,2026-07-23T00:00:00
694,537,21,4063,cleansing,2026-07-30T18:04:15,1,Synthetic / Demo Data,2026-07-30T00:00:00
695,537,10,4067,cleansing,2026-08-03T08:37:21,1,Synthetic / Demo Data,2026-08-03T00:00:00
696,538,14,4070,cleansing,2026-05-11T03:30:31,1,Synthetic / Demo Data,2026-05-11T00:00:00
697,538,43,4074,toner,2026-05-21T12:39:42,1,Synthetic / Demo Data,2026-05-21T00:00:00
698,540,97,4082,spf,2026-05-07T00:44:07,1,Synthetic / Demo Data,2026-05-07T00:00:00
699,540,116,4086,spf,2026-05-15T07:47:42,0,Synthetic / Demo Data,2026-05-15T00:00:00
700,542,74,4093,moisturizer,2026-03-12T21:11:05,1,Synthetic / Demo Data,2026-03-12T00:00:00
701,542,32,4096,toner,2026-03-12T21:21:34,1,Synthetic / Demo Data,2026-03-12T00:00:00
702,543,48,4097,toner,2026-08-25T23:24:08,1,Synthetic / Demo Data,2026-08-25T00:00:00
703,545,34,4107,toner,2026-06-12T15:54:09,1,Synthetic / Demo Data,2026-06-12T00:00:00
704,547,116,4111,spf,2026-08-28T22:48:34,1,Synthetic / Demo Data,2026-08-28T00:00:00
705,547,83,4112,moisturizer,2026-08-28T22:44:50,1,Synthetic / Demo Data,2026-08-28T00:00:00
706,547,14,4113,cleansing,2026-08-28T23:44:30,1,Synthetic / Demo Data,2026-08-28T00:00:00
707,547,17,4114,cleansing,2026-08-29T02:15:31,1,Synthetic / Demo Data,2026-08-29T00:00:00
708,547,82,4115,moisturizer,2026-08-29T01:25:17,1,Synthetic / Demo Data,2026-08-29T00:00:00
709,547,37,4116,toner,2026-09-06T04:06:12,0,Synthetic / Demo Data,2026-09-06T00:00:00
710,549,7,4126,cleansing,2026-04-18T00:04:56,1,Synthetic / Demo Data,2026-04-18T00:00:00
711,549,63,4131,active,2026-04-29T10:15:36,1,Synthetic / Demo Data,2026-04-29T00:00:00
712,551,82,4143,moisturizer,2026-03-06T14:34:52,1,Synthetic / Demo Data,2026-03-06T00:00:00
713,551,57,4147,active,2026-03-12T07:10:21,1,Synthetic / Demo Data,2026-03-12T00:00:00
714,554,12,4162,cleansing,2026-08-04T15:52:53,0,Synthetic / Demo Data,2026-08-04T00:00:00
715,554,116,4163,spf,2026-08-04T15:59:38,1,Synthetic / Demo Data,2026-08-04T00:00:00
716,554,49,4169,active,2026-08-14T04:08:39,1,Synthetic / Demo Data,2026-08-14T00:00:00
717,555,45,4172,toner,2026-04-13T04:06:23,1,Synthetic / Demo Data,2026-04-13T00:00:00
718,555,70,4173,active,2026-04-13T05:05:18,1,Synthetic / Demo Data,2026-04-13T00:00:00
719,560,66,4195,active,2026-08-14T21:03:00,1,Synthetic / Demo Data,2026-08-14T00:00:00
720,560,12,4196,cleansing,2026-08-14T23:40:13,1,Synthetic / Demo Data,2026-08-14T00:00:00
721,560,116,4198,spf,2026-08-30T09:17:20,1,Synthetic / Demo Data,2026-08-30T00:00:00
722,560,108,4199,spf,2026-08-30T04:14:33,1,Synthetic / Demo Data,2026-08-30T00:00:00
723,560,101,4201,spf,2026-08-30T04:22:03,1,Synthetic / Demo Data,2026-08-30T00:00:00
724,562,20,4206,cleansing,2026-06-13T16:20:02,1,Synthetic / Demo Data,2026-06-13T00:00:00
725,563,31,4212,toner,2026-05-02T02:26:01,1,Synthetic / Demo Data,2026-05-02T00:00:00
726,563,18,4216,cleansing,2026-05-07T22:16:14,1,Synthetic / Demo Data,2026-05-07T00:00:00
727,564,106,4227,spf,2026-01-28T03:39:40,1,Synthetic / Demo Data,2026-01-28T00:00:00
728,564,74,4229,moisturizer,2026-01-28T04:30:21,1,Synthetic / Demo Data,2026-01-28T00:00:00
729,566,116,4235,spf,2026-01-11T07:34:07,1,Synthetic / Demo Data,2026-01-11T00:00:00
730,566,74,4236,moisturizer,2026-01-11T09:01:40,1,Synthetic / Demo Data,2026-01-11T00:00:00
731,566,84,4238,moisturizer,2026-01-21T22:37:02,1,Synthetic / Demo Data,2026-01-21T00:00:00
732,567,94,4241,moisturizer,2026-06-02T19:35:06,1,Synthetic / Demo Data,2026-06-02T00:00:00
733,567,32,4250,toner,2026-06-15T18:59:57,1,Synthetic / Demo Data,2026-06-15T00:00:00
734,568,14,4252,cleansing,2026-04-25T08:05:02,1,Synthetic / Demo Data,2026-04-25T00:00:00
735,568,66,4256,active,2026-04-25T08:43:03,0,Synthetic / Demo Data,2026-04-25T00:00:00
736,569,91,4267,moisturizer,2026-05-21T00:24:28,1,Synthetic / Demo Data,2026-05-21T00:00:00
737,569,82,4269,moisturizer,2026-05-21T01:10:40,1,Synthetic / Demo Data,2026-05-21T00:00:00
738,569,86,4271,moisturizer,2026-05-21T05:01:01,1,Synthetic / Demo Data,2026-05-21T00:00:00
739,569,37,4275,toner,2026-05-26T01:38:20,1,Synthetic / Demo Data,2026-05-26T00:00:00
740,569,27,4277,toner,2026-06-04T14:00:12,1,Synthetic / Demo Data,2026-06-04T00:00:00
741,571,61,4279,active,2026-06-16T20:40:25,0,Synthetic / Demo Data,2026-06-16T00:00:00
742,571,19,4284,cleansing,2026-06-22T07:49:16,1,Synthetic / Demo Data,2026-06-22T00:00:00
743,571,2,4285,cleansing,2026-06-22T05:41:36,0,Synthetic / Demo Data,2026-06-22T00:00:00
744,572,94,4290,moisturizer,2026-07-25T19:07:45,1,Synthetic / Demo Data,2026-07-25T00:00:00
745,572,52,4294,active,2026-07-31T06:23:05,1,Synthetic / Demo Data,2026-07-31T00:00:00
746,572,90,4295,moisturizer,2026-07-31T09:22:47,1,Synthetic / Demo Data,2026-07-31T00:00:00
747,576,70,4316,active,2026-04-08T16:01:58,1,Synthetic / Demo Data,2026-04-08T00:00:00
748,577,82,4328,moisturizer,2026-01-29T10:08:57,1,Synthetic / Demo Data,2026-01-29T00:00:00
749,577,1,4331,cleansing,2026-01-29T09:10:37,1,Synthetic / Demo Data,2026-01-29T00:00:00
750,579,112,4343,spf,2026-05-06T15:36:17,1,Synthetic / Demo Data,2026-05-06T00:00:00
751,579,10,4344,cleansing,2026-05-09T16:11:08,1,Synthetic / Demo Data,2026-05-09T00:00:00
752,579,94,4346,moisturizer,2026-05-09T14:26:07,1,Synthetic / Demo Data,2026-05-09T00:00:00
753,579,7,4350,cleansing,2026-05-24T23:23:05,1,Synthetic / Demo Data,2026-05-24T00:00:00
754,579,60,4351,active,2026-05-25T04:35:57,1,Synthetic / Demo Data,2026-05-25T00:00:00
755,579,66,4352,active,2026-05-25T01:42:58,1,Synthetic / Demo Data,2026-05-25T00:00:00
756,581,66,4353,active,2026-09-09T16:41:07,1,Synthetic / Demo Data,2026-09-09T00:00:00
757,581,27,4366,toner,2026-09-12T07:26:51,1,Synthetic / Demo Data,2026-09-12T00:00:00
758,581,75,4368,moisturizer,2026-09-17T00:07:38,1,Synthetic / Demo Data,2026-09-17T00:00:00
759,582,116,4381,spf,2026-09-09T19:57:02,1,Synthetic / Demo Data,2026-09-09T00:00:00
760,583,106,4383,spf,2026-06-30T11:09:09,0,Synthetic / Demo Data,2026-06-30T00:00:00
761,583,51,4386,active,2026-06-30T14:52:49,0,Synthetic / Demo Data,2026-06-30T00:00:00
762,583,16,4390,cleansing,2026-07-16T17:22:04,1,Synthetic / Demo Data,2026-07-16T00:00:00
763,584,92,4397,moisturizer,2026-06-20T15:54:16,1,Synthetic / Demo Data,2026-06-20T00:00:00
764,584,116,4398,spf,2026-06-20T19:13:56,1,Synthetic / Demo Data,2026-06-20T00:00:00
765,584,17,4401,cleansing,2026-06-21T04:14:46,1,Synthetic / Demo Data,2026-06-21T00:00:00
766,584,100,4402,spf,2026-06-20T23:03:26,1,Synthetic / Demo Data,2026-06-20T00:00:00
767,585,43,4408,toner,2026-05-23T20:01:19,1,Synthetic / Demo Data,2026-05-23T00:00:00
768,585,36,4410,toner,2026-05-24T04:41:17,0,Synthetic / Demo Data,2026-05-24T00:00:00
769,585,66,4414,active,2026-05-24T08:01:20,0,Synthetic / Demo Data,2026-05-24T00:00:00
770,586,106,4416,spf,2026-05-31T12:18:43,1,Synthetic / Demo Data,2026-05-31T00:00:00
771,586,94,4421,moisturizer,2026-06-03T01:36:05,1,Synthetic / Demo Data,2026-06-03T00:00:00
772,587,66,4431,active,2026-05-09T21:26:13,0,Synthetic / Demo Data,2026-05-09T00:00:00
773,587,72,4433,active,2026-05-09T15:49:21,1,Synthetic / Demo Data,2026-05-09T00:00:00
774,587,106,4434,spf,2026-05-27T18:05:43,1,Synthetic / Demo Data,2026-05-27T00:00:00
775,587,17,4435,cleansing,2026-05-27T17:01:09,1,Synthetic / Demo Data,2026-05-27T00:00:00
776,590,72,4439,active,2026-06-22T11:59:09,1,Synthetic / Demo Data,2026-06-22T00:00:00
777,590,80,4446,moisturizer,2026-07-05T17:22:50,1,Synthetic / Demo Data,2026-07-05T00:00:00
778,591,116,4453,spf,2026-07-23T06:22:40,1,Synthetic / Demo Data,2026-07-23T00:00:00
779,592,16,4460,cleansing,2026-04-26T18:13:43,1,Synthetic / Demo Data,2026-04-26T00:00:00
780,592,38,4466,toner,2026-05-03T01:00:52,1,Synthetic / Demo Data,2026-05-03T00:00:00
781,592,97,4468,spf,2026-05-03T03:33:49,1,Synthetic / Demo Data,2026-05-03T00:00:00
782,593,79,4470,moisturizer,2026-05-25T23:06:10,1,Synthetic / Demo Data,2026-05-25T00:00:00
783,597,81,4490,moisturizer,2026-03-31T05:06:51,1,Synthetic / Demo Data,2026-03-31T00:00:00
784,597,36,4491,toner,2026-03-31T08:10:06,1,Synthetic / Demo Data,2026-03-31T00:00:00
785,597,106,4492,spf,2026-03-31T01:45:17,1,Synthetic / Demo Data,2026-03-31T00:00:00
786,597,40,4493,toner,2026-03-31T02:37:41,1,Synthetic / Demo Data,2026-03-31T00:00:00
787,597,17,4497,cleansing,2026-04-17T08:36:19,1,Synthetic / Demo Data,2026-04-17T00:00:00
788,598,115,4501,spf,2026-08-20T18:59:25,1,Synthetic / Demo Data,2026-08-20T00:00:00
789,598,109,4502,spf,2026-08-20T13:13:35,1,Synthetic / Demo Data,2026-08-20T00:00:00
790,599,32,4512,toner,2026-04-19T18:09:53,1,Synthetic / Demo Data,2026-04-19T00:00:00
791,601,21,4521,cleansing,2026-01-25T16:57:31,1,Synthetic / Demo Data,2026-01-25T00:00:00
792,601,82,4523,moisturizer,2026-01-27T17:12:47,1,Synthetic / Demo Data,2026-01-27T00:00:00
793,601,17,4524,cleansing,2026-01-27T19:09:10,1,Synthetic / Demo Data,2026-01-27T00:00:00
794,602,81,4529,moisturizer,2026-05-28T06:57:31,1,Synthetic / Demo Data,2026-05-28T00:00:00
795,602,35,4531,toner,2026-05-28T09:57:19,1,Synthetic / Demo Data,2026-05-28T00:00:00
796,602,24,4537,cleansing,2026-06-15T00:41:41,1,Synthetic / Demo Data,2026-06-15T00:00:00
797,604,107,4540,spf,2026-01-18T13:24:59,1,Synthetic / Demo Data,2026-01-18T00:00:00
798,604,2,4541,cleansing,2026-01-18T16:54:59,1,Synthetic / Demo Data,2026-01-18T00:00:00
799,604,76,4542,moisturizer,2026-01-18T14:12:33,1,Synthetic / Demo Data,2026-01-18T00:00:00
800,604,116,4543,spf,2026-01-18T13:30:32,1,Synthetic / Demo Data,2026-01-18T00:00:00
801,605,44,4553,toner,2026-01-28T11:51:43,1,Synthetic / Demo Data,2026-01-28T00:00:00
802,605,7,4554,cleansing,2026-01-28T15:03:30,1,Synthetic / Demo Data,2026-01-28T00:00:00
803,605,21,4556,cleansing,2026-01-28T14:23:59,1,Synthetic / Demo Data,2026-01-28T00:00:00
804,605,11,4558,cleansing,2026-02-06T23:03:19,1,Synthetic / Demo Data,2026-02-06T00:00:00
805,605,63,4562,active,2026-02-07T05:15:22,1,Synthetic / Demo Data,2026-02-07T00:00:00
806,605,74,4566,moisturizer,2026-02-10T16:08:03,1,Synthetic / Demo Data,2026-02-10T00:00:00
807,606,40,4568,toner,2026-04-15T20:58:37,1,Synthetic / Demo Data,2026-04-15T00:00:00
808,606,90,4570,moisturizer,2026-04-15T20:30:45,1,Synthetic / Demo Data,2026-04-15T00:00:00
809,606,80,4574,moisturizer,2026-04-20T08:11:05,1,Synthetic / Demo Data,2026-04-20T00:00:00
810,608,55,4598,active,2026-03-23T20:58:47,1,Synthetic / Demo Data,2026-03-23T00:00:00
811,609,16,4599,cleansing,2026-07-24T08:40:34,1,Synthetic / Demo Data,2026-07-24T00:00:00
812,609,24,4600,cleansing,2026-07-24T09:05:44,1,Synthetic / Demo Data,2026-07-24T00:00:00
813,609,54,4601,active,2026-07-24T10:52:51,1,Synthetic / Demo Data,2026-07-24T00:00:00
814,609,12,4603,cleansing,2026-07-24T09:21:07,1,Synthetic / Demo Data,2026-07-24T00:00:00
815,610,26,4618,toner,2026-04-04T07:39:45,1,Synthetic / Demo Data,2026-04-04T00:00:00
816,610,49,4619,active,2026-04-04T05:43:19,1,Synthetic / Demo Data,2026-04-04T00:00:00
817,610,72,4622,active,2026-04-19T19:03:05,1,Synthetic / Demo Data,2026-04-19T00:00:00
818,611,69,4631,active,2026-06-22T06:54:56,1,Synthetic / Demo Data,2026-06-22T00:00:00
819,611,74,4633,moisturizer,2026-06-22T09:09:38,1,Synthetic / Demo Data,2026-06-22T00:00:00
820,612,34,4637,toner,2026-05-20T00:14:47,1,Synthetic / Demo Data,2026-05-20T00:00:00
821,612,63,4646,active,2026-05-27T21:00:44,1,Synthetic / Demo Data,2026-05-27T00:00:00
822,616,8,4661,cleansing,2026-02-24T21:25:28,1,Synthetic / Demo Data,2026-02-24T00:00:00
823,617,103,4669,spf,2026-05-21T05:00:14,1,Synthetic / Demo Data,2026-05-21T00:00:00
824,617,21,4673,cleansing,2026-05-21T04:32:49,0,Synthetic / Demo Data,2026-05-21T00:00:00
825,618,5,4686,cleansing,2026-01-29T03:53:06,1,Synthetic / Demo Data,2026-01-29T00:00:00
826,618,112,4688,spf,2026-02-06T04:22:00,1,Synthetic / Demo Data,2026-02-06T00:00:00
827,620,58,4697,active,2026-05-31T23:51:47,1,Synthetic / Demo Data,2026-05-31T00:00:00
828,620,34,4699,toner,2026-06-06T08:03:46,1,Synthetic / Demo Data,2026-06-06T00:00:00
829,620,99,4701,spf,2026-06-06T10:04:22,0,Synthetic / Demo Data,2026-06-06T00:00:00
830,624,36,4718,toner,2026-04-26T19:42:05,1,Synthetic / Demo Data,2026-04-26T00:00:00
831,624,105,4722,spf,2026-04-29T12:11:55,0,Synthetic / Demo Data,2026-04-29T00:00:00
832,626,111,4724,spf,2026-02-14T22:26:57,0,Synthetic / Demo Data,2026-02-14T00:00:00
833,626,62,4728,active,2026-02-14T21:42:43,0,Synthetic / Demo Data,2026-02-14T00:00:00
834,627,50,4734,active,2026-03-06T19:15:23,1,Synthetic / Demo Data,2026-03-06T00:00:00
835,628,21,4747,cleansing,2026-05-09T21:16:08,1,Synthetic / Demo Data,2026-05-09T00:00:00
836,628,35,4750,toner,2026-05-10T02:26:20,1,Synthetic / Demo Data,2026-05-10T00:00:00
837,630,109,4758,spf,2026-03-31T00:15:56,1,Synthetic / Demo Data,2026-03-31T00:00:00
838,630,56,4761,active,2026-04-10T20:10:41,1,Synthetic / Demo Data,2026-04-10T00:00:00
839,631,60,4770,active,2026-09-13T01:26:26,1,Synthetic / Demo Data,2026-09-13T00:00:00
840,632,54,4776,active,2026-03-23T05:16:42,1,Synthetic / Demo Data,2026-03-23T00:00:00
841,632,20,4777,cleansing,2026-03-23T09:37:15,1,Synthetic / Demo Data,2026-03-23T00:00:00
842,636,62,4781,active,2026-03-19T15:03:53,1,Synthetic / Demo Data,2026-03-19T00:00:00
843,637,57,4795,active,2026-02-05T23:08:47,1,Synthetic / Demo Data,2026-02-05T00:00:00
844,639,89,4799,moisturizer,2026-02-16T08:54:35,1,Synthetic / Demo Data,2026-02-16T00:00:00
845,639,55,4800,active,2026-02-16T06:08:45,1,Synthetic / Demo Data,2026-02-16T00:00:00
846,641,43,4809,toner,2026-02-12T23:38:54,1,Synthetic / Demo Data,2026-02-12T00:00:00
847,641,51,4815,active,2026-02-23T09:26:53,1,Synthetic / Demo Data,2026-02-23T00:00:00
848,641,1,4822,cleansing,2026-02-25T06:26:24,1,Synthetic / Demo Data,2026-02-25T00:00:00
849,642,63,4824,active,2026-04-09T16:02:28,1,Synthetic / Demo Data,2026-04-09T00:00:00
850,643,116,4837,spf,2026-01-28T05:56:54,1,Synthetic / Demo Data,2026-01-28T00:00:00
851,643,106,4838,spf,2026-01-28T01:05:23,0,Synthetic / Demo Data,2026-01-28T00:00:00
852,645,19,4842,cleansing,2026-08-02T22:19:47,1,Synthetic / Demo Data,2026-08-02T00:00:00
853,645,56,4844,active,2026-08-02T22:53:23,1,Synthetic / Demo Data,2026-08-02T00:00:00
854,645,11,4849,cleansing,2026-08-04T05:10:31,1,Synthetic / Demo Data,2026-08-04T00:00:00
855,646,74,4853,moisturizer,2026-05-03T22:06:37,1,Synthetic / Demo Data,2026-05-03T00:00:00
856,650,75,4859,moisturizer,2026-09-01T13:39:30,1,Synthetic / Demo Data,2026-09-01T00:00:00
857,650,27,4867,toner,2026-09-10T23:26:55,1,Synthetic / Demo Data,2026-09-10T00:00:00
858,652,14,4872,cleansing,2026-08-29T22:12:59,0,Synthetic / Demo Data,2026-08-29T00:00:00
859,652,73,4873,moisturizer,2026-09-12T12:13:36,1,Synthetic / Demo Data,2026-09-12T00:00:00
860,652,67,4877,active,2026-09-12T14:18:36,1,Synthetic / Demo Data,2026-09-12T00:00:00
861,654,89,4882,moisturizer,2026-02-05T01:39:59,1,Synthetic / Demo Data,2026-02-05T00:00:00
862,655,77,4888,moisturizer,2026-06-23T13:13:49,1,Synthetic / Demo Data,2026-06-23T00:00:00
863,655,15,4897,cleansing,2026-06-30T21:18:08,1,Synthetic / Demo Data,2026-06-30T00:00:00
864,657,66,4900,active,2026-01-29T11:49:00,1,Synthetic / Demo Data,2026-01-29T00:00:00
865,657,106,4901,spf,2026-01-29T07:11:38,1,Synthetic / Demo Data,2026-01-29T00:00:00
866,657,79,4907,moisturizer,2026-02-11T20:36:42,1,Synthetic / Demo Data,2026-02-11T00:00:00
867,657,82,4909,moisturizer,2026-02-12T18:43:11,1,Synthetic / Demo Data,2026-02-12T00:00:00
868,657,74,4916,moisturizer,2026-02-13T11:05:44,1,Synthetic / Demo Data,2026-02-13T00:00:00
869,658,17,4917,cleansing,2026-03-19T01:36:27,1,Synthetic / Demo Data,2026-03-19T00:00:00
870,659,82,4927,moisturizer,2026-03-11T20:10:50,0,Synthetic / Demo Data,2026-03-11T00:00:00
871,659,14,4929,cleansing,2026-03-12T00:31:08,1,Synthetic / Demo Data,2026-03-12T00:00:00
872,661,97,4939,spf,2026-02-12T18:24:47,1,Synthetic / Demo Data,2026-02-12T00:00:00
873,664,22,4958,cleansing,2026-05-22T07:37:16,1,Synthetic / Demo Data,2026-05-22T00:00:00
874,665,34,4970,toner,2026-02-12T14:32:28,1,Synthetic / Demo Data,2026-02-12T00:00:00
875,666,74,4974,moisturizer,2026-07-06T09:04:59,1,Synthetic / Demo Data,2026-07-06T00:00:00
876,666,17,4979,cleansing,2026-07-26T18:32:03,1,Synthetic / Demo Data,2026-07-26T00:00:00
877,669,26,4996,toner,2026-06-30T02:06:52,1,Synthetic / Demo Data,2026-06-30T00:00:00
878,669,33,4997,toner,2026-06-30T00:17:33,1,Synthetic / Demo Data,2026-06-30T00:00:00
879,670,62,5003,active,2026-07-13T09:53:51,0,Synthetic / Demo Data,2026-07-13T00:00:00
880,673,12,5027,cleansing,2026-02-16T14:31:26,1,Synthetic / Demo Data,2026-02-16T00:00:00
881,674,3,5035,cleansing,2026-08-13T14:20:02,1,Synthetic / Demo Data,2026-08-13T00:00:00
882,674,9,5037,cleansing,2026-08-13T09:30:47,0,Synthetic / Demo Data,2026-08-13T00:00:00
883,674,116,5038,spf,2026-08-13T12:46:20,1,Synthetic / Demo Data,2026-08-13T00:00:00
884,674,112,5040,spf,2026-08-23T00:24:12,1,Synthetic / Demo Data,2026-08-23T00:00:00
885,674,69,5041,active,2026-08-23T00:05:03,1,Synthetic / Demo Data,2026-08-23T00:00:00
886,674,85,5044,moisturizer,2026-08-25T21:14:42,1,Synthetic / Demo Data,2026-08-25T00:00:00
887,674,28,5046,toner,2026-08-25T20:30:22,1,Synthetic / Demo Data,2026-08-25T00:00:00
888,674,41,5047,toner,2026-08-25T19:49:26,1,Synthetic / Demo Data,2026-08-25T00:00:00
889,675,116,5050,spf,2026-04-12T17:43:04,0,Synthetic / Demo Data,2026-04-12T00:00:00
890,675,49,5052,active,2026-04-12T17:42:26,0,Synthetic / Demo Data,2026-04-12T00:00:00
891,675,1,5053,cleansing,2026-04-12T18:26:58,1,Synthetic / Demo Data,2026-04-12T00:00:00
892,675,66,5054,active,2026-04-18T09:04:13,1,Synthetic / Demo Data,2026-04-18T00:00:00
893,675,75,5056,moisturizer,2026-04-18T11:11:35,1,Synthetic / Demo Data,2026-04-18T00:00:00
894,676,29,5067,toner,2026-05-20T05:58:52,1,Synthetic / Demo Data,2026-05-20T00:00:00
895,676,54,5068,active,2026-05-20T02:41:12,1,Synthetic / Demo Data,2026-05-20T00:00:00
896,676,51,5071,active,2026-05-20T02:39:52,1,Synthetic / Demo Data,2026-05-20T00:00:00
897,678,63,5079,active,2026-06-16T16:27:24,1,Synthetic / Demo Data,2026-06-16T00:00:00
898,679,65,5082,active,2026-07-21T12:04:00,1,Synthetic / Demo Data,2026-07-21T00:00:00
899,683,12,5108,cleansing,2026-09-03T20:41:14,1,Synthetic / Demo Data,2026-09-03T00:00:00
900,683,1,5113,cleansing,2026-09-09T23:43:53,1,Synthetic / Demo Data,2026-09-09T00:00:00
901,683,77,5114,moisturizer,2026-09-09T22:49:38,1,Synthetic / Demo Data,2026-09-09T00:00:00
902,684,38,5123,toner,2026-08-06T14:09:21,1,Synthetic / Demo Data,2026-08-06T00:00:00
903,684,81,5128,moisturizer,2026-08-12T11:59:31,0,Synthetic / Demo Data,2026-08-12T00:00:00
904,685,55,5133,active,2026-01-09T22:21:06,1,Synthetic / Demo Data,2026-01-09T00:00:00
905,685,92,5137,moisturizer,2026-01-26T05:38:54,1,Synthetic / Demo Data,2026-01-26T00:00:00
906,685,94,5139,moisturizer,2026-01-26T07:15:36,1,Synthetic / Demo Data,2026-01-26T00:00:00
907,686,110,5141,spf,2026-04-05T16:06:55,1,Synthetic / Demo Data,2026-04-05T00:00:00
908,686,94,5142,moisturizer,2026-04-05T13:35:50,1,Synthetic / Demo Data,2026-04-05T00:00:00
909,686,79,5145,moisturizer,2026-04-05T14:30:56,1,Synthetic / Demo Data,2026-04-05T00:00:00
910,687,1,5156,cleansing,2026-07-11T13:45:14,1,Synthetic / Demo Data,2026-07-11T00:00:00
911,687,27,5158,toner,2026-07-11T11:46:58,1,Synthetic / Demo Data,2026-07-11T00:00:00
912,688,57,5159,active,2026-05-06T04:12:04,1,Synthetic / Demo Data,2026-05-06T00:00:00
913,688,7,5167,cleansing,2026-05-16T07:13:30,1,Synthetic / Demo Data,2026-05-16T00:00:00
914,689,25,5175,toner,2026-09-10T11:56:08,1,Synthetic / Demo Data,2026-09-10T00:00:00
915,690,40,5181,toner,2026-02-25T21:55:15,1,Synthetic / Demo Data,2026-02-25T00:00:00
916,690,12,5185,cleansing,2026-02-25T22:39:14,1,Synthetic / Demo Data,2026-02-25T00:00:00
917,690,81,5188,moisturizer,2026-03-07T21:59:53,1,Synthetic / Demo Data,2026-03-07T00:00:00
918,690,26,5189,toner,2026-03-07T21:29:46,1,Synthetic / Demo Data,2026-03-07T00:00:00
919,691,116,5201,spf,2026-08-04T13:24:05,1,Synthetic / Demo Data,2026-08-04T00:00:00
920,691,36,5203,toner,2026-08-11T07:49:26,1,Synthetic / Demo Data,2026-08-11T00:00:00
921,693,6,5207,cleansing,2026-03-10T18:14:16,1,Synthetic / Demo Data,2026-03-10T00:00:00
922,693,107,5212,spf,2026-03-15T10:49:46,1,Synthetic / Demo Data,2026-03-15T00:00:00
923,693,36,5213,toner,2026-03-15T14:16:52,1,Synthetic / Demo Data,2026-03-15T00:00:00
924,694,21,5224,cleansing,2026-03-29T00:12:38,1,Synthetic / Demo Data,2026-03-29T00:00:00
925,695,83,5233,moisturizer,2026-08-21T05:52:52,1,Synthetic / Demo Data,2026-08-21T00:00:00
926,695,55,5234,active,2026-08-21T05:41:00,1,Synthetic / Demo Data,2026-08-21T00:00:00
927,695,56,5235,active,2026-08-21T01:23:32,1,Synthetic / Demo Data,2026-08-21T00:00:00
928,696,73,5242,moisturizer,2026-08-30T08:39:16,1,Synthetic / Demo Data,2026-08-30T00:00:00
929,696,107,5245,spf,2026-08-30T06:03:14,1,Synthetic / Demo Data,2026-08-30T00:00:00
930,697,45,5249,toner,2026-07-30T11:57:51,1,Synthetic / Demo Data,2026-07-30T00:00:00
931,698,32,5256,toner,2026-06-16T08:37:57,1,Synthetic / Demo Data,2026-06-16T00:00:00
932,699,30,5264,toner,2026-02-08T16:19:18,1,Synthetic / Demo Data,2026-02-08T00:00:00
933,699,34,5272,toner,2026-02-25T13:45:59,1,Synthetic / Demo Data,2026-02-25T00:00:00
934,699,81,5274,moisturizer,2026-02-27T17:15:31,1,Synthetic / Demo Data,2026-02-27T00:00:00
935,701,51,5282,active,2026-09-15T16:24:57,0,Synthetic / Demo Data,2026-09-15T00:00:00
936,701,116,5283,spf,2026-09-15T16:53:48,1,Synthetic / Demo Data,2026-09-15T00:00:00
937,702,82,5289,moisturizer,2026-02-09T02:24:30,1,Synthetic / Demo Data,2026-02-09T00:00:00
938,702,31,5290,toner,2026-02-25T16:09:51,1,Synthetic / Demo Data,2026-02-25T00:00:00
939,703,112,5297,spf,2026-03-29T21:40:40,1,Synthetic / Demo Data,2026-03-29T00:00:00
940,704,90,5304,moisturizer,2026-03-12T21:14:46,1,Synthetic / Demo Data,2026-03-12T00:00:00
941,705,78,5316,moisturizer,2026-01-04T07:54:43,1,Synthetic / Demo Data,2026-01-04T00:00:00
942,708,1,5330,cleansing,2026-05-12T11:54:26,1,Synthetic / Demo Data,2026-05-12T00:00:00
943,708,65,5332,active,2026-05-12T11:17:58,1,Synthetic / Demo Data,2026-05-12T00:00:00
944,708,64,5334,active,2026-05-12T15:05:05,1,Synthetic / Demo Data,2026-05-12T00:00:00
945,709,84,5346,moisturizer,2026-02-11T12:07:10,1,Synthetic / Demo Data,2026-02-11T00:00:00
946,709,43,5347,toner,2026-02-11T15:41:11,1,Synthetic / Demo Data,2026-02-11T00:00:00
947,710,53,5353,active,2026-02-03T19:26:15,1,Synthetic / Demo Data,2026-02-03T00:00:00
948,710,62,5356,active,2026-02-03T19:17:16,1,Synthetic / Demo Data,2026-02-03T00:00:00
949,712,1,5364,cleansing,2026-03-30T18:40:04,1,Synthetic / Demo Data,2026-03-30T00:00:00
950,712,6,5370,cleansing,2026-04-08T19:29:51,1,Synthetic / Demo Data,2026-04-08T00:00:00
951,713,10,5375,cleansing,2026-07-25T01:05:33,1,Synthetic / Demo Data,2026-07-25T00:00:00
952,718,112,5389,spf,2026-08-24T01:51:33,1,Synthetic / Demo Data,2026-08-24T00:00:00
953,720,78,5416,moisturizer,2026-01-16T02:35:35,1,Synthetic / Demo Data,2026-01-16T00:00:00
954,722,6,5423,cleansing,2026-03-29T13:00:16,1,Synthetic / Demo Data,2026-03-29T00:00:00
955,723,90,5435,moisturizer,2026-01-26T12:10:27,1,Synthetic / Demo Data,2026-01-26T00:00:00
956,723,56,5439,active,2026-01-29T21:22:21,1,Synthetic / Demo Data,2026-01-29T00:00:00
957,726,49,5447,active,2026-06-06T21:42:50,1,Synthetic / Demo Data,2026-06-06T00:00:00
958,726,20,5449,cleansing,2026-06-06T16:44:23,1,Synthetic / Demo Data,2026-06-06T00:00:00
959,727,72,5459,active,2026-02-05T22:25:47,1,Synthetic / Demo Data,2026-02-05T00:00:00
960,727,51,5460,active,2026-02-05T22:05:36,1,Synthetic / Demo Data,2026-02-05T00:00:00
961,728,74,5464,moisturizer,2026-03-21T03:44:10,1,Synthetic / Demo Data,2026-03-21T00:00:00
962,728,17,5465,cleansing,2026-03-21T00:20:54,1,Synthetic / Demo Data,2026-03-21T00:00:00
963,728,7,5470,cleansing,2026-03-22T08:53:08,1,Synthetic / Demo Data,2026-03-22T00:00:00
964,728,19,5472,cleansing,2026-03-22T04:29:55,1,Synthetic / Demo Data,2026-03-22T00:00:00
965,734,32,5510,toner,2026-06-06T11:13:41,1,Synthetic / Demo Data,2026-06-06T00:00:00
966,736,6,5516,cleansing,2026-07-12T12:31:06,1,Synthetic / Demo Data,2026-07-12T00:00:00
967,737,113,5522,spf,2026-09-10T02:46:11,0,Synthetic / Demo Data,2026-09-10T00:00:00
968,737,25,5523,toner,2026-09-10T03:21:51,1,Synthetic / Demo Data,2026-09-10T00:00:00
969,739,55,5531,active,2026-07-09T15:01:21,1,Synthetic / Demo Data,2026-07-09T00:00:00
970,739,116,5534,spf,2026-07-09T13:48:10,1,Synthetic / Demo Data,2026-07-09T00:00:00
971,739,83,5536,moisturizer,2026-07-20T22:02:10,1,Synthetic / Demo Data,2026-07-20T00:00:00
972,739,106,5537,spf,2026-07-20T20:48:27,1,Synthetic / Demo Data,2026-07-20T00:00:00
973,740,84,5540,moisturizer,2026-07-09T20:20:13,1,Synthetic / Demo Data,2026-07-09T00:00:00
974,740,25,5541,toner,2026-07-09T16:01:20,1,Synthetic / Demo Data,2026-07-09T00:00:00
975,740,78,5549,moisturizer,2026-07-11T00:30:08,1,Synthetic / Demo Data,2026-07-11T00:00:00
976,741,55,5552,active,2026-02-05T23:16:41,1,Synthetic / Demo Data,2026-02-05T00:00:00
977,741,49,5560,active,2026-02-16T10:58:41,1,Synthetic / Demo Data,2026-02-16T00:00:00
978,743,82,5563,moisturizer,2026-04-22T17:19:23,1,Synthetic / Demo Data,2026-04-22T00:00:00
979,743,62,5571,active,2026-04-30T10:06:40,1,Synthetic / Demo Data,2026-04-30T00:00:00
980,743,87,5572,moisturizer,2026-04-30T08:49:40,1,Synthetic / Demo Data,2026-04-30T00:00:00
981,749,74,5586,moisturizer,2026-04-01T20:25:41,1,Synthetic / Demo Data,2026-04-01T00:00:00
982,749,31,5588,toner,2026-04-02T04:56:28,1,Synthetic / Demo Data,2026-04-02T00:00:00
983,752,57,5599,active,2026-06-28T05:46:07,1,Synthetic / Demo Data,2026-06-28T00:00:00
984,752,76,5600,moisturizer,2026-06-28T05:40:37,0,Synthetic / Demo Data,2026-06-28T00:00:00
985,752,7,5608,cleansing,2026-07-04T06:29:39,1,Synthetic / Demo Data,2026-07-04T00:00:00
986,752,116,5609,spf,2026-07-14T04:44:57,1,Synthetic / Demo Data,2026-07-14T00:00:00
987,753,82,5611,moisturizer,2026-07-24T22:50:11,0,Synthetic / Demo Data,2026-07-24T00:00:00
988,753,103,5615,spf,2026-08-02T07:17:17,1,Synthetic / Demo Data,2026-08-02T00:00:00
989,753,116,5616,spf,2026-08-02T05:28:13,1,Synthetic / Demo Data,2026-08-02T00:00:00
990,753,63,5618,active,2026-08-02T03:53:30,1,Synthetic / Demo Data,2026-08-02T00:00:00
991,753,97,5622,spf,2026-08-05T17:01:14,1,Synthetic / Demo Data,2026-08-05T00:00:00
992,755,81,5627,moisturizer,2026-08-26T18:41:46,1,Synthetic / Demo Data,2026-08-26T00:00:00
993,755,67,5632,active,2026-08-29T10:32:13,1,Synthetic / Demo Data,2026-08-29T00:00:00
994,755,115,5633,spf,2026-08-29T13:38:59,1,Synthetic / Demo Data,2026-08-29T00:00:00
995,755,116,5635,spf,2026-08-30T06:10:46,1,Synthetic / Demo Data,2026-08-30T00:00:00
996,758,1,5648,cleansing,2026-07-10T20:39:38,1,Synthetic / Demo Data,2026-07-10T00:00:00
997,758,92,5651,moisturizer,2026-07-13T23:16:36,1,Synthetic / Demo Data,2026-07-13T00:00:00
998,758,78,5653,moisturizer,2026-07-13T23:57:41,1,Synthetic / Demo Data,2026-07-13T00:00:00
999,758,7,5654,cleansing,2026-07-14T00:19:18,1,Synthetic / Demo Data,2026-07-14T00:00:00
1000,759,113,5656,spf,2026-03-22T03:39:49,1,Synthetic / Demo Data,2026-03-22T00:00:00
1001,759,17,5658,cleansing,2026-03-22T00:37:38,0,Synthetic / Demo Data,2026-03-22T00:00:00
1002,759,52,5660,active,2026-03-26T06:40:26,1,Synthetic / Demo Data,2026-03-26T00:00:00
1003,759,92,5661,moisturizer,2026-03-26T03:57:42,1,Synthetic / Demo Data,2026-03-26T00:00:00
1004,759,89,5663,moisturizer,2026-03-26T00:56:54,1,Synthetic / Demo Data,2026-03-26T00:00:00
1005,759,5,5665,cleansing,2026-03-28T18:55:07,0,Synthetic / Demo Data,2026-03-28T00:00:00
1006,760,112,5667,spf,2026-08-05T23:02:31,1,Synthetic / Demo Data,2026-08-05T00:00:00
1007,760,92,5668,moisturizer,2026-08-06T01:41:49,1,Synthetic / Demo Data,2026-08-06T00:00:00
1008,760,97,5669,spf,2026-08-05T18:11:35,1,Synthetic / Demo Data,2026-08-05T00:00:00
1009,760,12,5672,cleansing,2026-08-07T23:24:01,1,Synthetic / Demo Data,2026-08-07T00:00:00
1010,765,78,5675,moisturizer,2026-07-14T13:33:06,1,Synthetic / Demo Data,2026-07-14T00:00:00
1011,766,21,5685,cleansing,2026-05-11T13:20:59,1,Synthetic / Demo Data,2026-05-11T00:00:00
1012,766,43,5687,toner,2026-05-11T16:58:48,1,Synthetic / Demo Data,2026-05-11T00:00:00
1013,772,49,5717,active,2026-02-08T08:01:05,1,Synthetic / Demo Data,2026-02-08T00:00:00
1014,772,106,5718,spf,2026-02-08T07:06:57,1,Synthetic / Demo Data,2026-02-08T00:00:00
1015,772,36,5722,toner,2026-02-15T16:49:31,1,Synthetic / Demo Data,2026-02-15T00:00:00
1016,776,116,5729,spf,2026-05-19T09:04:27,0,Synthetic / Demo Data,2026-05-19T00:00:00
1017,776,112,5732,spf,2026-05-19T10:30:37,0,Synthetic / Demo Data,2026-05-19T00:00:00
1018,776,83,5740,moisturizer,2026-05-28T05:30:12,0,Synthetic / Demo Data,2026-05-28T00:00:00
1019,776,46,5741,toner,2026-05-28T03:45:32,1,Synthetic / Demo Data,2026-05-28T00:00:00
1020,777,116,5742,spf,2026-04-28T01:54:53,1,Synthetic / Demo Data,2026-04-28T00:00:00
1021,777,4,5744,cleansing,2026-04-28T03:59:53,1,Synthetic / Demo Data,2026-04-28T00:00:00
1022,777,107,5747,spf,2026-04-28T21:53:34,1,Synthetic / Demo Data,2026-04-28T00:00:00
1023,777,10,5751,cleansing,2026-04-28T17:21:01,1,Synthetic / Demo Data,2026-04-28T00:00:00
1024,777,63,5752,active,2026-05-04T17:50:36,1,Synthetic / Demo Data,2026-05-04T00:00:00
1025,778,72,5755,active,2026-02-04T00:23:09,1,Synthetic / Demo Data,2026-02-04T00:00:00
1026,778,85,5756,moisturizer,2026-02-03T22:31:08,1,Synthetic / Demo Data,2026-02-03T00:00:00
1027,780,16,5760,cleansing,2026-04-21T01:22:05,1,Synthetic / Demo Data,2026-04-21T00:00:00
1028,780,18,5762,cleansing,2026-04-21T02:05:23,0,Synthetic / Demo Data,2026-04-21T00:00:00
1029,781,75,5773,moisturizer,2026-07-17T12:41:35,1,Synthetic / Demo Data,2026-07-17T00:00:00
1030,781,109,5774,spf,2026-07-17T09:42:04,1,Synthetic / Demo Data,2026-07-17T00:00:00
1031,781,24,5785,cleansing,2026-07-20T15:04:07,1,Synthetic / Demo Data,2026-07-20T00:00:00
1032,784,44,5800,toner,2026-02-25T06:28:19,1,Synthetic / Demo Data,2026-02-25T00:00:00
1033,784,40,5802,toner,2026-02-25T08:25:38,1,Synthetic / Demo Data,2026-02-25T00:00:00
1034,784,17,5803,cleansing,2026-02-25T10:46:12,1,Synthetic / Demo Data,2026-02-25T00:00:00
1035,784,72,5804,active,2026-02-25T09:54:37,1,Synthetic / Demo Data,2026-02-25T00:00:00
1036,785,100,5807,spf,2026-06-19T14:13:02,1,Synthetic / Demo Data,2026-06-19T00:00:00
1037,785,1,5814,cleansing,2026-07-01T07:08:06,1,Synthetic / Demo Data,2026-07-01T00:00:00
1038,786,30,5821,toner,2026-02-09T00:07:02,0,Synthetic / Demo Data,2026-02-09T00:00:00
1039,789,34,5830,toner,2026-07-21T08:59:56,1,Synthetic / Demo Data,2026-07-21T00:00:00
1040,792,29,5843,toner,2026-03-19T11:48:58,0,Synthetic / Demo Data,2026-03-19T00:00:00
1041,792,25,5846,toner,2026-03-30T19:38:46,0,Synthetic / Demo Data,2026-03-30T00:00:00
1042,792,114,5848,spf,2026-03-30T18:40:47,1,Synthetic / Demo Data,2026-03-30T00:00:00
1043,793,94,5849,moisturizer,2026-04-25T09:32:52,1,Synthetic / Demo Data,2026-04-25T00:00:00
1044,793,49,5851,active,2026-04-25T08:08:49,1,Synthetic / Demo Data,2026-04-25T00:00:00
1045,793,116,5852,spf,2026-04-25T08:09:29,1,Synthetic / Demo Data,2026-04-25T00:00:00
1046,794,24,5856,cleansing,2026-05-09T21:13:11,1,Synthetic / Demo Data,2026-05-09T00:00:00
1047,795,118,5873,spf,2026-08-06T22:18:36,1,Synthetic / Demo Data,2026-08-06T00:00:00
1048,796,92,5876,moisturizer,2026-02-08T04:52:35,1,Synthetic / Demo Data,2026-02-08T00:00:00
1049,796,85,5885,moisturizer,2026-02-10T08:24:28,1,Synthetic / Demo Data,2026-02-10T00:00:00
1050,797,113,5888,spf,2026-03-24T21:21:19,1,Synthetic / Demo Data,2026-03-24T00:00:00
1051,798,65,5896,active,2026-07-09T20:16:02,0,Synthetic / Demo Data,2026-07-09T00:00:00
1052,798,81,5901,moisturizer,2026-07-16T23:48:39,1,Synthetic / Demo Data,2026-07-16T00:00:00
1053,798,82,5907,moisturizer,2026-07-23T21:43:11,1,Synthetic / Demo Data,2026-07-23T00:00:00
1054,799,22,5908,cleansing,2026-06-13T00:25:39,1,Synthetic / Demo Data,2026-06-13T00:00:00
1055,799,18,5915,cleansing,2026-06-17T17:20:48,1,Synthetic / Demo Data,2026-06-17T00:00:00
1056,799,109,5920,spf,2026-07-01T16:27:52,1,Synthetic / Demo Data,2026-07-01T00:00:00
1057,800,21,5926,cleansing,2026-07-14T17:57:05,0,Synthetic / Demo Data,2026-07-14T00:00:00
1058,800,116,5927,spf,2026-07-14T18:35:26,1,Synthetic / Demo Data,2026-07-14T00:00:00
1059,801,33,5934,toner,2026-09-14T18:26:06,1,Synthetic / Demo Data,2026-09-14T00:00:00
1060,802,115,5942,spf,2026-07-13T17:24:05,1,Synthetic / Demo Data,2026-07-13T00:00:00
1061,805,28,5955,toner,2026-06-09T19:29:42,1,Synthetic / Demo Data,2026-06-09T00:00:00
1062,805,12,5957,cleansing,2026-06-10T02:18:54,1,Synthetic / Demo Data,2026-06-10T00:00:00
1063,806,12,5962,cleansing,2026-02-19T09:14:51,1,Synthetic / Demo Data,2026-02-19T00:00:00
1064,806,32,5969,toner,2026-02-27T20:09:33,1,Synthetic / Demo Data,2026-02-27T00:00:00
1065,807,21,5978,cleansing,2026-07-20T20:14:12,1,Synthetic / Demo Data,2026-07-20T00:00:00
1066,809,100,5980,spf,2026-08-09T22:06:05,1,Synthetic / Demo Data,2026-08-09T00:00:00
1067,809,81,5981,moisturizer,2026-08-09T23:10:50,1,Synthetic / Demo Data,2026-08-09T00:00:00
1068,811,116,5999,spf,2026-08-14T05:02:30,0,Synthetic / Demo Data,2026-08-14T00:00:00
1069,811,4,6001,cleansing,2026-08-14T04:31:22,1,Synthetic / Demo Data,2026-08-14T00:00:00
1070,811,115,6004,spf,2026-08-15T20:35:06,1,Synthetic / Demo Data,2026-08-15T00:00:00
1071,812,74,6015,moisturizer,2026-04-26T00:34:09,1,Synthetic / Demo Data,2026-04-26T00:00:00
1072,813,37,6017,toner,2026-03-20T20:05:30,0,Synthetic / Demo Data,2026-03-20T00:00:00
1073,813,21,6019,cleansing,2026-03-21T00:06:57,1,Synthetic / Demo Data,2026-03-21T00:00:00
1074,813,7,6020,cleansing,2026-03-20T23:58:39,1,Synthetic / Demo Data,2026-03-20T00:00:00
1075,813,116,6026,spf,2026-04-05T02:01:26,1,Synthetic / Demo Data,2026-04-05T00:00:00
1076,814,94,6028,moisturizer,2026-03-03T18:14:41,1,Synthetic / Demo Data,2026-03-03T00:00:00
1077,814,76,6034,moisturizer,2026-03-21T03:44:08,1,Synthetic / Demo Data,2026-03-21T00:00:00
1078,814,107,6035,spf,2026-03-21T05:08:34,1,Synthetic / Demo Data,2026-03-21T00:00:00
1079,814,116,6036,spf,2026-03-21T07:30:29,0,Synthetic / Demo Data,2026-03-21T00:00:00
1080,814,63,6039,active,2026-03-23T09:43:56,1,Synthetic / Demo Data,2026-03-23T00:00:00
1081,816,30,6043,toner,2026-04-18T17:56:22,1,Synthetic / Demo Data,2026-04-18T00:00:00
1082,816,55,6049,active,2026-04-19T07:53:38,1,Synthetic / Demo Data,2026-04-19T00:00:00
1083,817,85,6055,moisturizer,2026-05-21T08:34:35,1,Synthetic / Demo Data,2026-05-21T00:00:00
1084,818,19,6063,cleansing,2026-05-08T11:16:14,1,Synthetic / Demo Data,2026-05-08T00:00:00
1085,818,17,6065,cleansing,2026-05-08T14:55:06,1,Synthetic / Demo Data,2026-05-08T00:00:00
1086,821,77,6100,moisturizer,2026-08-26T16:10:36,1,Synthetic / Demo Data,2026-08-26T00:00:00
1087,823,21,6105,cleansing,2026-06-18T15:14:24,1,Synthetic / Demo Data,2026-06-18T00:00:00
1088,823,7,6107,cleansing,2026-06-18T17:00:35,1,Synthetic / Demo Data,2026-06-18T00:00:00
1089,823,16,6113,cleansing,2026-06-23T05:50:28,1,Synthetic / Demo Data,2026-06-23T00:00:00
1090,824,106,6122,spf,2026-09-10T19:46:29,1,Synthetic / Demo Data,2026-09-10T00:00:00
1091,825,82,6136,moisturizer,2026-06-12T02:50:26,1,Synthetic / Demo Data,2026-06-12T00:00:00
1092,825,66,6138,active,2026-06-19T20:10:11,1,Synthetic / Demo Data,2026-06-19T00:00:00
1093,825,84,6141,moisturizer,2026-06-19T23:22:57,1,Synthetic / Demo Data,2026-06-19T00:00:00
1094,826,16,6147,cleansing,2026-08-01T18:35:53,1,Synthetic / Demo Data,2026-08-01T00:00:00
1095,829,34,6152,toner,2026-03-09T15:57:13,1,Synthetic / Demo Data,2026-03-09T00:00:00
1096,829,88,6153,moisturizer,2026-03-09T17:41:24,1,Synthetic / Demo Data,2026-03-09T00:00:00
1097,829,109,6154,spf,2026-03-09T18:43:35,1,Synthetic / Demo Data,2026-03-09T00:00:00
1098,830,12,6167,cleansing,2026-07-18T19:55:58,1,Synthetic / Demo Data,2026-07-18T00:00:00
1099,832,67,6175,active,2026-01-28T10:12:11,1,Synthetic / Demo Data,2026-01-28T00:00:00
1100,832,106,6179,spf,2026-02-04T13:44:59,1,Synthetic / Demo Data,2026-02-04T00:00:00
1101,834,41,6183,toner,2026-08-15T05:44:30,1,Synthetic / Demo Data,2026-08-15T00:00:00
1102,834,14,6184,cleansing,2026-08-15T12:43:25,1,Synthetic / Demo Data,2026-08-15T00:00:00
1103,836,97,6197,spf,2026-03-16T08:35:56,1,Synthetic / Demo Data,2026-03-16T00:00:00
1104,836,20,6200,cleansing,2026-03-16T09:05:24,1,Synthetic / Demo Data,2026-03-16T00:00:00
1105,836,68,6201,active,2026-03-17T00:21:31,1,Synthetic / Demo Data,2026-03-17T00:00:00
1106,836,63,6204,active,2026-03-17T01:55:15,0,Synthetic / Demo Data,2026-03-17T00:00:00
1107,838,83,6210,moisturizer,2026-08-09T23:04:16,1,Synthetic / Demo Data,2026-08-09T00:00:00
1108,839,1,6219,cleansing,2026-02-01T18:19:00,1,Synthetic / Demo Data,2026-02-01T00:00:00
1109,839,17,6221,cleansing,2026-02-01T15:39:09,1,Synthetic / Demo Data,2026-02-01T00:00:00
1110,840,7,6240,cleansing,2026-04-04T06:12:26,1,Synthetic / Demo Data,2026-04-04T00:00:00
1111,844,9,6247,cleansing,2026-03-05T22:02:18,1,Synthetic / Demo Data,2026-03-05T00:00:00
1112,844,13,6252,cleansing,2026-03-07T11:52:51,0,Synthetic / Demo Data,2026-03-07T00:00:00
1113,844,107,6255,spf,2026-03-10T21:58:15,1,Synthetic / Demo Data,2026-03-10T00:00:00
1114,844,7,6256,cleansing,2026-03-11T02:08:28,1,Synthetic / Demo Data,2026-03-11T00:00:00
1115,846,118,6261,spf,2026-08-18T17:13:16,1,Synthetic / Demo Data,2026-08-18T00:00:00
1116,846,110,6262,spf,2026-08-18T13:04:38,1,Synthetic / Demo Data,2026-08-18T00:00:00
1117,846,1,6267,cleansing,2026-09-02T08:23:34,1,Synthetic / Demo Data,2026-09-02T00:00:00
1118,846,106,6268,spf,2026-09-02T14:09:13,0,Synthetic / Demo Data,2026-09-02T00:00:00
1119,847,40,6276,toner,2026-04-12T09:57:35,1,Synthetic / Demo Data,2026-04-12T00:00:00
1120,847,72,6278,active,2026-04-12T08:10:29,1,Synthetic / Demo Data,2026-04-12T00:00:00
1121,849,1,6287,cleansing,2026-08-04T13:21:49,0,Synthetic / Demo Data,2026-08-04T00:00:00
1122,849,54,6293,active,2026-08-08T11:22:12,1,Synthetic / Demo Data,2026-08-08T00:00:00
1123,849,83,6296,moisturizer,2026-08-09T07:49:47,1,Synthetic / Demo Data,2026-08-09T00:00:00
1124,850,89,6307,moisturizer,2026-09-16T19:03:56,1,Synthetic / Demo Data,2026-09-16T00:00:00
1125,850,81,6308,moisturizer,2026-09-16T21:16:31,1,Synthetic / Demo Data,2026-09-16T00:00:00
1126,853,5,6324,cleansing,2026-03-23T23:52:28,1,Synthetic / Demo Data,2026-03-23T00:00:00
1127,853,4,6326,cleansing,2026-03-24T01:16:39,1,Synthetic / Demo Data,2026-03-24T00:00:00
1128,854,113,6329,spf,2026-08-27T07:59:13,1,Synthetic / Demo Data,2026-08-27T00:00:00
1129,854,43,6331,toner,2026-08-27T07:25:50,1,Synthetic / Demo Data,2026-08-27T00:00:00
1130,854,99,6332,spf,2026-08-27T17:37:42,1,Synthetic / Demo Data,2026-08-27T00:00:00
1131,859,55,6361,active,2026-05-02T20:57:37,0,Synthetic / Demo Data,2026-05-02T00:00:00
1132,859,109,6364,spf,2026-05-18T19:19:14,0,Synthetic / Demo Data,2026-05-18T00:00:00
1133,859,112,6365,spf,2026-05-18T19:24:44,1,Synthetic / Demo Data,2026-05-18T00:00:00
1134,860,90,6369,moisturizer,2026-03-03T07:09:00,1,Synthetic / Demo Data,2026-03-03T00:00:00
1135,860,104,6377,spf,2026-03-08T10:03:53,1,Synthetic / Demo Data,2026-03-08T00:00:00
1136,860,109,6380,spf,2026-03-09T00:56:17,1,Synthetic / Demo Data,2026-03-09T00:00:00
1137,861,62,6381,active,2026-05-04T03:28:33,0,Synthetic / Demo Data,2026-05-04T00:00:00
1138,861,93,6387,moisturizer,2026-05-09T11:33:17,1,Synthetic / Demo Data,2026-05-09T00:00:00
1139,861,27,6389,toner,2026-05-09T15:22:41,1,Synthetic / Demo Data,2026-05-09T00:00:00
1140,863,66,6391,active,2026-08-21T20:23:10,1,Synthetic / Demo Data,2026-08-21T00:00:00
1141,863,14,6397,cleansing,2026-08-27T00:09:19,1,Synthetic / Demo Data,2026-08-27T00:00:00
1142,863,90,6400,moisturizer,2026-09-04T08:00:21,1,Synthetic / Demo Data,2026-09-04T00:00:00
1143,863,74,6401,moisturizer,2026-09-04T10:12:30,1,Synthetic / Demo Data,2026-09-04T00:00:00
1144,863,17,6403,cleansing,2026-09-04T09:37:20,1,Synthetic / Demo Data,2026-09-04T00:00:00
1145,864,8,6405,cleansing,2026-08-13T09:55:54,1,Synthetic / Demo Data,2026-08-13T00:00:00
1146,864,92,6413,moisturizer,2026-08-19T14:39:40,1,Synthetic / Demo Data,2026-08-19T00:00:00
1147,865,116,6414,spf,2026-03-29T06:54:02,1,Synthetic / Demo Data,2026-03-29T00:00:00
1148,865,115,6416,spf,2026-03-29T06:50:03,1,Synthetic / Demo Data,2026-03-29T00:00:00
1149,865,22,6420,cleansing,2026-04-12T14:30:56,1,Synthetic / Demo Data,2026-04-12T00:00:00
1150,865,83,6422,moisturizer,2026-04-12T10:07:21,1,Synthetic / Demo Data,2026-04-12T00:00:00
1151,865,94,6423,moisturizer,2026-04-12T14:19:15,1,Synthetic / Demo Data,2026-04-12T00:00:00
1152,867,18,6426,cleansing,2026-02-22T06:24:42,1,Synthetic / Demo Data,2026-02-22T00:00:00
1153,867,82,6427,moisturizer,2026-02-22T08:36:38,1,Synthetic / Demo Data,2026-02-22T00:00:00
1154,868,97,6441,spf,2026-06-06T12:41:52,1,Synthetic / Demo Data,2026-06-06T00:00:00
1155,869,56,6452,active,2026-06-27T21:47:37,1,Synthetic / Demo Data,2026-06-27T00:00:00
1156,872,66,6476,active,2026-05-16T11:26:29,1,Synthetic / Demo Data,2026-05-16T00:00:00
1157,873,76,6478,moisturizer,2026-06-22T16:13:08,1,Synthetic / Demo Data,2026-06-22T00:00:00
1158,873,93,6488,moisturizer,2026-06-26T16:36:13,1,Synthetic / Demo Data,2026-06-26T00:00:00
1159,875,74,6493,moisturizer,2026-04-04T00:21:36,1,Synthetic / Demo Data,2026-04-04T00:00:00
1160,876,40,6498,toner,2026-06-22T00:59:02,1,Synthetic / Demo Data,2026-06-22T00:00:00
1161,876,115,6507,spf,2026-07-04T14:19:48,1,Synthetic / Demo Data,2026-07-04T00:00:00
1162,876,44,6510,toner,2026-07-04T14:50:43,1,Synthetic / Demo Data,2026-07-04T00:00:00
1163,877,30,6512,toner,2026-03-14T13:41:11,1,Synthetic / Demo Data,2026-03-14T00:00:00
1164,877,60,6513,active,2026-03-14T14:39:26,1,Synthetic / Demo Data,2026-03-14T00:00:00
1165,877,27,6514,toner,2026-03-14T15:01:57,1,Synthetic / Demo Data,2026-03-14T00:00:00
1166,877,67,6517,active,2026-03-15T06:28:05,1,Synthetic / Demo Data,2026-03-15T00:00:00
1167,877,82,6519,moisturizer,2026-03-15T07:25:59,1,Synthetic / Demo Data,2026-03-15T00:00:00
1168,877,76,6523,moisturizer,2026-03-26T02:30:08,1,Synthetic / Demo Data,2026-03-26T00:00:00
1169,878,57,6529,active,2026-07-20T00:27:44,1,Synthetic / Demo Data,2026-07-20T00:00:00
1170,878,92,6531,moisturizer,2026-07-29T06:39:59,1,Synthetic / Demo Data,2026-07-29T00:00:00
1171,879,4,6543,cleansing,2026-08-26T19:01:24,1,Synthetic / Demo Data,2026-08-26T00:00:00
1172,879,11,6544,cleansing,2026-08-26T18:52:55,1,Synthetic / Demo Data,2026-08-26T00:00:00
1173,879,92,6546,moisturizer,2026-08-26T16:30:26,1,Synthetic / Demo Data,2026-08-26T00:00:00
1174,879,113,6548,spf,2026-08-27T05:52:11,1,Synthetic / Demo Data,2026-08-27T00:00:00
1175,879,104,6549,spf,2026-08-27T05:32:18,1,Synthetic / Demo Data,2026-08-27T00:00:00
1176,882,115,6568,spf,2026-03-23T12:17:25,1,Synthetic / Demo Data,2026-03-23T00:00:00
1177,883,99,6577,spf,2026-08-01T04:17:51,1,Synthetic / Demo Data,2026-08-01T00:00:00
1178,883,112,6579,spf,2026-08-01T05:46:03,1,Synthetic / Demo Data,2026-08-01T00:00:00
1179,885,24,6593,cleansing,2026-05-23T11:41:53,1,Synthetic / Demo Data,2026-05-23T00:00:00
1180,886,40,6597,toner,2026-07-26T09:12:15,1,Synthetic / Demo Data,2026-07-26T00:00:00
1181,888,116,6613,spf,2026-08-03T20:07:58,1,Synthetic / Demo Data,2026-08-03T00:00:00
1182,888,54,6617,active,2026-08-09T10:59:09,1,Synthetic / Demo Data,2026-08-09T00:00:00
1183,890,97,6628,spf,2026-04-03T21:48:49,1,Synthetic / Demo Data,2026-04-03T00:00:00
1184,890,94,6630,moisturizer,2026-04-04T01:33:16,1,Synthetic / Demo Data,2026-04-04T00:00:00
1185,891,48,6644,toner,2026-02-16T03:57:02,1,Synthetic / Demo Data,2026-02-16T00:00:00
1186,892,28,6648,toner,2026-07-22T14:23:12,1,Synthetic / Demo Data,2026-07-22T00:00:00
1187,892,74,6651,moisturizer,2026-07-22T17:35:54,1,Synthetic / Demo Data,2026-07-22T00:00:00
1188,894,74,6659,moisturizer,2026-03-14T16:24:07,1,Synthetic / Demo Data,2026-03-14T00:00:00
1189,895,82,6666,moisturizer,2026-08-29T05:52:36,1,Synthetic / Demo Data,2026-08-29T00:00:00
1190,895,10,6668,cleansing,2026-08-30T07:01:10,1,Synthetic / Demo Data,2026-08-30T00:00:00
1191,896,107,6681,spf,2026-06-13T10:38:21,1,Synthetic / Demo Data,2026-06-13T00:00:00
1192,906,97,6702,spf,2026-05-04T07:38:26,1,Synthetic / Demo Data,2026-05-04T00:00:00
1193,906,24,6706,cleansing,2026-05-04T10:06:56,1,Synthetic / Demo Data,2026-05-04T00:00:00
1194,906,34,6714,toner,2026-05-13T11:11:19,1,Synthetic / Demo Data,2026-05-13T00:00:00
1195,907,92,6716,moisturizer,2026-08-18T12:44:36,1,Synthetic / Demo Data,2026-08-18T00:00:00
1196,907,2,6717,cleansing,2026-08-18T15:49:34,1,Synthetic / Demo Data,2026-08-18T00:00:00
1197,907,68,6720,active,2026-09-02T09:30:37,1,Synthetic / Demo Data,2026-09-02T00:00:00
1198,909,109,6729,spf,2026-05-24T23:32:55,1,Synthetic / Demo Data,2026-05-24T00:00:00
1199,909,78,6733,moisturizer,2026-06-09T08:39:13,1,Synthetic / Demo Data,2026-06-09T00:00:00
1200,910,28,6739,toner,2026-01-14T01:47:35,1,Synthetic / Demo Data,2026-01-14T00:00:00
1201,910,113,6741,spf,2026-01-14T00:43:40,0,Synthetic / Demo Data,2026-01-14T00:00:00
1202,910,75,6747,moisturizer,2026-01-29T23:58:00,1,Synthetic / Demo Data,2026-01-29T00:00:00
1203,911,120,6752,spf,2026-07-08T21:58:15,1,Synthetic / Demo Data,2026-07-08T00:00:00
1204,911,11,6754,cleansing,2026-07-09T03:08:40,1,Synthetic / Demo Data,2026-07-09T00:00:00
1205,914,74,6762,moisturizer,2026-03-13T02:21:11,1,Synthetic / Demo Data,2026-03-13T00:00:00
1206,914,97,6768,spf,2026-03-31T05:06:47,1,Synthetic / Demo Data,2026-03-31T00:00:00
1207,914,35,6769,toner,2026-03-31T01:27:29,1,Synthetic / Demo Data,2026-03-31T00:00:00
1208,914,54,6775,active,2026-04-02T14:12:35,1,Synthetic / Demo Data,2026-04-02T00:00:00
1209,916,27,6790,toner,2026-07-12T17:45:01,0,Synthetic / Demo Data,2026-07-12T00:00:00
1210,918,116,6812,spf,2026-04-25T11:39:59,0,Synthetic / Demo Data,2026-04-25T00:00:00
1211,918,109,6813,spf,2026-04-25T09:24:35,1,Synthetic / Demo Data,2026-04-25T00:00:00
1212,918,63,6816,active,2026-05-02T18:48:29,0,Synthetic / Demo Data,2026-05-02T00:00:00
1213,919,55,6829,active,2026-03-20T14:04:37,0,Synthetic / Demo Data,2026-03-20T00:00:00
1214,919,2,6832,cleansing,2026-03-27T18:56:29,0,Synthetic / Demo Data,2026-03-27T00:00:00
1215,919,65,6833,active,2026-03-27T21:26:47,1,Synthetic / Demo Data,2026-03-27T00:00:00
1216,919,102,6834,spf,2026-03-27T18:55:12,1,Synthetic / Demo Data,2026-03-27T00:00:00
1217,920,63,6838,active,2026-02-07T04:54:50,1,Synthetic / Demo Data,2026-02-07T00:00:00
1218,923,14,6851,cleansing,2026-08-28T04:24:51,1,Synthetic / Demo Data,2026-08-28T00:00:00
1219,924,90,6856,moisturizer,2026-02-28T08:18:31,1,Synthetic / Demo Data,2026-02-28T00:00:00
1220,924,109,6859,spf,2026-03-08T18:00:35,0,Synthetic / Demo Data,2026-03-08T00:00:00
1221,924,116,6862,spf,2026-03-08T18:11:30,1,Synthetic / Demo Data,2026-03-08T00:00:00
1222,925,14,6866,cleansing,2026-03-14T11:41:50,1,Synthetic / Demo Data,2026-03-14T00:00:00
1223,925,72,6867,active,2026-03-14T13:05:23,1,Synthetic / Demo Data,2026-03-14T00:00:00
1224,925,116,6870,spf,2026-03-17T03:48:48,1,Synthetic / Demo Data,2026-03-17T00:00:00
1225,928,90,6878,moisturizer,2026-02-12T07:59:26,1,Synthetic / Demo Data,2026-02-12T00:00:00
1226,928,1,6882,cleansing,2026-02-24T04:48:11,1,Synthetic / Demo Data,2026-02-24T00:00:00
1227,928,105,6884,spf,2026-02-24T09:29:42,1,Synthetic / Demo Data,2026-02-24T00:00:00
1228,930,120,6901,spf,2026-02-24T11:57:28,1,Synthetic / Demo Data,2026-02-24T00:00:00
1229,930,55,6904,active,2026-02-24T10:16:08,1,Synthetic / Demo Data,2026-02-24T00:00:00
1230,930,14,6905,cleansing,2026-02-24T09:41:44,1,Synthetic / Demo Data,2026-02-24T00:00:00
1231,930,106,6907,spf,2026-02-27T12:02:49,1,Synthetic / Demo Data,2026-02-27T00:00:00
1232,931,116,6914,spf,2026-04-28T23:20:18,1,Synthetic / Demo Data,2026-04-28T00:00:00
1233,931,2,6915,cleansing,2026-04-28T23:53:10,1,Synthetic / Demo Data,2026-04-28T00:00:00
1234,931,81,6918,moisturizer,2026-04-28T20:55:21,1,Synthetic / Demo Data,2026-04-28T00:00:00
1235,932,14,6931,cleansing,2026-05-15T12:42:28,1,Synthetic / Demo Data,2026-05-15T00:00:00
1236,932,46,6934,toner,2026-05-24T18:10:15,1,Synthetic / Demo Data,2026-05-24T00:00:00
1237,933,75,6939,moisturizer,2026-06-04T17:25:28,1,Synthetic / Demo Data,2026-06-04T00:00:00
1238,935,16,6954,cleansing,2026-08-09T21:11:10,1,Synthetic / Demo Data,2026-08-09T00:00:00
1239,935,27,6955,toner,2026-08-10T01:47:58,1,Synthetic / Demo Data,2026-08-10T00:00:00
1240,935,111,6956,spf,2026-08-16T07:33:26,1,Synthetic / Demo Data,2026-08-16T00:00:00
1241,935,2,6958,cleansing,2026-08-16T02:22:33,1,Synthetic / Demo Data,2026-08-16T00:00:00
1242,936,32,6963,toner,2026-09-01T11:26:27,1,Synthetic / Demo Data,2026-09-01T00:00:00
1243,936,1,6965,cleansing,2026-09-11T15:35:10,1,Synthetic / Demo Data,2026-09-11T00:00:00
1244,936,55,6968,active,2026-09-11T17:40:28,1,Synthetic / Demo Data,2026-09-11T00:00:00
1245,937,65,6969,active,2026-04-29T11:30:03,1,Synthetic / Demo Data,2026-04-29T00:00:00
1246,937,46,6971,toner,2026-04-29T11:14:57,1,Synthetic / Demo Data,2026-04-29T00:00:00
1247,937,84,6973,moisturizer,2026-04-29T10:11:04,1,Synthetic / Demo Data,2026-04-29T00:00:00
1248,937,82,6974,moisturizer,2026-05-11T03:37:54,0,Synthetic / Demo Data,2026-05-11T00:00:00
1249,939,116,6982,spf,2026-02-05T05:06:13,1,Synthetic / Demo Data,2026-02-05T00:00:00
1250,940,66,6999,active,2026-09-16T21:31:43,1,Synthetic / Demo Data,2026-09-16T00:00:00
1251,941,21,7006,cleansing,2026-02-11T02:16:35,1,Synthetic / Demo Data,2026-02-11T00:00:00
1252,941,99,7010,spf,2026-02-27T06:10:15,1,Synthetic / Demo Data,2026-02-27T00:00:00
1253,942,34,7013,toner,2026-01-03T05:20:06,1,Synthetic / Demo Data,2026-01-03T00:00:00
1254,942,63,7018,active,2026-01-10T10:39:01,1,Synthetic / Demo Data,2026-01-10T00:00:00
1255,942,72,7021,active,2026-01-10T11:53:16,1,Synthetic / Demo Data,2026-01-10T00:00:00
1256,942,74,7023,moisturizer,2026-01-17T13:40:40,1,Synthetic / Demo Data,2026-01-17T00:00:00
1257,944,115,7024,spf,2026-08-01T04:14:36,1,Synthetic / Demo Data,2026-08-01T00:00:00
1258,944,98,7029,spf,2026-08-01T05:38:21,1,Synthetic / Demo Data,2026-08-01T00:00:00
1259,945,36,7039,toner,2026-05-02T10:40:09,1,Synthetic / Demo Data,2026-05-02T00:00:00
1260,945,22,7041,cleansing,2026-05-02T12:42:55,1,Synthetic / Demo Data,2026-05-02T00:00:00
1261,946,51,7048,active,2026-02-17T22:31:25,1,Synthetic / Demo Data,2026-02-17T00:00:00
1262,946,106,7049,spf,2026-02-18T02:13:11,1,Synthetic / Demo Data,2026-02-18T00:00:00
1263,948,104,7051,spf,2026-07-04T00:12:02,1,Synthetic / Demo Data,2026-07-04T00:00:00
1264,948,96,7056,moisturizer,2026-07-11T12:03:46,1,Synthetic / Demo Data,2026-07-11T00:00:00
1265,948,75,7061,moisturizer,2026-07-19T12:27:45,1,Synthetic / Demo Data,2026-07-19T00:00:00
1266,949,116,7066,spf,2026-08-28T13:51:10,1,Synthetic / Demo Data,2026-08-28T00:00:00
1267,954,90,7087,moisturizer,2026-08-03T09:30:30,1,Synthetic / Demo Data,2026-08-03T00:00:00
1268,954,61,7090,active,2026-08-05T21:07:36,1,Synthetic / Demo Data,2026-08-05T00:00:00
1269,957,113,7098,spf,2026-06-20T15:23:02,1,Synthetic / Demo Data,2026-06-20T00:00:00
1270,958,46,7107,toner,2026-04-10T10:31:34,1,Synthetic / Demo Data,2026-04-10T00:00:00
1271,958,28,7108,toner,2026-04-23T18:10:41,1,Synthetic / Demo Data,2026-04-23T00:00:00
1272,958,54,7113,active,2026-04-24T22:18:29,1,Synthetic / Demo Data,2026-04-24T00:00:00
1273,959,32,7115,toner,2026-05-13T18:02:57,1,Synthetic / Demo Data,2026-05-13T00:00:00
1274,959,6,7117,cleansing,2026-05-13T18:01:03,1,Synthetic / Demo Data,2026-05-13T00:00:00
1275,959,81,7118,moisturizer,2026-05-13T20:09:46,1,Synthetic / Demo Data,2026-05-13T00:00:00
1276,959,36,7119,toner,2026-05-17T07:58:37,1,Synthetic / Demo Data,2026-05-17T00:00:00
1277,960,67,7128,active,2026-04-06T20:26:08,1,Synthetic / Demo Data,2026-04-06T00:00:00
1278,960,88,7130,moisturizer,2026-04-06T23:07:24,1,Synthetic / Demo Data,2026-04-06T00:00:00
1279,960,37,7133,toner,2026-04-09T14:04:14,1,Synthetic / Demo Data,2026-04-09T00:00:00
1280,960,116,7134,spf,2026-04-09T14:22:28,1,Synthetic / Demo Data,2026-04-09T00:00:00
1281,960,104,7142,spf,2026-04-16T05:33:33,1,Synthetic / Demo Data,2026-04-16T00:00:00
1282,960,105,7145,spf,2026-04-16T11:47:45,1,Synthetic / Demo Data,2026-04-16T00:00:00
1283,961,64,7151,active,2026-07-23T09:42:19,1,Synthetic / Demo Data,2026-07-23T00:00:00
1284,961,44,7153,toner,2026-07-23T12:14:05,1,Synthetic / Demo Data,2026-07-23T00:00:00
1285,961,3,7156,cleansing,2026-07-27T10:04:58,0,Synthetic / Demo Data,2026-07-27T00:00:00
1286,961,8,7158,cleansing,2026-07-27T12:33:03,1,Synthetic / Demo Data,2026-07-27T00:00:00
1287,961,107,7161,spf,2026-08-01T23:58:37,1,Synthetic / Demo Data,2026-08-01T00:00:00
1288,962,52,7166,active,2026-06-27T22:48:50,1,Synthetic / Demo Data,2026-06-27T00:00:00
1289,962,116,7169,spf,2026-06-30T13:05:56,1,Synthetic / Demo Data,2026-06-30T00:00:00
1290,963,101,7171,spf,2026-05-04T21:58:02,1,Synthetic / Demo Data,2026-05-04T00:00:00
1291,963,25,7175,toner,2026-05-09T01:31:10,1,Synthetic / Demo Data,2026-05-09T00:00:00
1292,963,8,7179,cleansing,2026-05-09T02:31:43,1,Synthetic / Demo Data,2026-05-09T00:00:00
1293,965,111,7193,spf,2026-04-14T23:22:30,1,Synthetic / Demo Data,2026-04-14T00:00:00
1294,965,81,7196,moisturizer,2026-04-14T21:20:45,1,Synthetic / Demo Data,2026-04-14T00:00:00
1295,966,83,7199,moisturizer,2026-04-09T06:33:53,1,Synthetic / Demo Data,2026-04-09T00:00:00
1296,966,61,7204,active,2026-04-18T16:04:19,1,Synthetic / Demo Data,2026-04-18T00:00:00
1297,968,84,7217,moisturizer,2026-04-09T01:13:47,1,Synthetic / Demo Data,2026-04-09T00:00:00
1298,971,72,7230,active,2026-08-10T21:40:50,1,Synthetic / Demo Data,2026-08-10T00:00:00
1299,971,52,7234,active,2026-08-16T16:59:39,1,Synthetic / Demo Data,2026-08-16T00:00:00
1300,971,22,7237,cleansing,2026-08-16T14:18:54,1,Synthetic / Demo Data,2026-08-16T00:00:00
1301,971,92,7239,moisturizer,2026-08-16T20:01:04,1,Synthetic / Demo Data,2026-08-16T00:00:00
1302,971,56,7240,active,2026-08-16T17:53:54,1,Synthetic / Demo Data,2026-08-16T00:00:00
1303,971,7,7243,cleansing,2026-08-17T00:10:17,1,Synthetic / Demo Data,2026-08-17T00:00:00
1304,974,13,7266,cleansing,2026-07-18T17:09:18,1,Synthetic / Demo Data,2026-07-18T00:00:00
1305,974,76,7268,moisturizer,2026-07-24T08:52:42,1,Synthetic / Demo Data,2026-07-24T00:00:00
1306,975,116,7269,spf,2026-02-10T13:24:45,1,Synthetic / Demo Data,2026-02-10T00:00:00
1307,975,105,7270,spf,2026-02-10T13:17:17,1,Synthetic / Demo Data,2026-02-10T00:00:00
1308,975,114,7271,spf,2026-02-10T13:12:34,1,Synthetic / Demo Data,2026-02-10T00:00:00
1309,976,50,7280,active,2026-05-21T00:17:50,1,Synthetic / Demo Data,2026-05-21T00:00:00
1310,979,70,7288,active,2026-04-17T03:08:13,1,Synthetic / Demo Data,2026-04-17T00:00:00
1311,979,116,7296,spf,2026-04-27T18:44:46,1,Synthetic / Demo Data,2026-04-27T00:00:00
1312,979,112,7299,spf,2026-04-28T07:34:15,1,Synthetic / Demo Data,2026-04-28T00:00:00
1313,979,16,7300,cleansing,2026-04-28T12:31:14,0,Synthetic / Demo Data,2026-04-28T00:00:00
1314,979,80,7301,moisturizer,2026-04-28T13:51:04,1,Synthetic / Demo Data,2026-04-28T00:00:00
1315,979,79,7302,moisturizer,2026-05-03T09:21:47,1,Synthetic / Demo Data,2026-05-03T00:00:00
1316,980,7,7307,cleansing,2026-03-15T07:12:29,1,Synthetic / Demo Data,2026-03-15T00:00:00
1317,980,116,7308,spf,2026-03-18T19:54:07,1,Synthetic / Demo Data,2026-03-18T00:00:00
1318,980,27,7312,toner,2026-03-18T19:02:40,1,Synthetic / Demo Data,2026-03-18T00:00:00
1319,980,55,7315,active,2026-03-24T20:28:33,1,Synthetic / Demo Data,2026-03-24T00:00:00
1320,981,36,7316,toner,2026-08-31T22:33:44,1,Synthetic / Demo Data,2026-08-31T00:00:00
1321,981,116,7320,spf,2026-09-01T01:57:08,1,Synthetic / Demo Data,2026-09-01T00:00:00
1322,981,58,7323,active,2026-09-07T11:40:17,0,Synthetic / Demo Data,2026-09-07T00:00:00
1323,985,66,7343,active,2026-08-12T23:45:50,1,Synthetic / Demo Data,2026-08-12T00:00:00
1324,986,21,7349,cleansing,2026-03-01T20:58:28,1,Synthetic / Demo Data,2026-03-01T00:00:00
1325,987,76,7369,moisturizer,2026-02-03T02:35:28,1,Synthetic / Demo Data,2026-02-03T00:00:00
1326,988,25,7374,toner,2026-06-29T14:51:36,0,Synthetic / Demo Data,2026-06-29T00:00:00
1327,989,97,7383,spf,2026-02-18T07:17:44,1,Synthetic / Demo Data,2026-02-18T00:00:00
1328,989,84,7387,moisturizer,2026-02-22T00:00:47,1,Synthetic / Demo Data,2026-02-22T00:00:00
1329,989,7,7389,cleansing,2026-02-22T03:35:32,1,Synthetic / Demo Data,2026-02-22T00:00:00
1330,992,63,7395,active,2026-07-01T03:05:31,1,Synthetic / Demo Data,2026-07-01T00:00:00
1331,992,45,7397,toner,2026-07-01T04:48:11,1,Synthetic / Demo Data,2026-07-01T00:00:00
1332,992,49,7401,active,2026-07-05T13:01:11,1,Synthetic / Demo Data,2026-07-05T00:00:00
1333,992,118,7402,spf,2026-07-05T07:52:03,1,Synthetic / Demo Data,2026-07-05T00:00:00
1334,993,18,7405,cleansing,2026-07-25T02:01:38,1,Synthetic / Demo Data,2026-07-25T00:00:00
1335,993,39,7409,toner,2026-07-25T03:48:03,1,Synthetic / Demo Data,2026-07-25T00:00:00
1336,995,105,7425,spf,2026-04-28T02:42:15,1,Synthetic / Demo Data,2026-04-28T00:00:00
1337,996,8,7437,cleansing,2026-04-24T09:33:44,1,Synthetic / Demo Data,2026-04-24T00:00:00
1338,996,7,7443,cleansing,2026-05-02T05:10:59,1,Synthetic / Demo Data,2026-05-02T00:00:00
1339,996,21,7446,cleansing,2026-05-02T05:45:23,1,Synthetic / Demo Data,2026-05-02T00:00:00
1340,997,76,7449,moisturizer,2026-03-13T05:47:01,1,Synthetic / Demo Data,2026-03-13T00:00:00
1341,997,11,7453,cleansing,2026-03-13T13:44:05,1,Synthetic / Demo Data,2026-03-13T00:00:00
1342,997,27,7455,toner,2026-03-13T13:37:25,1,Synthetic / Demo Data,2026-03-13T00:00:00
1343,998,38,7457,toner,2026-02-25T13:10:55,1,Synthetic / Demo Data,2026-02-25T00:00:00
1344,998,106,7461,spf,2026-03-04T18:50:53,1,Synthetic / Demo Data,2026-03-04T00:00:00
1345,998,49,7466,active,2026-03-16T20:29:28,1,Synthetic / Demo Data,2026-03-16T00:00:00
1346,1000,116,7472,spf,2026-08-09T21:55:28,1,Synthetic / Demo Data,2026-08-09T00:00:00
1347,1000,24,7476,cleansing,2026-08-09T22:14:12,1,Synthetic / Demo Data,2026-08-09T00:00:00
1348,1002,116,7482,spf,2026-02-09T11:38:36,1,Synthetic / Demo Data,2026-02-09T00:00:00
1349,1004,110,7498,spf,2026-07-19T13:42:28,1,Synthetic / Demo Data,2026-07-19T00:00:00
1350,1004,69,7499,active,2026-07-19T11:55:48,1,Synthetic / Demo Data,2026-07-19T00:00:00
1351,1004,99,7500,spf,2026-07-19T16:17:55,1,Synthetic / Demo Data,2026-07-19T00:00:00
1352,1005,22,7508,cleansing,2026-04-21T17:07:25,1,Synthetic / Demo Data,2026-04-21T00:00:00
1353,1005,116,7509,spf,2026-04-21T16:30:11,1,Synthetic / Demo Data,2026-04-21T00:00:00
1354,1006,39,7514,toner,2026-01-30T15:52:58,1,Synthetic / Demo Data,2026-01-30T00:00:00
1355,1007,74,7526,moisturizer,2026-03-07T18:45:02,1,Synthetic / Demo Data,2026-03-07T00:00:00
1356,1008,92,7536,moisturizer,2026-02-04T16:58:04,1,Synthetic / Demo Data,2026-02-04T00:00:00
1357,1008,14,7537,cleansing,2026-02-04T18:48:02,0,Synthetic / Demo Data,2026-02-04T00:00:00
1358,1009,103,7543,spf,2026-05-18T12:57:20,1,Synthetic / Demo Data,2026-05-18T00:00:00
1359,1009,82,7548,moisturizer,2026-05-19T02:56:28,1,Synthetic / Demo Data,2026-05-19T00:00:00
1360,1009,12,7550,cleansing,2026-05-19T06:59:24,0,Synthetic / Demo Data,2026-05-19T00:00:00
1361,1010,2,7551,cleansing,2026-03-12T08:26:38,1,Synthetic / Demo Data,2026-03-12T00:00:00
1362,1010,40,7556,toner,2026-03-23T07:51:35,0,Synthetic / Demo Data,2026-03-23T00:00:00
1363,1011,110,7562,spf,2026-05-26T21:11:30,1,Synthetic / Demo Data,2026-05-26T00:00:00
1364,1011,35,7568,toner,2026-05-28T17:17:47,1,Synthetic / Demo Data,2026-05-28T00:00:00
1365,1011,74,7569,moisturizer,2026-05-28T15:18:21,1,Synthetic / Demo Data,2026-05-28T00:00:00
1366,1013,19,7581,cleansing,2026-07-09T02:20:29,1,Synthetic / Demo Data,2026-07-09T00:00:00
1367,1014,96,7588,moisturizer,2026-02-05T06:33:31,1,Synthetic / Demo Data,2026-02-05T00:00:00
1368,1017,76,7607,moisturizer,2026-06-29T14:48:37,1,Synthetic / Demo Data,2026-06-29T00:00:00
1369,1017,113,7608,spf,2026-06-29T15:31:26,1,Synthetic / Demo Data,2026-06-29T00:00:00
1370,1018,90,7618,moisturizer,2026-01-29T10:24:44,1,Synthetic / Demo Data,2026-01-29T00:00:00
1371,1018,9,7620,cleansing,2026-02-05T02:50:20,1,Synthetic / Demo Data,2026-02-05T00:00:00
1372,1019,21,7630,cleansing,2026-03-18T00:40:22,1,Synthetic / Demo Data,2026-03-18T00:00:00
1373,1019,82,7632,moisturizer,2026-03-31T17:12:46,1,Synthetic / Demo Data,2026-03-31T00:00:00
1374,1021,107,7634,spf,2026-05-12T09:01:34,0,Synthetic / Demo Data,2026-05-12T00:00:00
1375,1021,81,7635,moisturizer,2026-05-12T07:40:42,1,Synthetic / Demo Data,2026-05-12T00:00:00
1376,1022,55,7648,active,2026-03-05T00:03:49,1,Synthetic / Demo Data,2026-03-05T00:00:00
1377,1022,110,7650,spf,2026-03-04T21:54:58,1,Synthetic / Demo Data,2026-03-04T00:00:00
1378,1023,106,7658,spf,2026-02-15T08:02:23,1,Synthetic / Demo Data,2026-02-15T00:00:00
1379,1023,27,7661,toner,2026-02-19T11:27:15,1,Synthetic / Demo Data,2026-02-19T00:00:00
1380,1025,24,7671,cleansing,2026-08-07T00:31:56,1,Synthetic / Demo Data,2026-08-07T00:00:00
1381,1026,84,7677,moisturizer,2026-02-15T09:06:26,1,Synthetic / Demo Data,2026-02-15T00:00:00
1382,1026,106,7680,spf,2026-02-15T11:50:17,1,Synthetic / Demo Data,2026-02-15T00:00:00
1383,1026,116,7683,spf,2026-03-01T20:51:48,1,Synthetic / Demo Data,2026-03-01T00:00:00
1384,1028,108,7691,spf,2026-08-18T03:44:32,1,Synthetic / Demo Data,2026-08-18T00:00:00
1385,1029,116,7698,spf,2026-05-26T00:12:38,1,Synthetic / Demo Data,2026-05-26T00:00:00
1386,1030,1,7701,cleansing,2026-07-20T18:01:13,1,Synthetic / Demo Data,2026-07-20T00:00:00
1387,1030,106,7707,spf,2026-07-26T16:29:04,1,Synthetic / Demo Data,2026-07-26T00:00:00
1388,1032,19,7722,cleansing,2026-01-11T21:17:13,1,Synthetic / Demo Data,2026-01-11T00:00:00
1389,1032,37,7727,toner,2026-01-18T12:56:39,1,Synthetic / Demo Data,2026-01-18T00:00:00
1390,1032,31,7728,toner,2026-01-18T10:55:55,1,Synthetic / Demo Data,2026-01-18T00:00:00
1391,1035,1,7730,cleansing,2026-08-06T02:09:57,1,Synthetic / Demo Data,2026-08-06T00:00:00
1392,1035,102,7732,spf,2026-08-06T02:18:14,1,Synthetic / Demo Data,2026-08-06T00:00:00
1393,1035,25,7738,toner,2026-08-17T03:07:18,1,Synthetic / Demo Data,2026-08-17T00:00:00
1394,1036,116,7741,spf,2026-03-13T01:19:07,0,Synthetic / Demo Data,2026-03-13T00:00:00
1395,1037,108,7752,spf,2026-02-27T12:39:44,1,Synthetic / Demo Data,2026-02-27T00:00:00
1396,1037,72,7753,active,2026-02-27T11:59:59,1,Synthetic / Demo Data,2026-02-27T00:00:00
1397,1038,6,7763,cleansing,2026-03-22T06:56:47,1,Synthetic / Demo Data,2026-03-22T00:00:00
1398,1040,38,7781,toner,2026-06-01T11:25:45,0,Synthetic / Demo Data,2026-06-01T00:00:00
1399,1040,9,7783,cleansing,2026-06-01T22:06:31,1,Synthetic / Demo Data,2026-06-01T00:00:00
1400,1041,1,7802,cleansing,2026-04-24T19:26:50,1,Synthetic / Demo Data,2026-04-24T00:00:00
1401,1042,55,7804,active,2026-01-07T04:24:52,1,Synthetic / Demo Data,2026-01-07T00:00:00
1402,1042,56,7805,active,2026-01-07T03:07:46,1,Synthetic / Demo Data,2026-01-07T00:00:00
1403,1042,112,7807,spf,2026-01-07T03:29:06,1,Synthetic / Demo Data,2026-01-07T00:00:00
1404,1042,14,7810,cleansing,2026-01-08T16:29:23,1,Synthetic / Demo Data,2026-01-08T00:00:00
1405,1043,107,7824,spf,2026-09-05T10:19:38,1,Synthetic / Demo Data,2026-09-05T00:00:00
1406,1044,10,7829,cleansing,2026-02-25T17:32:45,1,Synthetic / Demo Data,2026-02-25T00:00:00
1407,1044,75,7830,moisturizer,2026-02-25T18:06:56,1,Synthetic / Demo Data,2026-02-25T00:00:00
1408,1044,106,7833,spf,2026-03-04T01:59:08,1,Synthetic / Demo Data,2026-03-04T00:00:00
1409,1045,111,7836,spf,2026-06-28T05:05:22,1,Synthetic / Demo Data,2026-06-28T00:00:00
1410,1045,17,7837,cleansing,2026-06-28T04:29:41,1,Synthetic / Demo Data,2026-06-28T00:00:00
1411,1045,67,7838,active,2026-06-28T03:49:31,1,Synthetic / Demo Data,2026-06-28T00:00:00
1412,1045,43,7841,toner,2026-07-09T04:09:38,1,Synthetic / Demo Data,2026-07-09T00:00:00
1413,1045,50,7843,active,2026-07-09T04:18:25,1,Synthetic / Demo Data,2026-07-09T00:00:00
1414,1046,39,7846,toner,2026-08-11T17:48:09,1,Synthetic / Demo Data,2026-08-11T00:00:00
1415,1046,9,7847,cleansing,2026-08-11T18:03:39,1,Synthetic / Demo Data,2026-08-11T00:00:00
1416,1046,35,7849,toner,2026-08-15T10:33:58,1,Synthetic / Demo Data,2026-08-15T00:00:00
1417,1046,12,7854,cleansing,2026-08-16T19:27:23,1,Synthetic / Demo Data,2026-08-16T00:00:00
1418,1047,116,7858,spf,2026-08-12T11:48:33,1,Synthetic / Demo Data,2026-08-12T00:00:00
1419,1047,120,7862,spf,2026-08-12T13:03:10,1,Synthetic / Demo Data,2026-08-12T00:00:00
1420,1047,29,7863,toner,2026-08-31T09:16:23,1,Synthetic / Demo Data,2026-08-31T00:00:00
1421,1047,118,7866,spf,2026-08-31T11:21:17,1,Synthetic / Demo Data,2026-08-31T00:00:00
1422,1048,66,7874,active,2026-02-17T14:59:21,1,Synthetic / Demo Data,2026-02-17T00:00:00
1423,1049,116,7878,spf,2026-03-03T05:42:52,1,Synthetic / Demo Data,2026-03-03T00:00:00
1424,1049,51,7879,active,2026-03-03T04:49:13,0,Synthetic / Demo Data,2026-03-03T00:00:00
1425,1049,103,7882,spf,2026-03-03T05:52:45,1,Synthetic / Demo Data,2026-03-03T00:00:00
1426,1050,113,7890,spf,2026-04-05T18:56:21,0,Synthetic / Demo Data,2026-04-05T00:00:00
1427,1050,112,7892,spf,2026-04-05T21:19:35,1,Synthetic / Demo Data,2026-04-05T00:00:00
1428,1053,90,7914,moisturizer,2026-03-26T18:30:14,1,Synthetic / Demo Data,2026-03-26T00:00:00
1429,1053,9,7916,cleansing,2026-03-26T18:07:33,1,Synthetic / Demo Data,2026-03-26T00:00:00
1430,1053,82,7917,moisturizer,2026-03-26T20:42:24,1,Synthetic / Demo Data,2026-03-26T00:00:00
1431,1053,16,7918,cleansing,2026-03-29T15:37:58,1,Synthetic / Demo Data,2026-03-29T00:00:00
1432,1057,51,7945,active,2026-03-31T06:35:49,1,Synthetic / Demo Data,2026-03-31T00:00:00
1433,1058,72,7950,active,2026-08-14T23:55:24,1,Synthetic / Demo Data,2026-08-14T00:00:00
1434,1058,15,7953,cleansing,2026-08-15T02:36:46,1,Synthetic / Demo Data,2026-08-15T00:00:00
1435,1058,16,7957,cleansing,2026-08-24T18:41:01,1,Synthetic / Demo Data,2026-08-24T00:00:00
1436,1059,116,7959,spf,2026-02-25T14:10:37,1,Synthetic / Demo Data,2026-02-25T00:00:00
1437,1059,12,7961,cleansing,2026-02-25T14:19:15,1,Synthetic / Demo Data,2026-02-25T00:00:00
1438,1060,83,7966,moisturizer,2026-04-23T01:13:30,1,Synthetic / Demo Data,2026-04-23T00:00:00
1439,1066,8,7990,cleansing,2026-05-20T04:16:27,1,Synthetic / Demo Data,2026-05-20T00:00:00
1440,1067,14,7998,cleansing,2026-03-31T12:13:13,1,Synthetic / Demo Data,2026-03-31T00:00:00
1441,1067,82,8002,moisturizer,2026-03-31T11:39:14,1,Synthetic / Demo Data,2026-03-31T00:00:00
1442,1067,63,8003,active,2026-04-06T21:22:00,1,Synthetic / Demo Data,2026-04-06T00:00:00
1443,1067,25,8005,toner,2026-04-06T17:31:26,1,Synthetic / Demo Data,2026-04-06T00:00:00
1444,1067,61,8006,active,2026-04-06T19:02:26,1,Synthetic / Demo Data,2026-04-06T00:00:00
1445,1068,120,8014,spf,2026-02-15T19:54:12,1,Synthetic / Demo Data,2026-02-15T00:00:00
1446,1068,24,8016,cleansing,2026-02-21T04:12:16,1,Synthetic / Demo Data,2026-02-21T00:00:00
1447,1068,116,8023,spf,2026-02-23T12:16:12,1,Synthetic / Demo Data,2026-02-23T00:00:00
1448,1069,3,8026,cleansing,2026-08-18T14:57:34,0,Synthetic / Demo Data,2026-08-18T00:00:00
1449,1069,4,8030,cleansing,2026-08-18T19:41:05,1,Synthetic / Demo Data,2026-08-18T00:00:00
1450,1070,97,8038,spf,2026-05-12T19:09:00,0,Synthetic / Demo Data,2026-05-12T00:00:00
1451,1070,51,8039,active,2026-05-12T20:08:09,1,Synthetic / Demo Data,2026-05-12T00:00:00
1452,1071,50,8050,active,2026-03-25T22:49:15,1,Synthetic / Demo Data,2026-03-25T00:00:00
1453,1071,74,8054,moisturizer,2026-04-06T10:33:59,1,Synthetic / Demo Data,2026-04-06T00:00:00
1454,1073,82,8066,moisturizer,2026-02-27T21:28:17,0,Synthetic / Demo Data,2026-02-27T00:00:00
1455,1074,55,8071,active,2026-02-06T23:23:57,1,Synthetic / Demo Data,2026-02-06T00:00:00
1456,1074,116,8073,spf,2026-02-17T12:45:40,1,Synthetic / Demo Data,2026-02-17T00:00:00
1457,1074,63,8075,active,2026-02-17T10:10:16,1,Synthetic / Demo Data,2026-02-17T00:00:00
1458,1076,112,8086,spf,2026-06-01T16:38:18,1,Synthetic / Demo Data,2026-06-01T00:00:00
1459,1076,83,8089,moisturizer,2026-06-01T23:19:29,1,Synthetic / Demo Data,2026-06-01T00:00:00
1460,1076,20,8096,cleansing,2026-06-10T10:32:16,1,Synthetic / Demo Data,2026-06-10T00:00:00
1461,1078,108,8097,spf,2026-03-08T23:51:12,1,Synthetic / Demo Data,2026-03-08T00:00:00
1462,1078,90,8100,moisturizer,2026-03-09T01:27:23,1,Synthetic / Demo Data,2026-03-09T00:00:00
1463,1079,12,8115,cleansing,2026-03-15T12:59:44,1,Synthetic / Demo Data,2026-03-15T00:00:00
1464,1079,116,8118,spf,2026-03-15T12:38:05,1,Synthetic / Demo Data,2026-03-15T00:00:00
1465,1083,31,8131,toner,2026-02-18T16:59:16,1,Synthetic / Demo Data,2026-02-18T00:00:00
1466,1083,22,8137,cleansing,2026-02-23T00:14:15,1,Synthetic / Demo Data,2026-02-23T00:00:00
1467,1083,81,8138,moisturizer,2026-02-22T23:28:36,1,Synthetic / Demo Data,2026-02-22T00:00:00
1468,1083,46,8139,toner,2026-02-23T01:38:53,1,Synthetic / Demo Data,2026-02-23T00:00:00
1469,1083,73,8140,moisturizer,2026-02-28T23:02:24,1,Synthetic / Demo Data,2026-02-28T00:00:00
1470,1083,17,8142,cleansing,2026-02-28T22:54:17,1,Synthetic / Demo Data,2026-02-28T00:00:00
1471,1085,25,8146,toner,2026-07-14T00:48:56,1,Synthetic / Demo Data,2026-07-14T00:00:00
1472,1086,7,8157,cleansing,2026-06-06T09:23:42,1,Synthetic / Demo Data,2026-06-06T00:00:00
1473,1086,82,8158,moisturizer,2026-06-06T10:28:53,1,Synthetic / Demo Data,2026-06-06T00:00:00
1474,1086,51,8161,active,2026-06-18T05:43:11,1,Synthetic / Demo Data,2026-06-18T00:00:00
1475,1087,14,8165,cleansing,2026-08-10T14:40:49,1,Synthetic / Demo Data,2026-08-10T00:00:00
1476,1087,26,8171,toner,2026-08-16T08:27:56,1,Synthetic / Demo Data,2026-08-16T00:00:00
1477,1087,70,8180,active,2026-08-28T08:07:58,1,Synthetic / Demo Data,2026-08-28T00:00:00
1478,1091,83,8213,moisturizer,2026-06-19T00:57:26,1,Synthetic / Demo Data,2026-06-19T00:00:00
1479,1091,116,8218,spf,2026-06-27T16:56:03,1,Synthetic / Demo Data,2026-06-27T00:00:00
1480,1091,27,8219,toner,2026-06-27T13:36:29,1,Synthetic / Demo Data,2026-06-27T00:00:00
1481,1092,43,8232,toner,2026-09-02T04:07:00,1,Synthetic / Demo Data,2026-09-02T00:00:00
1482,1095,22,8256,cleansing,2026-03-12T17:01:04,1,Synthetic / Demo Data,2026-03-12T00:00:00
1483,1095,51,8257,active,2026-03-12T17:31:40,0,Synthetic / Demo Data,2026-03-12T00:00:00
1484,1097,51,8265,active,2026-02-02T14:59:53,1,Synthetic / Demo Data,2026-02-02T00:00:00
1485,1097,8,8267,cleansing,2026-02-16T13:40:46,1,Synthetic / Demo Data,2026-02-16T00:00:00
1486,1097,112,8271,spf,2026-02-17T00:14:15,1,Synthetic / Demo Data,2026-02-17T00:00:00
1487,1097,41,8272,toner,2026-02-17T02:41:14,1,Synthetic / Demo Data,2026-02-17T00:00:00
1488,1099,66,8289,active,2026-09-08T12:32:23,1,Synthetic / Demo Data,2026-09-08T00:00:00
1489,1099,8,8292,cleansing,2026-09-15T11:56:47,1,Synthetic / Demo Data,2026-09-15T00:00:00
1490,1101,1,8307,cleansing,2026-08-23T11:03:16,1,Synthetic / Demo Data,2026-08-23T00:00:00
1491,1101,17,8308,cleansing,2026-08-23T12:58:00,1,Synthetic / Demo Data,2026-08-23T00:00:00
1492,1101,97,8312,spf,2026-08-27T22:41:35,0,Synthetic / Demo Data,2026-08-27T00:00:00
1493,1102,40,8318,toner,2026-02-25T16:03:59,1,Synthetic / Demo Data,2026-02-25T00:00:00
1494,1102,27,8319,toner,2026-02-25T11:35:57,0,Synthetic / Demo Data,2026-02-25T00:00:00
1495,1102,19,8324,cleansing,2026-02-27T20:30:26,1,Synthetic / Demo Data,2026-02-27T00:00:00
1496,1102,116,8326,spf,2026-02-27T14:30:18,0,Synthetic / Demo Data,2026-02-27T00:00:00
1497,1102,13,8327,cleansing,2026-03-07T23:14:08,1,Synthetic / Demo Data,2026-03-07T00:00:00
1498,1103,85,8332,moisturizer,2026-02-12T15:11:28,1,Synthetic / Demo Data,2026-02-12T00:00:00
1499,1106,97,8357,spf,2026-01-24T16:08:41,1,Synthetic / Demo Data,2026-01-24T00:00:00
1500,1106,82,8358,moisturizer,2026-01-24T19:34:41,0,Synthetic / Demo Data,2026-01-24T00:00:00
1501,1108,17,8363,cleansing,2026-08-04T05:54:52,1,Synthetic / Demo Data,2026-08-04T00:00:00
1502,1110,39,8371,toner,2026-04-29T21:37:17,1,Synthetic / Demo Data,2026-04-29T00:00:00
1503,1116,115,8395,spf,2026-07-12T21:01:33,1,Synthetic / Demo Data,2026-07-12T00:00:00
1504,1116,81,8397,moisturizer,2026-07-19T22:07:14,1,Synthetic / Demo Data,2026-07-19T00:00:00
1505,1116,7,8398,cleansing,2026-07-20T00:50:51,1,Synthetic / Demo Data,2026-07-20T00:00:00
1506,1116,76,8399,moisturizer,2026-07-19T23:56:50,1,Synthetic / Demo Data,2026-07-19T00:00:00
1507,1116,26,8403,toner,2026-07-21T18:32:00,1,Synthetic / Demo Data,2026-07-21T00:00:00
1508,1116,4,8405,cleansing,2026-07-21T14:33:13,1,Synthetic / Demo Data,2026-07-21T00:00:00
1509,1117,25,8412,toner,2026-04-28T17:02:56,1,Synthetic / Demo Data,2026-04-28T00:00:00
1510,1118,41,8433,toner,2026-03-04T00:20:25,1,Synthetic / Demo Data,2026-03-04T00:00:00
1511,1121,116,8440,spf,2026-07-08T19:25:25,1,Synthetic / Demo Data,2026-07-08T00:00:00
1512,1121,17,8445,cleansing,2026-07-23T09:22:14,1,Synthetic / Demo Data,2026-07-23T00:00:00
1513,1123,5,8460,cleansing,2026-07-11T05:59:30,0,Synthetic / Demo Data,2026-07-11T00:00:00
1514,1123,35,8463,toner,2026-07-11T04:33:16,1,Synthetic / Demo Data,2026-07-11T00:00:00
1515,1123,99,8469,spf,2026-07-24T04:20:50,1,Synthetic / Demo Data,2026-07-24T00:00:00
1516,1124,116,8477,spf,2026-02-16T08:29:29,1,Synthetic / Demo Data,2026-02-16T00:00:00
1517,1124,10,8481,cleansing,2026-02-22T20:09:47,0,Synthetic / Demo Data,2026-02-22T00:00:00
1518,1125,34,8483,toner,2026-08-25T18:46:18,1,Synthetic / Demo Data,2026-08-25T00:00:00
1519,1125,74,8488,moisturizer,2026-09-03T11:53:23,0,Synthetic / Demo Data,2026-09-03T00:00:00
1520,1126,106,8501,spf,2026-04-19T23:59:28,0,Synthetic / Demo Data,2026-04-19T00:00:00
1521,1127,51,8508,active,2026-02-25T10:15:30,1,Synthetic / Demo Data,2026-02-25T00:00:00
1522,1127,36,8509,toner,2026-02-25T11:16:37,1,Synthetic / Demo Data,2026-02-25T00:00:00
1523,1127,62,8510,active,2026-02-25T10:15:09,1,Synthetic / Demo Data,2026-02-25T00:00:00
1524,1127,116,8512,spf,2026-02-25T13:15:10,1,Synthetic / Demo Data,2026-02-25T00:00:00
1525,1127,55,8514,active,2026-03-02T05:52:19,1,Synthetic / Demo Data,2026-03-02T00:00:00
1526,1130,16,8523,cleansing,2026-05-18T12:16:26,1,Synthetic / Demo Data,2026-05-18T00:00:00
1527,1131,49,8533,active,2026-06-03T23:11:50,1,Synthetic / Demo Data,2026-06-03T00:00:00
1528,1131,40,8538,toner,2026-06-04T23:29:25,1,Synthetic / Demo Data,2026-06-04T00:00:00
1529,1133,1,8546,cleansing,2026-05-14T21:04:57,1,Synthetic / Demo Data,2026-05-14T00:00:00
1530,1134,70,8563,active,2026-04-08T12:59:02,0,Synthetic / Demo Data,2026-04-08T00:00:00
1531,1135,116,8574,spf,2026-07-10T00:15:37,0,Synthetic / Demo Data,2026-07-10T00:00:00
1532,1135,20,8575,cleansing,2026-07-09T18:38:15,0,Synthetic / Demo Data,2026-07-09T00:00:00
1533,1135,68,8581,active,2026-07-21T02:49:17,1,Synthetic / Demo Data,2026-07-21T00:00:00
1534,1136,7,8582,cleansing,2026-01-30T10:17:37,1,Synthetic / Demo Data,2026-01-30T00:00:00
1535,1136,107,8583,spf,2026-01-30T11:41:29,1,Synthetic / Demo Data,2026-01-30T00:00:00
1536,1136,11,8585,cleansing,2026-01-30T12:14:21,1,Synthetic / Demo Data,2026-01-30T00:00:00
1537,1136,14,8586,cleansing,2026-01-30T12:57:43,1,Synthetic / Demo Data,2026-01-30T00:00:00
1538,1137,51,8593,active,2026-07-10T17:23:49,1,Synthetic / Demo Data,2026-07-10T00:00:00
1539,1137,19,8596,cleansing,2026-07-10T19:04:47,1,Synthetic / Demo Data,2026-07-10T00:00:00
1540,1139,63,8603,active,2026-08-25T04:35:51,1,Synthetic / Demo Data,2026-08-25T00:00:00
1541,1139,106,8604,spf,2026-08-25T08:01:20,1,Synthetic / Demo Data,2026-08-25T00:00:00
1542,1139,14,8605,cleansing,2026-08-25T06:51:35,1,Synthetic / Demo Data,2026-08-25T00:00:00
1543,1140,92,8618,moisturizer,2026-05-15T23:29:34,1,Synthetic / Demo Data,2026-05-15T00:00:00
1544,1141,22,8621,cleansing,2026-03-04T13:50:32,1,Synthetic / Demo Data,2026-03-04T00:00:00
1545,1141,18,8632,cleansing,2026-03-19T21:39:38,1,Synthetic / Demo Data,2026-03-19T00:00:00
1546,1143,21,8635,cleansing,2026-08-31T21:10:32,1,Synthetic / Demo Data,2026-08-31T00:00:00
1547,1143,83,8637,moisturizer,2026-09-01T01:10:33,1,Synthetic / Demo Data,2026-09-01T00:00:00
1548,1143,4,8641,cleansing,2026-09-04T10:16:09,1,Synthetic / Demo Data,2026-09-04T00:00:00
1549,1143,54,8642,active,2026-09-04T11:03:08,1,Synthetic / Demo Data,2026-09-04T00:00:00
1550,1145,17,8646,cleansing,2026-04-26T02:23:42,1,Synthetic / Demo Data,2026-04-26T00:00:00
1551,1145,50,8649,active,2026-04-29T10:52:23,1,Synthetic / Demo Data,2026-04-29T00:00:00
1552,1146,100,8656,spf,2026-06-12T08:57:34,1,Synthetic / Demo Data,2026-06-12T00:00:00
1553,1147,7,8666,cleansing,2026-03-23T06:05:09,1,Synthetic / Demo Data,2026-03-23T00:00:00
1554,1147,21,8667,cleansing,2026-03-23T10:59:26,1,Synthetic / Demo Data,2026-03-23T00:00:00
1555,1148,43,8680,toner,2026-07-17T12:56:38,1,Synthetic / Demo Data,2026-07-17T00:00:00
1556,1148,107,8681,spf,2026-07-17T14:24:45,1,Synthetic / Demo Data,2026-07-17T00:00:00
1557,1150,72,8683,active,2026-07-11T20:22:57,1,Synthetic / Demo Data,2026-07-11T00:00:00
1558,1150,92,8687,moisturizer,2026-07-11T19:32:14,1,Synthetic / Demo Data,2026-07-11T00:00:00
1559,1150,81,8688,moisturizer,2026-07-19T22:43:01,1,Synthetic / Demo Data,2026-07-19T00:00:00
1560,1150,97,8690,spf,2026-07-20T03:10:14,1,Synthetic / Demo Data,2026-07-20T00:00:00
1561,1150,11,8691,cleansing,2026-07-19T22:19:30,1,Synthetic / Demo Data,2026-07-19T00:00:00
1562,1153,111,8704,spf,2026-02-22T01:27:16,0,Synthetic / Demo Data,2026-02-22T00:00:00
1563,1155,27,8717,toner,2026-05-29T18:30:17,1,Synthetic / Demo Data,2026-05-29T00:00:00
1564,1156,75,8722,moisturizer,2026-07-18T10:35:15,1,Synthetic / Demo Data,2026-07-18T00:00:00
1565,1156,55,8727,active,2026-07-24T07:26:57,1,Synthetic / Demo Data,2026-07-24T00:00:00
1566,1156,22,8729,cleansing,2026-07-24T10:30:21,1,Synthetic / Demo Data,2026-07-24T00:00:00
1567,1157,14,8739,cleansing,2026-04-10T06:53:28,1,Synthetic / Demo Data,2026-04-10T00:00:00
1568,1160,10,8745,cleansing,2026-01-22T03:31:08,1,Synthetic / Demo Data,2026-01-22T00:00:00
1569,1160,1,8747,cleansing,2026-01-24T06:14:48,1,Synthetic / Demo Data,2026-01-24T00:00:00
1570,1161,79,8757,moisturizer,2026-03-05T07:56:20,1,Synthetic / Demo Data,2026-03-05T00:00:00
1571,1161,55,8764,active,2026-03-11T08:15:00,1,Synthetic / Demo Data,2026-03-11T00:00:00
1572,1161,89,8765,moisturizer,2026-03-18T11:52:10,0,Synthetic / Demo Data,2026-03-18T00:00:00
1573,1163,30,8786,toner,2026-01-24T12:55:44,1,Synthetic / Demo Data,2026-01-24T00:00:00
1574,1163,82,8787,moisturizer,2026-01-24T08:59:35,1,Synthetic / Demo Data,2026-01-24T00:00:00
1575,1163,18,8790,cleansing,2026-01-24T11:49:53,1,Synthetic / Demo Data,2026-01-24T00:00:00
1576,1164,94,8792,moisturizer,2026-06-17T02:31:10,1,Synthetic / Demo Data,2026-06-17T00:00:00
1577,1164,38,8793,toner,2026-06-16T23:36:55,1,Synthetic / Demo Data,2026-06-16T00:00:00
1578,1166,27,8811,toner,2026-08-02T02:38:35,1,Synthetic / Demo Data,2026-08-02T00:00:00
1579,1166,76,8814,moisturizer,2026-08-02T01:28:55,1,Synthetic / Demo Data,2026-08-02T00:00:00
1580,1166,43,8818,toner,2026-08-02T19:18:37,1,Synthetic / Demo Data,2026-08-02T00:00:00
1581,1167,48,8821,toner,2026-03-04T20:19:57,1,Synthetic / Demo Data,2026-03-04T00:00:00
1582,1167,27,8827,toner,2026-03-09T03:44:17,1,Synthetic / Demo Data,2026-03-09T00:00:00
1583,1169,92,8829,moisturizer,2026-04-17T13:24:47,1,Synthetic / Demo Data,2026-04-17T00:00:00
1584,1169,55,8832,active,2026-04-17T17:16:44,1,Synthetic / Demo Data,2026-04-17T00:00:00
1585,1170,73,8840,moisturizer,2026-05-18T01:14:43,0,Synthetic / Demo Data,2026-05-18T00:00:00
1586,1170,27,8851,toner,2026-05-25T00:40:06,1,Synthetic / Demo Data,2026-05-25T00:00:00
1587,1173,63,8867,active,2026-06-26T06:25:41,1,Synthetic / Demo Data,2026-06-26T00:00:00
1588,1173,96,8870,moisturizer,2026-07-03T18:44:28,1,Synthetic / Demo Data,2026-07-03T00:00:00
1589,1173,93,8872,moisturizer,2026-07-03T15:30:28,1,Synthetic / Demo Data,2026-07-03T00:00:00
1590,1173,17,8874,cleansing,2026-07-03T15:53:56,1,Synthetic / Demo Data,2026-07-03T00:00:00
1591,1176,10,8880,cleansing,2026-06-28T10:40:56,1,Synthetic / Demo Data,2026-06-28T00:00:00
1592,1178,7,8891,cleansing,2026-02-20T04:55:43,1,Synthetic / Demo Data,2026-02-20T00:00:00
1593,1178,105,8892,spf,2026-02-20T07:41:50,1,Synthetic / Demo Data,2026-02-20T00:00:00
1594,1179,109,8898,spf,2026-07-08T04:33:50,1,Synthetic / Demo Data,2026-07-08T00:00:00
1595,1179,38,8901,toner,2026-07-08T09:23:49,0,Synthetic / Demo Data,2026-07-08T00:00:00
1596,1179,55,8909,active,2026-07-19T19:56:53,1,Synthetic / Demo Data,2026-07-19T00:00:00
1597,1181,36,8919,toner,2026-08-05T01:04:39,1,Synthetic / Demo Data,2026-08-05T00:00:00
1598,1183,17,8947,cleansing,2026-06-29T14:59:18,1,Synthetic / Demo Data,2026-06-29T00:00:00
1599,1184,112,8952,spf,2026-03-19T22:32:45,1,Synthetic / Demo Data,2026-03-19T00:00:00
1600,1184,82,8954,moisturizer,2026-03-19T21:49:04,1,Synthetic / Demo Data,2026-03-19T00:00:00
1601,1184,16,8957,cleansing,2026-03-23T13:22:38,1,Synthetic / Demo Data,2026-03-23T00:00:00
1602,1186,56,8959,active,2026-07-14T21:33:07,1,Synthetic / Demo Data,2026-07-14T00:00:00
1603,1186,15,8961,cleansing,2026-07-15T02:20:49,1,Synthetic / Demo Data,2026-07-15T00:00:00
1604,1186,25,8962,toner,2026-07-14T20:21:27,0,Synthetic / Demo Data,2026-07-14T00:00:00
1605,1186,110,8965,spf,2026-07-18T13:17:33,1,Synthetic / Demo Data,2026-07-18T00:00:00
1606,1186,111,8967,spf,2026-07-18T07:23:46,1,Synthetic / Demo Data,2026-07-18T00:00:00
1607,1187,10,8972,cleansing,2026-02-11T19:43:38,1,Synthetic / Demo Data,2026-02-11T00:00:00
1608,1187,34,8974,toner,2026-02-11T19:43:34,1,Synthetic / Demo Data,2026-02-11T00:00:00
1609,1187,18,8975,cleansing,2026-02-23T05:04:21,1,Synthetic / Demo Data,2026-02-23T00:00:00
1610,1187,22,8978,cleansing,2026-02-23T06:53:15,1,Synthetic / Demo Data,2026-02-23T00:00:00
1611,1187,58,8979,active,2026-02-23T09:16:28,0,Synthetic / Demo Data,2026-02-23T00:00:00
1612,1188,75,8980,moisturizer,2026-06-30T14:15:16,1,Synthetic / Demo Data,2026-06-30T00:00:00
1613,1188,11,8983,cleansing,2026-06-30T15:29:11,1,Synthetic / Demo Data,2026-06-30T00:00:00
1614,1188,38,8986,toner,2026-07-11T18:13:47,1,Synthetic / Demo Data,2026-07-11T00:00:00
1615,1188,84,8988,moisturizer,2026-07-11T15:09:42,1,Synthetic / Demo Data,2026-07-11T00:00:00
1616,1191,65,8989,active,2026-07-22T04:43:15,1,Synthetic / Demo Data,2026-07-22T00:00:00
1617,1194,46,9017,toner,2026-04-27T23:44:57,0,Synthetic / Demo Data,2026-04-27T00:00:00
1618,1196,43,9024,toner,2026-06-12T16:22:17,1,Synthetic / Demo Data,2026-06-12T00:00:00
1619,1196,34,9028,toner,2026-06-17T01:05:18,1,Synthetic / Demo Data,2026-06-17T00:00:00
1620,1197,58,9033,active,2026-07-05T05:54:39,1,Synthetic / Demo Data,2026-07-05T00:00:00
1621,1197,94,9035,moisturizer,2026-07-06T12:25:51,1,Synthetic / Demo Data,2026-07-06T00:00:00
1622,1197,21,9036,cleansing,2026-07-06T14:45:26,1,Synthetic / Demo Data,2026-07-06T00:00:00
1623,1198,10,9043,cleansing,2026-03-18T02:44:37,1,Synthetic / Demo Data,2026-03-18T00:00:00
1624,1198,75,9045,moisturizer,2026-03-18T02:04:10,1,Synthetic / Demo Data,2026-03-18T00:00:00
1625,1200,17,9047,cleansing,2026-08-25T19:58:56,1,Synthetic / Demo Data,2026-08-25T00:00:00
1626,1200,12,9048,cleansing,2026-08-25T14:27:09,1,Synthetic / Demo Data,2026-08-25T00:00:00
1627,1200,94,9054,moisturizer,2026-08-28T05:54:35,1,Synthetic / Demo Data,2026-08-28T00:00:00
1628,1200,48,9059,toner,2026-08-28T18:31:16,1,Synthetic / Demo Data,2026-08-28T00:00:00
1629,1201,11,9070,cleansing,2026-06-07T12:04:13,1,Synthetic / Demo Data,2026-06-07T00:00:00
1630,1201,112,9073,spf,2026-06-07T12:05:15,0,Synthetic / Demo Data,2026-06-07T00:00:00
1631,1202,50,9074,active,2026-07-21T16:11:50,1,Synthetic / Demo Data,2026-07-21T00:00:00
1632,1202,86,9076,moisturizer,2026-07-21T12:39:52,1,Synthetic / Demo Data,2026-07-21T00:00:00
1633,1202,116,9080,spf,2026-07-25T01:20:32,1,Synthetic / Demo Data,2026-07-25T00:00:00
1634,1204,101,9093,spf,2026-03-03T13:23:54,1,Synthetic / Demo Data,2026-03-03T00:00:00
1635,1206,63,9109,active,2026-06-07T13:38:57,1,Synthetic / Demo Data,2026-06-07T00:00:00
1636,1208,69,9113,active,2026-05-11T13:51:15,1,Synthetic / Demo Data,2026-05-11T00:00:00
1637,1208,31,9122,toner,2026-05-12T10:45:53,1,Synthetic / Demo Data,2026-05-12T00:00:00
1638,1209,92,9124,moisturizer,2026-02-08T15:09:28,1,Synthetic / Demo Data,2026-02-08T00:00:00
1639,1209,77,9126,moisturizer,2026-02-08T16:43:37,1,Synthetic / Demo Data,2026-02-08T00:00:00
1640,1209,17,9128,cleansing,2026-02-08T13:51:28,1,Synthetic / Demo Data,2026-02-08T00:00:00
1641,1209,74,9133,moisturizer,2026-02-12T16:31:39,1,Synthetic / Demo Data,2026-02-12T00:00:00
1642,1209,120,9135,spf,2026-02-13T06:45:24,1,Synthetic / Demo Data,2026-02-13T00:00:00
1643,1209,25,9136,toner,2026-02-13T03:58:27,1,Synthetic / Demo Data,2026-02-13T00:00:00
1644,1210,116,9142,spf,2026-05-04T02:20:59,0,Synthetic / Demo Data,2026-05-04T00:00:00
1645,1211,10,9153,cleansing,2026-08-17T03:29:11,1,Synthetic / Demo Data,2026-08-17T00:00:00
1646,1211,82,9158,moisturizer,2026-09-02T16:19:51,1,Synthetic / Demo Data,2026-09-02T00:00:00
1647,1212,100,9163,spf,2026-07-06T23:52:42,1,Synthetic / Demo Data,2026-07-06T00:00:00
1648,1212,116,9164,spf,2026-07-07T00:07:16,0,Synthetic / Demo Data,2026-07-07T00:00:00
1649,1212,112,9170,spf,2026-07-11T17:05:37,1,Synthetic / Demo Data,2026-07-11T00:00:00
1650,1212,67,9173,active,2026-07-11T19:33:42,1,Synthetic / Demo Data,2026-07-11T00:00:00
1651,1213,104,9177,spf,2026-08-23T15:12:52,1,Synthetic / Demo Data,2026-08-23T00:00:00
1652,1214,51,9194,active,2026-07-12T15:13:19,1,Synthetic / Demo Data,2026-07-12T00:00:00
1653,1216,48,9200,toner,2026-06-11T20:11:53,1,Synthetic / Demo Data,2026-06-11T00:00:00
1654,1219,109,9206,spf,2026-07-16T03:54:31,1,Synthetic / Demo Data,2026-07-16T00:00:00
1655,1219,106,9209,spf,2026-07-23T06:16:25,1,Synthetic / Demo Data,2026-07-23T00:00:00
1656,1224,65,9226,active,2026-01-15T14:27:35,1,Synthetic / Demo Data,2026-01-15T00:00:00
1657,1224,34,9227,toner,2026-01-15T11:19:23,1,Synthetic / Demo Data,2026-01-15T00:00:00
1658,1225,25,9233,toner,2026-05-08T07:20:58,1,Synthetic / Demo Data,2026-05-08T00:00:00
1659,1226,17,9238,cleansing,2026-05-09T17:40:34,1,Synthetic / Demo Data,2026-05-09T00:00:00
1660,1226,77,9239,moisturizer,2026-05-09T19:06:45,1,Synthetic / Demo Data,2026-05-09T00:00:00
1661,1226,74,9246,moisturizer,2026-05-21T18:11:58,1,Synthetic / Demo Data,2026-05-21T00:00:00
1662,1227,14,9249,cleansing,2026-04-01T18:57:19,1,Synthetic / Demo Data,2026-04-01T00:00:00
1663,1228,36,9257,toner,2026-05-28T21:59:37,1,Synthetic / Demo Data,2026-05-28T00:00:00
1664,1228,4,9261,cleansing,2026-05-30T13:42:51,1,Synthetic / Demo Data,2026-05-30T00:00:00
1665,1228,100,9262,spf,2026-05-30T16:20:51,1,Synthetic / Demo Data,2026-05-30T00:00:00
1666,1229,5,9266,cleansing,2026-05-31T15:37:50,1,Synthetic / Demo Data,2026-05-31T00:00:00
1667,1229,8,9274,cleansing,2026-06-04T17:59:50,1,Synthetic / Demo Data,2026-06-04T00:00:00
1668,1229,91,9276,moisturizer,2026-06-14T11:43:07,1,Synthetic / Demo Data,2026-06-14T00:00:00
1669,1229,21,9277,cleansing,2026-06-14T15:11:01,1,Synthetic / Demo Data,2026-06-14T00:00:00
1670,1230,116,9288,spf,2026-08-23T01:56:47,1,Synthetic / Demo Data,2026-08-23T00:00:00
1671,1232,101,9292,spf,2026-07-29T18:24:28,1,Synthetic / Demo Data,2026-07-29T00:00:00
1672,1232,66,9296,active,2026-08-10T04:39:08,1,Synthetic / Demo Data,2026-08-10T00:00:00
1673,1236,27,9321,toner,2026-04-21T08:55:21,1,Synthetic / Demo Data,2026-04-21T00:00:00
1674,1236,101,9330,spf,2026-04-23T05:59:48,1,Synthetic / Demo Data,2026-04-23T00:00:00
1675,1238,94,9337,moisturizer,2026-07-29T04:14:46,1,Synthetic / Demo Data,2026-07-29T00:00:00
1676,1238,10,9341,cleansing,2026-07-29T03:18:02,1,Synthetic / Demo Data,2026-07-29T00:00:00
1677,1240,81,9355,moisturizer,2026-09-13T10:35:49,1,Synthetic / Demo Data,2026-09-13T00:00:00
1678,1245,116,9366,spf,2026-04-26T13:54:15,1,Synthetic / Demo Data,2026-04-26T00:00:00
1679,1245,51,9373,active,2026-05-03T22:31:35,1,Synthetic / Demo Data,2026-05-03T00:00:00
1680,1246,17,9381,cleansing,2026-07-24T00:59:39,1,Synthetic / Demo Data,2026-07-24T00:00:00
1681,1246,109,9382,spf,2026-07-24T04:42:09,1,Synthetic / Demo Data,2026-07-24T00:00:00
1682,1246,74,9383,moisturizer,2026-07-24T04:45:58,1,Synthetic / Demo Data,2026-07-24T00:00:00
1683,1247,116,9388,spf,2026-08-11T15:08:22,1,Synthetic / Demo Data,2026-08-11T00:00:00
1684,1248,116,9396,spf,2026-06-08T00:48:24,1,Synthetic / Demo Data,2026-06-08T00:00:00
1685,1248,57,9397,active,2026-06-07T22:59:42,1,Synthetic / Demo Data,2026-06-07T00:00:00
1686,1248,106,9401,spf,2026-06-18T07:00:50,1,Synthetic / Demo Data,2026-06-18T00:00:00
1687,1248,70,9404,active,2026-06-18T09:43:09,1,Synthetic / Demo Data,2026-06-18T00:00:00
1688,1249,40,9411,toner,2026-04-19T09:52:42,1,Synthetic / Demo Data,2026-04-19T00:00:00
1689,1249,74,9412,moisturizer,2026-04-19T12:17:44,1,Synthetic / Demo Data,2026-04-19T00:00:00
1690,1250,97,9418,spf,2026-06-10T13:27:06,1,Synthetic / Demo Data,2026-06-10T00:00:00
1691,1251,10,9427,cleansing,2026-08-24T17:11:54,1,Synthetic / Demo Data,2026-08-24T00:00:00
1692,1251,63,9428,active,2026-08-24T15:33:51,1,Synthetic / Demo Data,2026-08-24T00:00:00
1693,1251,33,9431,toner,2026-08-24T17:31:28,1,Synthetic / Demo Data,2026-08-24T00:00:00
1694,1251,81,9433,moisturizer,2026-08-29T11:47:47,1,Synthetic / Demo Data,2026-08-29T00:00:00
1695,1251,21,9435,cleansing,2026-08-29T15:55:56,1,Synthetic / Demo Data,2026-08-29T00:00:00
1696,1251,22,9437,cleansing,2026-08-31T10:18:54,1,Synthetic / Demo Data,2026-08-31T00:00:00
1697,1252,66,9440,active,2026-03-07T11:44:56,1,Synthetic / Demo Data,2026-03-07T00:00:00
1698,1252,86,9441,moisturizer,2026-03-07T08:01:38,1,Synthetic / Demo Data,2026-03-07T00:00:00
1699,1252,27,9442,toner,2026-03-07T13:28:38,1,Synthetic / Demo Data,2026-03-07T00:00:00
1700,1252,21,9445,cleansing,2026-03-08T22:36:58,1,Synthetic / Demo Data,2026-03-08T00:00:00
1701,1252,38,9446,toner,2026-03-08T15:35:41,1,Synthetic / Demo Data,2026-03-08T00:00:00
1702,1252,18,9448,cleansing,2026-03-08T20:32:51,1,Synthetic / Demo Data,2026-03-08T00:00:00
1703,1252,112,9451,spf,2026-03-08T19:21:33,1,Synthetic / Demo Data,2026-03-08T00:00:00
1704,1254,112,9454,spf,2026-02-09T13:36:42,1,Synthetic / Demo Data,2026-02-09T00:00:00
1705,1254,61,9464,active,2026-02-17T00:18:32,1,Synthetic / Demo Data,2026-02-17T00:00:00
1706,1254,39,9466,toner,2026-02-17T00:20:42,1,Synthetic / Demo Data,2026-02-17T00:00:00
1707,1255,112,9472,spf,2026-04-21T11:38:36,1,Synthetic / Demo Data,2026-04-21T00:00:00
1708,1255,74,9474,moisturizer,2026-04-21T19:29:00,1,Synthetic / Demo Data,2026-04-21T00:00:00
1709,1257,78,9487,moisturizer,2026-08-13T17:08:02,1,Synthetic / Demo Data,2026-08-13T00:00:00
1710,1259,21,9492,cleansing,2026-05-05T12:38:50,1,Synthetic / Demo Data,2026-05-05T00:00:00
1711,1259,20,9494,cleansing,2026-05-10T05:42:49,1,Synthetic / Demo Data,2026-05-10T00:00:00
1712,1259,7,9495,cleansing,2026-05-10T04:48:16,1,Synthetic / Demo Data,2026-05-10T00:00:00
1713,1259,10,9497,cleansing,2026-05-10T05:50:56,1,Synthetic / Demo Data,2026-05-10T00:00:00
1714,1260,18,9507,cleansing,2026-03-27T17:24:03,1,Synthetic / Demo Data,2026-03-27T00:00:00
1715,1260,110,9508,spf,2026-03-27T18:35:43,1,Synthetic / Demo Data,2026-03-27T00:00:00
1716,1260,97,9509,spf,2026-03-27T20:14:02,1,Synthetic / Demo Data,2026-03-27T00:00:00
1717,1260,86,9512,moisturizer,2026-03-29T04:04:05,1,Synthetic / Demo Data,2026-03-29T00:00:00
1718,1261,116,9519,spf,2026-06-01T03:11:23,1,Synthetic / Demo Data,2026-06-01T00:00:00
1719,1263,76,9532,moisturizer,2026-06-07T21:39:38,1,Synthetic / Demo Data,2026-06-07T00:00:00
1720,1263,67,9533,active,2026-06-07T21:53:36,1,Synthetic / Demo Data,2026-06-07T00:00:00
1721,1264,49,9541,active,2026-05-08T18:10:12,0,Synthetic / Demo Data,2026-05-08T00:00:00
1722,1264,110,9545,spf,2026-05-08T22:23:17,1,Synthetic / Demo Data,2026-05-08T00:00:00
1723,1265,27,9561,toner,2026-03-29T16:27:18,1,Synthetic / Demo Data,2026-03-29T00:00:00
1724,1267,82,9562,moisturizer,2026-01-24T08:55:28,1,Synthetic / Demo Data,2026-01-24T00:00:00
1725,1267,6,9568,cleansing,2026-02-04T00:03:37,1,Synthetic / Demo Data,2026-02-04T00:00:00
1726,1267,7,9569,cleansing,2026-02-04T01:25:30,1,Synthetic / Demo Data,2026-02-04T00:00:00
1727,1267,74,9571,moisturizer,2026-02-04T00:25:22,1,Synthetic / Demo Data,2026-02-04T00:00:00
1728,1267,68,9575,active,2026-02-11T00:03:57,1,Synthetic / Demo Data,2026-02-11T00:00:00
1729,1268,1,9587,cleansing,2026-05-07T02:29:33,1,Synthetic / Demo Data,2026-05-07T00:00:00
1730,1270,84,9599,moisturizer,2026-04-03T03:29:02,1,Synthetic / Demo Data,2026-04-03T00:00:00
1731,1271,116,9608,spf,2026-04-15T04:26:07,1,Synthetic / Demo Data,2026-04-15T00:00:00
1732,1271,106,9609,spf,2026-04-15T08:17:33,0,Synthetic / Demo Data,2026-04-15T00:00:00
1733,1271,110,9610,spf,2026-04-15T04:55:26,1,Synthetic / Demo Data,2026-04-15T00:00:00
1734,1271,109,9614,spf,2026-04-25T17:58:54,1,Synthetic / Demo Data,2026-04-25T00:00:00
1735,1272,18,9620,cleansing,2026-03-28T09:00:45,1,Synthetic / Demo Data,2026-03-28T00:00:00
1736,1274,116,9626,spf,2026-08-26T16:20:23,1,Synthetic / Demo Data,2026-08-26T00:00:00
1737,1275,8,9641,cleansing,2026-04-08T07:56:23,1,Synthetic / Demo Data,2026-04-08T00:00:00
1738,1275,37,9642,toner,2026-04-08T07:09:11,1,Synthetic / Demo Data,2026-04-08T00:00:00
1739,1276,36,9655,toner,2026-01-26T17:10:59,1,Synthetic / Demo Data,2026-01-26T00:00:00
1740,1276,22,9661,cleansing,2026-02-08T19:32:30,1,Synthetic / Demo Data,2026-02-08T00:00:00
1741,1277,115,9663,spf,2026-08-31T12:47:12,1,Synthetic / Demo Data,2026-08-31T00:00:00
1742,1277,9,9665,cleansing,2026-08-31T13:23:32,1,Synthetic / Demo Data,2026-08-31T00:00:00
1743,1278,58,9671,active,2026-02-09T06:32:20,0,Synthetic / Demo Data,2026-02-09T00:00:00
1744,1278,76,9674,moisturizer,2026-02-09T09:06:34,1,Synthetic / Demo Data,2026-02-09T00:00:00
1745,1278,52,9675,active,2026-02-09T04:33:48,1,Synthetic / Demo Data,2026-02-09T00:00:00
1746,1278,7,9676,cleansing,2026-02-11T06:31:06,1,Synthetic / Demo Data,2026-02-11T00:00:00
1747,1278,1,9678,cleansing,2026-02-11T01:29:03,1,Synthetic / Demo Data,2026-02-11T00:00:00
1748,1279,13,9679,cleansing,2026-07-14T02:08:16,1,Synthetic / Demo Data,2026-07-14T00:00:00
1749,1279,82,9682,moisturizer,2026-07-14T02:47:17,1,Synthetic / Demo Data,2026-07-14T00:00:00
1750,1279,111,9687,spf,2026-07-17T18:32:58,1,Synthetic / Demo Data,2026-07-17T00:00:00
1751,1279,76,9688,moisturizer,2026-07-17T13:18:55,1,Synthetic / Demo Data,2026-07-17T00:00:00
1752,1279,36,9689,toner,2026-07-20T00:06:31,1,Synthetic / Demo Data,2026-07-20T00:00:00
1753,1280,97,9696,spf,2026-03-25T01:57:56,1,Synthetic / Demo Data,2026-03-25T00:00:00
1754,1281,21,9704,cleansing,2026-09-02T03:58:52,1,Synthetic / Demo Data,2026-09-02T00:00:00
1755,1281,101,9709,spf,2026-09-05T07:17:53,1,Synthetic / Demo Data,2026-09-05T00:00:00
1756,1283,116,9720,spf,2026-01-24T05:03:14,1,Synthetic / Demo Data,2026-01-24T00:00:00
1757,1285,83,9731,moisturizer,2026-07-11T19:43:19,1,Synthetic / Demo Data,2026-07-11T00:00:00
1758,1286,22,9740,cleansing,2026-08-12T02:42:17,1,Synthetic / Demo Data,2026-08-12T00:00:00
1759,1286,57,9741,active,2026-08-12T01:31:24,1,Synthetic / Demo Data,2026-08-12T00:00:00
1760,1286,9,9742,cleansing,2026-08-12T00:20:46,1,Synthetic / Demo Data,2026-08-12T00:00:00
1761,1286,116,9745,spf,2026-08-13T18:16:42,1,Synthetic / Demo Data,2026-08-13T00:00:00
1762,1286,76,9747,moisturizer,2026-08-13T15:58:54,1,Synthetic / Demo Data,2026-08-13T00:00:00
1763,1291,37,9769,toner,2026-01-23T17:44:53,1,Synthetic / Demo Data,2026-01-23T00:00:00
1764,1291,106,9774,spf,2026-02-01T14:01:14,1,Synthetic / Demo Data,2026-02-01T00:00:00
1765,1292,21,9781,cleansing,2026-01-24T23:56:32,1,Synthetic / Demo Data,2026-01-24T00:00:00
1766,1297,94,9800,moisturizer,2026-03-31T12:54:30,1,Synthetic / Demo Data,2026-03-31T00:00:00
1767,1297,103,9802,spf,2026-03-31T08:32:29,1,Synthetic / Demo Data,2026-03-31T00:00:00
1768,1298,55,9803,active,2026-02-19T17:44:35,1,Synthetic / Demo Data,2026-02-19T00:00:00
1769,1298,63,9804,active,2026-02-19T17:37:50,1,Synthetic / Demo Data,2026-02-19T00:00:00
1770,1298,76,9809,moisturizer,2026-02-19T18:49:08,1,Synthetic / Demo Data,2026-02-19T00:00:00
1771,1300,1,9812,cleansing,2026-07-18T03:01:44,1,Synthetic / Demo Data,2026-07-18T00:00:00
1772,1303,1,9820,cleansing,2026-01-13T14:57:20,1,Synthetic / Demo Data,2026-01-13T00:00:00
1773,1303,105,9828,spf,2026-01-14T01:11:50,1,Synthetic / Demo Data,2026-01-14T00:00:00
1774,1304,62,9830,active,2026-06-27T20:30:12,1,Synthetic / Demo Data,2026-06-27T00:00:00
1775,1305,116,9845,spf,2026-02-23T01:52:27,1,Synthetic / Demo Data,2026-02-23T00:00:00
1776,1305,5,9846,cleansing,2026-02-22T21:16:54,1,Synthetic / Demo Data,2026-02-22T00:00:00
1777,1305,109,9848,spf,2026-02-26T22:04:27,1,Synthetic / Demo Data,2026-02-26T00:00:00
1778,1305,39,9851,toner,2026-02-27T03:07:18,1,Synthetic / Demo Data,2026-02-27T00:00:00
1779,1305,94,9853,moisturizer,2026-03-07T16:23:19,1,Synthetic / Demo Data,2026-03-07T00:00:00
1780,1305,32,9854,toner,2026-03-07T17:53:19,1,Synthetic / Demo Data,2026-03-07T00:00:00
1781,1307,1,9862,cleansing,2026-07-13T12:01:23,1,Synthetic / Demo Data,2026-07-13T00:00:00
1782,1308,82,9864,moisturizer,2026-01-30T16:18:18,0,Synthetic / Demo Data,2026-01-30T00:00:00
1783,1308,112,9870,spf,2026-02-04T05:30:19,1,Synthetic / Demo Data,2026-02-04T00:00:00
1784,1309,9,9880,cleansing,2026-05-02T19:46:46,1,Synthetic / Demo Data,2026-05-02T00:00:00
1785,1311,21,9883,cleansing,2026-04-12T06:30:41,1,Synthetic / Demo Data,2026-04-12T00:00:00
1786,1311,18,9892,cleansing,2026-04-20T08:45:08,1,Synthetic / Demo Data,2026-04-20T00:00:00
1787,1314,1,9902,cleansing,2026-06-02T12:45:55,1,Synthetic / Demo Data,2026-06-02T00:00:00
1788,1314,21,9903,cleansing,2026-06-02T14:23:17,1,Synthetic / Demo Data,2026-06-02T00:00:00
1789,1314,84,9906,moisturizer,2026-06-05T08:15:33,1,Synthetic / Demo Data,2026-06-05T00:00:00
1790,1314,25,9910,toner,2026-06-05T14:48:21,1,Synthetic / Demo Data,2026-06-05T00:00:00
1791,1316,51,9926,active,2026-07-18T12:07:52,1,Synthetic / Demo Data,2026-07-18T00:00:00
1792,1317,21,9935,cleansing,2026-09-07T16:39:52,1,Synthetic / Demo Data,2026-09-07T00:00:00
1793,1317,104,9941,spf,2026-09-13T04:55:24,1,Synthetic / Demo Data,2026-09-13T00:00:00
1794,1317,61,9948,active,2026-09-18T18:55:07,1,Synthetic / Demo Data,2026-09-18T00:00:00
1795,1317,7,9949,cleansing,2026-09-19T07:10:21,1,Synthetic / Demo Data,2026-09-19T00:00:00
1796,1317,97,9950,spf,2026-09-19T06:53:12,0,Synthetic / Demo Data,2026-09-19T00:00:00
1797,1321,57,9966,active,2026-07-19T11:47:56,1,Synthetic / Demo Data,2026-07-19T00:00:00
1798,1321,66,9968,active,2026-07-19T13:24:02,1,Synthetic / Demo Data,2026-07-19T00:00:00
1799,1321,74,9977,moisturizer,2026-07-31T08:04:12,1,Synthetic / Demo Data,2026-07-31T00:00:00
1800,1322,116,9980,spf,2026-07-30T12:05:32,1,Synthetic / Demo Data,2026-07-30T00:00:00
1801,1323,29,9993,toner,2026-04-13T06:23:46,0,Synthetic / Demo Data,2026-04-13T00:00:00
1802,1323,27,9998,toner,2026-04-27T14:34:18,1,Synthetic / Demo Data,2026-04-27T00:00:00
1803,1324,116,10000,spf,2026-07-18T13:56:36,1,Synthetic / Demo Data,2026-07-18T00:00:00
1804,1324,31,10010,toner,2026-07-25T23:48:23,1,Synthetic / Demo Data,2026-07-25T00:00:00
1805,1333,14,10031,cleansing,2026-07-20T03:15:12,1,Synthetic / Demo Data,2026-07-20T00:00:00
1806,1333,120,10034,spf,2026-07-20T07:55:14,1,Synthetic / Demo Data,2026-07-20T00:00:00
1807,1335,112,10041,spf,2026-01-16T23:56:22,0,Synthetic / Demo Data,2026-01-16T00:00:00
1808,1335,32,10042,toner,2026-01-17T05:17:57,0,Synthetic / Demo Data,2026-01-17T00:00:00
1809,1336,14,10051,cleansing,2026-09-01T06:41:52,1,Synthetic / Demo Data,2026-09-01T00:00:00
1810,1336,76,10055,moisturizer,2026-09-16T11:40:10,1,Synthetic / Demo Data,2026-09-16T00:00:00
1811,1336,94,10057,moisturizer,2026-09-16T13:35:19,1,Synthetic / Demo Data,2026-09-16T00:00:00
1812,1338,81,10077,moisturizer,2026-08-26T07:56:50,1,Synthetic / Demo Data,2026-08-26T00:00:00
1813,1338,24,10083,cleansing,2026-08-28T11:07:58,1,Synthetic / Demo Data,2026-08-28T00:00:00
1814,1340,63,10097,active,2026-08-21T21:15:56,1,Synthetic / Demo Data,2026-08-21T00:00:00
1815,1340,6,10098,cleansing,2026-08-21T20:02:07,1,Synthetic / Demo Data,2026-08-21T00:00:00
1816,1341,106,10107,spf,2026-06-28T08:04:19,1,Synthetic / Demo Data,2026-06-28T00:00:00
1817,1341,116,10112,spf,2026-07-10T08:58:55,1,Synthetic / Demo Data,2026-07-10T00:00:00
1818,1342,5,10121,cleansing,2026-08-14T04:45:02,1,Synthetic / Demo Data,2026-08-14T00:00:00
1819,1345,104,10125,spf,2026-01-14T18:59:09,1,Synthetic / Demo Data,2026-01-14T00:00:00
1820,1345,91,10127,moisturizer,2026-01-15T01:39:42,1,Synthetic / Demo Data,2026-01-15T00:00:00
1821,1347,96,10145,moisturizer,2026-04-12T14:23:58,1,Synthetic / Demo Data,2026-04-12T00:00:00
1822,1347,108,10148,spf,2026-04-12T15:19:13,1,Synthetic / Demo Data,2026-04-12T00:00:00
1823,1347,62,10156,active,2026-04-23T09:27:23,1,Synthetic / Demo Data,2026-04-23T00:00:00
1824,1347,101,10157,spf,2026-04-23T08:46:05,1,Synthetic / Demo Data,2026-04-23T00:00:00
1825,1350,116,10160,spf,2026-08-29T10:26:45,1,Synthetic / Demo Data,2026-08-29T00:00:00
1826,1350,77,10165,moisturizer,2026-09-06T23:17:44,1,Synthetic / Demo Data,2026-09-06T00:00:00
1827,1351,19,10174,cleansing,2026-04-30T03:28:34,1,Synthetic / Demo Data,2026-04-30T00:00:00
1828,1352,87,10176,moisturizer,2026-09-11T07:24:32,1,Synthetic / Demo Data,2026-09-11T00:00:00
1829,1352,51,10178,active,2026-09-11T05:04:25,0,Synthetic / Demo Data,2026-09-11T00:00:00
1830,1352,21,10182,cleansing,2026-09-14T12:47:00,1,Synthetic / Demo Data,2026-09-14T00:00:00
1831,1357,5,10208,cleansing,2026-02-27T17:38:50,1,Synthetic / Demo Data,2026-02-27T00:00:00
1832,1357,109,10209,spf,2026-03-15T01:32:26,1,Synthetic / Demo Data,2026-03-15T00:00:00
1833,1359,90,10226,moisturizer,2026-08-27T02:42:09,1,Synthetic / Demo Data,2026-08-27T00:00:00
1834,1359,6,10227,cleansing,2026-09-02T20:11:10,1,Synthetic / Demo Data,2026-09-02T00:00:00
1835,1359,12,10229,cleansing,2026-09-02T19:20:02,1,Synthetic / Demo Data,2026-09-02T00:00:00
1836,1360,74,10233,moisturizer,2026-01-20T17:25:48,1,Synthetic / Demo Data,2026-01-20T00:00:00
1837,1360,94,10238,moisturizer,2026-02-03T13:10:50,1,Synthetic / Demo Data,2026-02-03T00:00:00
1838,1360,66,10239,active,2026-02-03T17:26:02,1,Synthetic / Demo Data,2026-02-03T00:00:00
1839,1361,34,10247,toner,2026-07-05T10:26:26,1,Synthetic / Demo Data,2026-07-05T00:00:00
1840,1361,61,10248,active,2026-07-05T13:32:00,1,Synthetic / Demo Data,2026-07-05T00:00:00
1841,1361,18,10250,cleansing,2026-07-06T00:36:10,0,Synthetic / Demo Data,2026-07-06T00:00:00
1842,1361,108,10252,spf,2026-07-05T20:21:52,1,Synthetic / Demo Data,2026-07-05T00:00:00
1843,1362,102,10255,spf,2026-04-11T05:46:44,1,Synthetic / Demo Data,2026-04-11T00:00:00
1844,1362,61,10256,active,2026-04-11T06:43:22,1,Synthetic / Demo Data,2026-04-11T00:00:00
1845,1362,63,10261,active,2026-04-12T02:53:46,1,Synthetic / Demo Data,2026-04-12T00:00:00
1846,1362,56,10264,active,2026-04-18T01:54:49,1,Synthetic / Demo Data,2026-04-18T00:00:00
1847,1364,8,10276,cleansing,2026-02-21T21:54:21,1,Synthetic / Demo Data,2026-02-21T00:00:00
1848,1365,107,10285,spf,2026-06-01T12:36:16,1,Synthetic / Demo Data,2026-06-01T00:00:00
1849,1365,53,10290,active,2026-06-09T23:42:53,1,Synthetic / Demo Data,2026-06-09T00:00:00
1850,1366,78,10300,moisturizer,2026-01-30T21:53:32,1,Synthetic / Demo Data,2026-01-30T00:00:00
1851,1366,4,10301,cleansing,2026-02-12T05:52:20,1,Synthetic / Demo Data,2026-02-12T00:00:00
1852,1367,49,10306,active,2026-09-02T08:43:38,1,Synthetic / Demo Data,2026-09-02T00:00:00
1853,1367,40,10308,toner,2026-09-02T09:52:50,1,Synthetic / Demo Data,2026-09-02T00:00:00
1854,1367,20,10310,cleansing,2026-09-02T05:38:37,1,Synthetic / Demo Data,2026-09-02T00:00:00
1855,1368,46,10320,toner,2026-06-11T20:33:58,1,Synthetic / Demo Data,2026-06-11T00:00:00
1856,1371,90,10351,moisturizer,2026-04-12T02:11:47,1,Synthetic / Demo Data,2026-04-12T00:00:00
1857,1372,92,10367,moisturizer,2026-04-15T04:20:15,1,Synthetic / Demo Data,2026-04-15T00:00:00
1858,1373,4,10371,cleansing,2026-01-14T07:00:45,1,Synthetic / Demo Data,2026-01-14T00:00:00
1859,1374,17,10380,cleansing,2026-03-27T16:34:56,1,Synthetic / Demo Data,2026-03-27T00:00:00
1860,1380,48,10412,toner,2026-04-19T06:13:08,1,Synthetic / Demo Data,2026-04-19T00:00:00
1861,1380,62,10414,active,2026-04-19T04:02:13,1,Synthetic / Demo Data,2026-04-19T00:00:00
1862,1381,27,10421,toner,2026-02-02T22:00:08,1,Synthetic / Demo Data,2026-02-02T00:00:00
1863,1383,107,10429,spf,2026-07-16T09:35:32,1,Synthetic / Demo Data,2026-07-16T00:00:00
1864,1384,18,10445,cleansing,2026-04-03T03:28:57,1,Synthetic / Demo Data,2026-04-03T00:00:00
1865,1388,100,10462,spf,2026-06-05T20:14:28,1,Synthetic / Demo Data,2026-06-05T00:00:00
1866,1390,62,10473,active,2026-01-11T14:47:54,1,Synthetic / Demo Data,2026-01-11T00:00:00
1867,1390,44,10478,toner,2026-01-27T15:08:08,1,Synthetic / Demo Data,2026-01-27T00:00:00
1868,1391,4,10481,cleansing,2026-02-22T05:16:42,1,Synthetic / Demo Data,2026-02-22T00:00:00
1869,1391,8,10485,cleansing,2026-02-22T02:47:07,0,Synthetic / Demo Data,2026-02-22T00:00:00
1870,1391,90,10486,moisturizer,2026-03-02T00:49:19,1,Synthetic / Demo Data,2026-03-02T00:00:00
1871,1392,42,10490,toner,2026-04-14T06:24:39,0,Synthetic / Demo Data,2026-04-14T00:00:00
1872,1392,72,10491,active,2026-04-14T07:25:04,0,Synthetic / Demo Data,2026-04-14T00:00:00
1873,1392,67,10496,active,2026-04-18T19:02:05,1,Synthetic / Demo Data,2026-04-18T00:00:00
1874,1393,99,10509,spf,2026-04-04T05:42:07,1,Synthetic / Demo Data,2026-04-04T00:00:00
1875,1394,81,10514,moisturizer,2026-08-05T22:43:02,1,Synthetic / Demo Data,2026-08-05T00:00:00
1876,1394,61,10520,active,2026-08-06T14:51:59,0,Synthetic / Demo Data,2026-08-06T00:00:00
1877,1396,84,10524,moisturizer,2026-04-26T13:12:51,1,Synthetic / Demo Data,2026-04-26T00:00:00
1878,1396,74,10526,moisturizer,2026-04-26T15:27:23,1,Synthetic / Demo Data,2026-04-26T00:00:00
1879,1396,24,10529,cleansing,2026-05-03T22:15:34,1,Synthetic / Demo Data,2026-05-03T00:00:00
1880,1397,61,10533,active,2026-06-11T00:49:20,1,Synthetic / Demo Data,2026-06-11T00:00:00
1881,1398,6,10539,cleansing,2026-02-10T23:47:57,1,Synthetic / Demo Data,2026-02-10T00:00:00
1882,1398,115,10540,spf,2026-02-11T00:31:52,1,Synthetic / Demo Data,2026-02-11T00:00:00
1883,1398,21,10545,cleansing,2026-02-12T13:01:56,1,Synthetic / Demo Data,2026-02-12T00:00:00
1884,1398,72,10547,active,2026-02-12T11:41:09,1,Synthetic / Demo Data,2026-02-12T00:00:00
1885,1399,38,10556,toner,2026-03-13T17:48:29,1,Synthetic / Demo Data,2026-03-13T00:00:00
1886,1402,89,10562,moisturizer,2026-03-21T05:03:55,1,Synthetic / Demo Data,2026-03-21T00:00:00
1887,1402,102,10565,spf,2026-03-20T23:10:04,0,Synthetic / Demo Data,2026-03-20T00:00:00
1888,1402,43,10571,toner,2026-03-24T21:40:23,0,Synthetic / Demo Data,2026-03-24T00:00:00
1889,1402,116,10573,spf,2026-03-25T02:12:11,1,Synthetic / Demo Data,2026-03-25T00:00:00
1890,1403,66,10579,active,2026-05-23T14:55:25,1,Synthetic / Demo Data,2026-05-23T00:00:00
1891,1403,105,10581,spf,2026-05-23T17:31:07,1,Synthetic / Demo Data,2026-05-23T00:00:00
1892,1404,116,10589,spf,2026-07-06T09:59:28,1,Synthetic / Demo Data,2026-07-06T00:00:00
1893,1404,57,10595,active,2026-07-21T11:01:29,1,Synthetic / Demo Data,2026-07-21T00:00:00
1894,1407,40,10603,toner,2026-06-21T17:20:53,1,Synthetic / Demo Data,2026-06-21T00:00:00
1895,1407,27,10606,toner,2026-06-21T17:47:58,1,Synthetic / Demo Data,2026-06-21T00:00:00
1896,1407,42,10607,toner,2026-06-21T11:09:33,1,Synthetic / Demo Data,2026-06-21T00:00:00
1897,1407,72,10610,active,2026-06-28T14:55:57,1,Synthetic / Demo Data,2026-06-28T00:00:00
1898,1408,116,10615,spf,2026-05-27T04:38:27,1,Synthetic / Demo Data,2026-05-27T00:00:00
1899,1408,74,10620,moisturizer,2026-05-29T16:18:16,1,Synthetic / Demo Data,2026-05-29T00:00:00
1900,1409,77,10628,moisturizer,2026-03-05T01:53:37,1,Synthetic / Demo Data,2026-03-05T00:00:00
1901,1409,97,10633,spf,2026-03-16T12:05:20,1,Synthetic / Demo Data,2026-03-16T00:00:00
1902,1409,35,10638,toner,2026-03-22T19:00:19,1,Synthetic / Demo Data,2026-03-22T00:00:00
1903,1410,26,10639,toner,2026-07-09T07:24:59,1,Synthetic / Demo Data,2026-07-09T00:00:00
1904,1412,16,10649,cleansing,2026-05-03T08:57:27,1,Synthetic / Demo Data,2026-05-03T00:00:00
1905,1413,38,10659,toner,2026-09-06T21:47:03,1,Synthetic / Demo Data,2026-09-06T00:00:00
1906,1416,11,10676,cleansing,2026-05-26T21:24:05,1,Synthetic / Demo Data,2026-05-26T00:00:00
1907,1419,82,10690,moisturizer,2026-06-24T11:15:16,1,Synthetic / Demo Data,2026-06-24T00:00:00
1908,1419,10,10693,cleansing,2026-07-03T09:26:52,1,Synthetic / Demo Data,2026-07-03T00:00:00
1909,1419,94,10695,moisturizer,2026-07-03T04:35:03,1,Synthetic / Demo Data,2026-07-03T00:00:00
1910,1419,115,10696,spf,2026-07-03T04:39:13,1,Synthetic / Demo Data,2026-07-03T00:00:00
1911,1421,103,10702,spf,2026-03-01T00:59:07,1,Synthetic / Demo Data,2026-03-01T00:00:00
1912,1421,116,10703,spf,2026-03-01T00:38:34,1,Synthetic / Demo Data,2026-03-01T00:00:00
1913,1421,17,10704,cleansing,2026-03-09T09:19:10,1,Synthetic / Demo Data,2026-03-09T00:00:00
1914,1421,12,10706,cleansing,2026-03-09T10:16:14,0,Synthetic / Demo Data,2026-03-09T00:00:00
1915,1421,21,10708,cleansing,2026-03-09T05:33:54,1,Synthetic / Demo Data,2026-03-09T00:00:00
1916,1424,41,10714,toner,2026-05-04T08:25:43,1,Synthetic / Demo Data,2026-05-04T00:00:00
1917,1424,97,10715,spf,2026-05-10T15:11:09,1,Synthetic / Demo Data,2026-05-10T00:00:00
1918,1424,116,10726,spf,2026-05-18T01:18:57,1,Synthetic / Demo Data,2026-05-18T00:00:00
1919,1428,83,10748,moisturizer,2026-05-10T11:29:20,1,Synthetic / Demo Data,2026-05-10T00:00:00
1920,1428,90,10755,moisturizer,2026-05-22T12:21:00,1,Synthetic / Demo Data,2026-05-22T00:00:00
1921,1429,41,10765,toner,2026-06-21T21:16:33,1,Synthetic / Demo Data,2026-06-21T00:00:00
1922,1429,94,10772,moisturizer,2026-06-30T15:42:28,1,Synthetic / Demo Data,2026-06-30T00:00:00
1923,1430,3,10776,cleansing,2026-06-26T16:56:43,0,Synthetic / Demo Data,2026-06-26T00:00:00
1924,1430,7,10778,cleansing,2026-07-06T03:48:14,1,Synthetic / Demo Data,2026-07-06T00:00:00
1925,1431,10,10781,cleansing,2026-09-01T08:56:56,1,Synthetic / Demo Data,2026-09-01T00:00:00
1926,1431,97,10785,spf,2026-09-01T15:43:57,1,Synthetic / Demo Data,2026-09-01T00:00:00
1927,1435,13,10816,cleansing,2026-07-18T15:09:37,1,Synthetic / Demo Data,2026-07-18T00:00:00
1928,1435,66,10817,active,2026-07-18T16:31:51,1,Synthetic / Demo Data,2026-07-18T00:00:00
1929,1436,18,10821,cleansing,2026-05-19T05:11:39,1,Synthetic / Demo Data,2026-05-19T00:00:00
1930,1436,3,10824,cleansing,2026-06-01T12:10:25,1,Synthetic / Demo Data,2026-06-01T00:00:00
1931,1437,82,10836,moisturizer,2026-03-07T20:02:03,0,Synthetic / Demo Data,2026-03-07T00:00:00
1932,1440,11,10846,cleansing,2026-08-07T10:54:54,1,Synthetic / Demo Data,2026-08-07T00:00:00
1933,1443,12,10866,cleansing,2026-05-28T03:14:28,1,Synthetic / Demo Data,2026-05-28T00:00:00
1934,1443,68,10868,active,2026-05-28T06:10:53,1,Synthetic / Demo Data,2026-05-28T00:00:00
1935,1443,110,10873,spf,2026-05-29T21:56:35,1,Synthetic / Demo Data,2026-05-29T00:00:00
1936,1443,40,10875,toner,2026-05-31T10:36:01,1,Synthetic / Demo Data,2026-05-31T00:00:00
1937,1444,27,10881,toner,2026-01-26T23:09:18,1,Synthetic / Demo Data,2026-01-26T00:00:00
1938,1445,39,10892,toner,2026-06-08T20:24:42,1,Synthetic / Demo Data,2026-06-08T00:00:00
1939,1445,1,10896,cleansing,2026-06-10T23:24:50,1,Synthetic / Demo Data,2026-06-10T00:00:00
1940,1448,2,10921,cleansing,2026-02-18T22:49:04,1,Synthetic / Demo Data,2026-02-18T00:00:00
1941,1448,116,10922,spf,2026-02-28T00:22:38,0,Synthetic / Demo Data,2026-02-28T00:00:00
1942,1448,60,10924,active,2026-02-28T02:07:12,0,Synthetic / Demo Data,2026-02-28T00:00:00
1943,1450,76,10948,moisturizer,2026-04-16T15:15:01,0,Synthetic / Demo Data,2026-04-16T00:00:00
1944,1450,106,10952,spf,2026-04-21T01:23:44,1,Synthetic / Demo Data,2026-04-21T00:00:00
1945,1451,1,10956,cleansing,2026-03-15T19:29:54,1,Synthetic / Demo Data,2026-03-15T00:00:00
1946,1451,44,10959,toner,2026-03-17T14:10:10,1,Synthetic / Demo Data,2026-03-17T00:00:00
1947,1451,14,10960,cleansing,2026-03-17T09:40:13,1,Synthetic / Demo Data,2026-03-17T00:00:00
1948,1451,109,10961,spf,2026-03-17T11:21:40,1,Synthetic / Demo Data,2026-03-17T00:00:00
1949,1452,34,10969,toner,2026-02-17T10:12:33,1,Synthetic / Demo Data,2026-02-17T00:00:00
1950,1452,12,10973,cleansing,2026-02-17T12:54:22,1,Synthetic / Demo Data,2026-02-17T00:00:00
1951,1452,113,10975,spf,2026-03-03T05:19:48,1,Synthetic / Demo Data,2026-03-03T00:00:00
1952,1452,63,10976,active,2026-03-03T02:53:49,1,Synthetic / Demo Data,2026-03-03T00:00:00
1953,1452,94,10977,moisturizer,2026-03-03T00:56:28,1,Synthetic / Demo Data,2026-03-03T00:00:00
1954,1456,51,10991,active,2026-09-03T12:11:04,1,Synthetic / Demo Data,2026-09-03T00:00:00
1955,1456,116,10993,spf,2026-09-09T01:13:56,1,Synthetic / Demo Data,2026-09-09T00:00:00
1956,1456,22,10998,cleansing,2026-09-21T14:28:26,1,Synthetic / Demo Data,2026-09-21T00:00:00
1957,1458,48,11002,toner,2026-05-15T16:58:01,1,Synthetic / Demo Data,2026-05-15T00:00:00
1958,1458,113,11004,spf,2026-05-15T14:52:11,1,Synthetic / Demo Data,2026-05-15T00:00:00
1959,1458,43,11007,toner,2026-05-16T02:12:03,1,Synthetic / Demo Data,2026-05-16T00:00:00
1960,1458,53,11009,active,2026-05-16T02:44:21,1,Synthetic / Demo Data,2026-05-16T00:00:00
1961,1458,49,11011,active,2026-05-16T01:49:53,1,Synthetic / Demo Data,2026-05-16T00:00:00
1962,1460,79,11024,moisturizer,2026-05-28T01:16:03,1,Synthetic / Demo Data,2026-05-28T00:00:00
1963,1460,112,11027,spf,2026-05-27T18:20:08,1,Synthetic / Demo Data,2026-05-27T00:00:00
1964,1460,94,11028,moisturizer,2026-05-27T19:11:53,1,Synthetic / Demo Data,2026-05-27T00:00:00
1965,1463,113,11052,spf,2026-01-20T08:43:54,1,Synthetic / Demo Data,2026-01-20T00:00:00
1966,1463,6,11059,cleansing,2026-01-23T10:26:35,1,Synthetic / Demo Data,2026-01-23T00:00:00
1967,1465,92,11063,moisturizer,2026-09-15T14:01:20,1,Synthetic / Demo Data,2026-09-15T00:00:00
1968,1465,83,11064,moisturizer,2026-09-15T14:45:58,1,Synthetic / Demo Data,2026-09-15T00:00:00
1969,1465,105,11066,spf,2026-09-18T19:07:33,1,Synthetic / Demo Data,2026-09-18T00:00:00
1970,1465,55,11067,active,2026-09-18T19:38:08,1,Synthetic / Demo Data,2026-09-18T00:00:00
1971,1465,97,11071,spf,2026-09-19T21:15:46,1,Synthetic / Demo Data,2026-09-19T00:00:00
1972,1465,16,11073,cleansing,2026-09-20T01:01:12,1,Synthetic / Demo Data,2026-09-20T00:00:00
1973,1466,72,11077,active,2026-08-01T06:37:30,1,Synthetic / Demo Data,2026-08-01T00:00:00
1974,1469,77,11086,moisturizer,2026-04-03T11:16:36,1,Synthetic / Demo Data,2026-04-03T00:00:00
1975,1469,106,11087,spf,2026-04-03T07:29:13,1,Synthetic / Demo Data,2026-04-03T00:00:00
1976,1469,107,11089,spf,2026-04-03T09:58:27,1,Synthetic / Demo Data,2026-04-03T00:00:00
1977,1469,116,11096,spf,2026-04-19T20:23:12,1,Synthetic / Demo Data,2026-04-19T00:00:00
1978,1469,82,11097,moisturizer,2026-04-19T17:26:28,1,Synthetic / Demo Data,2026-04-19T00:00:00
1979,1470,57,11105,active,2026-07-06T16:25:50,1,Synthetic / Demo Data,2026-07-06T00:00:00
1980,1472,80,11123,moisturizer,2026-07-18T09:55:48,1,Synthetic / Demo Data,2026-07-18T00:00:00
1981,1474,12,11132,cleansing,2026-03-28T02:09:05,1,Synthetic / Demo Data,2026-03-28T00:00:00
1982,1475,24,11141,cleansing,2026-03-15T05:23:09,1,Synthetic / Demo Data,2026-03-15T00:00:00
1983,1476,66,11148,active,2026-07-16T18:31:43,1,Synthetic / Demo Data,2026-07-16T00:00:00
1984,1477,57,11160,active,2026-01-20T05:32:36,1,Synthetic / Demo Data,2026-01-20T00:00:00
1985,1480,24,11182,cleansing,2026-03-24T22:06:23,0,Synthetic / Demo Data,2026-03-24T00:00:00
1986,1480,22,11188,cleansing,2026-03-24T21:28:02,1,Synthetic / Demo Data,2026-03-24T00:00:00
1987,1481,25,11193,toner,2026-05-13T07:01:51,1,Synthetic / Demo Data,2026-05-13T00:00:00
1988,1481,21,11195,cleansing,2026-05-14T11:58:48,1,Synthetic / Demo Data,2026-05-14T00:00:00
1989,1481,67,11197,active,2026-05-14T11:02:33,1,Synthetic / Demo Data,2026-05-14T00:00:00
1990,1481,7,11202,cleansing,2026-05-16T03:08:25,1,Synthetic / Demo Data,2026-05-16T00:00:00
1991,1482,11,11207,cleansing,2026-01-14T01:29:47,1,Synthetic / Demo Data,2026-01-14T00:00:00
1992,1482,17,11208,cleansing,2026-01-27T20:39:11,1,Synthetic / Demo Data,2026-01-27T00:00:00
1993,1482,113,11212,spf,2026-01-27T14:47:37,1,Synthetic / Demo Data,2026-01-27T00:00:00
1994,1485,12,11218,cleansing,2026-01-07T02:51:36,1,Synthetic / Demo Data,2026-01-07T00:00:00
1995,1485,102,11219,spf,2026-01-07T02:00:27,1,Synthetic / Demo Data,2026-01-07T00:00:00
1996,1485,21,11220,cleansing,2026-01-10T22:49:44,1,Synthetic / Demo Data,2026-01-10T00:00:00
1997,1485,1,11223,cleansing,2026-01-10T21:33:56,1,Synthetic / Demo Data,2026-01-10T00:00:00
1998,1485,7,11225,cleansing,2026-01-14T02:40:43,1,Synthetic / Demo Data,2026-01-14T00:00:00
1999,1485,40,11226,toner,2026-01-14T04:59:21,0,Synthetic / Demo Data,2026-01-14T00:00:00
2000,1485,61,11228,active,2026-01-14T02:49:41,1,Synthetic / Demo Data,2026-01-14T00:00:00
2001,1488,97,11236,spf,2026-03-26T14:03:30,1,Synthetic / Demo Data,2026-03-26T00:00:00
2002,1490,85,11256,moisturizer,2026-08-20T23:51:12,1,Synthetic / Demo Data,2026-08-20T00:00:00
2003,1490,21,11262,cleansing,2026-08-29T23:35:37,1,Synthetic / Demo Data,2026-08-29T00:00:00
2004,1490,10,11263,cleansing,2026-08-29T22:01:21,1,Synthetic / Demo Data,2026-08-29T00:00:00
2005,1491,84,11267,moisturizer,2026-03-28T07:00:53,1,Synthetic / Demo Data,2026-03-28T00:00:00
2006,1491,116,11268,spf,2026-03-28T05:34:24,1,Synthetic / Demo Data,2026-03-28T00:00:00
2007,1491,82,11271,moisturizer,2026-03-28T05:31:32,0,Synthetic / Demo Data,2026-03-28T00:00:00
2008,1491,78,11275,moisturizer,2026-03-28T23:20:45,1,Synthetic / Demo Data,2026-03-28T00:00:00
2009,1493,116,11277,spf,2026-01-08T02:27:38,1,Synthetic / Demo Data,2026-01-08T00:00:00
2010,1493,106,11282,spf,2026-01-18T18:55:42,1,Synthetic / Demo Data,2026-01-18T00:00:00
2011,1493,85,11283,moisturizer,2026-01-18T18:37:22,1,Synthetic / Demo Data,2026-01-18T00:00:00
2012,1494,54,11285,active,2026-07-03T17:46:10,1,Synthetic / Demo Data,2026-07-03T00:00:00
2013,1494,61,11286,active,2026-07-03T19:30:11,1,Synthetic / Demo Data,2026-07-03T00:00:00
2014,1497,9,11304,cleansing,2026-05-12T02:50:53,1,Synthetic / Demo Data,2026-05-12T00:00:00
2015,1497,106,11306,spf,2026-05-12T01:11:09,1,Synthetic / Demo Data,2026-05-12T00:00:00
2016,1497,63,11307,active,2026-05-12T00:02:11,1,Synthetic / Demo Data,2026-05-12T00:00:00
2017,1497,99,11314,spf,2026-05-17T12:06:35,1,Synthetic / Demo Data,2026-05-17T00:00:00
2018,1498,27,11321,toner,2026-05-19T08:25:07,1,Synthetic / Demo Data,2026-05-19T00:00:00
2019,1499,14,11323,cleansing,2026-04-29T03:04:21,1,Synthetic / Demo Data,2026-04-29T00:00:00
2020,1501,49,11347,active,2026-08-15T02:27:16,1,Synthetic / Demo Data,2026-08-15T00:00:00
2021,1503,55,11357,active,2026-09-03T14:19:53,1,Synthetic / Demo Data,2026-09-03T00:00:00
2022,1503,6,11359,cleansing,2026-09-07T01:49:52,1,Synthetic / Demo Data,2026-09-07T00:00:00
2023,1505,112,11366,spf,2026-07-25T18:13:16,1,Synthetic / Demo Data,2026-07-25T00:00:00
2024,1505,5,11373,cleansing,2026-07-28T17:19:38,1,Synthetic / Demo Data,2026-07-28T00:00:00
2025,1505,84,11374,moisturizer,2026-07-28T13:03:00,1,Synthetic / Demo Data,2026-07-28T00:00:00
2026,1505,110,11378,spf,2026-07-31T16:03:03,1,Synthetic / Demo Data,2026-07-31T00:00:00
2027,1506,12,11386,cleansing,2026-08-09T14:44:45,1,Synthetic / Demo Data,2026-08-09T00:00:00
2028,1507,54,11397,active,2026-08-26T09:21:47,1,Synthetic / Demo Data,2026-08-26T00:00:00
2029,1507,96,11399,moisturizer,2026-08-26T04:39:50,0,Synthetic / Demo Data,2026-08-26T00:00:00
2030,1507,34,11400,toner,2026-08-26T09:41:39,1,Synthetic / Demo Data,2026-08-26T00:00:00
2031,1508,106,11405,spf,2026-02-25T10:57:27,1,Synthetic / Demo Data,2026-02-25T00:00:00
2032,1508,48,11406,toner,2026-02-25T10:10:39,0,Synthetic / Demo Data,2026-02-25T00:00:00
2033,1509,101,11419,spf,2026-09-07T13:47:23,1,Synthetic / Demo Data,2026-09-07T00:00:00
2034,1509,112,11424,spf,2026-09-15T13:20:37,0,Synthetic / Demo Data,2026-09-15T00:00:00
2035,1510,97,11439,spf,2026-02-10T10:31:54,1,Synthetic / Demo Data,2026-02-10T00:00:00
2036,1511,82,11446,moisturizer,2026-06-06T23:00:02,0,Synthetic / Demo Data,2026-06-06T00:00:00
2037,1512,17,11456,cleansing,2026-06-26T21:03:38,0,Synthetic / Demo Data,2026-06-26T00:00:00
2038,1514,116,11462,spf,2026-01-21T04:32:31,1,Synthetic / Demo Data,2026-01-21T00:00:00
2039,1514,75,11463,moisturizer,2026-01-21T06:28:59,0,Synthetic / Demo Data,2026-01-21T00:00:00
2040,1514,97,11464,spf,2026-01-21T06:08:45,0,Synthetic / Demo Data,2026-01-21T00:00:00
2041,1514,65,11468,active,2026-01-31T22:25:37,0,Synthetic / Demo Data,2026-01-31T00:00:00
2042,1515,112,11478,spf,2026-09-02T20:00:58,1,Synthetic / Demo Data,2026-09-02T00:00:00
2043,1515,81,11481,moisturizer,2026-09-12T02:41:35,1,Synthetic / Demo Data,2026-09-12T00:00:00
2044,1516,94,11483,moisturizer,2026-02-18T08:50:19,1,Synthetic / Demo Data,2026-02-18T00:00:00
2045,1516,20,11493,cleansing,2026-02-28T16:50:45,1,Synthetic / Demo Data,2026-02-28T00:00:00
2046,1517,69,11498,active,2026-07-22T16:12:36,1,Synthetic / Demo Data,2026-07-22T00:00:00
2047,1517,19,11504,cleansing,2026-08-01T23:07:37,1,Synthetic / Demo Data,2026-08-01T00:00:00
2048,1517,63,11507,active,2026-08-01T21:21:29,1,Synthetic / Demo Data,2026-08-01T00:00:00
2049,1518,7,11510,cleansing,2026-03-21T02:48:05,1,Synthetic / Demo Data,2026-03-21T00:00:00
2050,1518,14,11512,cleansing,2026-03-20T23:30:51,1,Synthetic / Demo Data,2026-03-20T00:00:00
2051,1518,109,11518,spf,2026-03-26T07:08:31,1,Synthetic / Demo Data,2026-03-26T00:00:00
2052,1519,21,11520,cleansing,2026-07-17T03:42:14,0,Synthetic / Demo Data,2026-07-17T00:00:00
2053,1521,120,11525,spf,2026-03-14T22:28:13,1,Synthetic / Demo Data,2026-03-14T00:00:00
2054,1521,105,11526,spf,2026-03-14T17:20:45,1,Synthetic / Demo Data,2026-03-14T00:00:00
2055,1521,80,11527,moisturizer,2026-03-14T20:28:32,1,Synthetic / Demo Data,2026-03-14T00:00:00
2056,1521,12,11533,cleansing,2026-03-31T09:56:12,1,Synthetic / Demo Data,2026-03-31T00:00:00
2057,1523,63,11537,active,2026-07-11T13:36:45,1,Synthetic / Demo Data,2026-07-11T00:00:00
2058,1523,27,11541,toner,2026-07-24T20:58:00,1,Synthetic / Demo Data,2026-07-24T00:00:00
2059,1524,80,11549,moisturizer,2026-03-06T01:06:30,1,Synthetic / Demo Data,2026-03-06T00:00:00
2060,1524,36,11550,toner,2026-03-06T02:50:22,1,Synthetic / Demo Data,2026-03-06T00:00:00
2061,1525,7,11552,cleansing,2026-08-13T19:02:46,1,Synthetic / Demo Data,2026-08-13T00:00:00
2062,1526,40,11573,toner,2026-02-23T15:51:40,0,Synthetic / Demo Data,2026-02-23T00:00:00
2063,1531,51,11601,active,2026-08-22T01:37:32,1,Synthetic / Demo Data,2026-08-22T00:00:00
2064,1532,2,11611,cleansing,2026-06-26T02:22:51,1,Synthetic / Demo Data,2026-06-26T00:00:00
2065,1533,106,11615,spf,2026-07-08T01:08:26,1,Synthetic / Demo Data,2026-07-08T00:00:00
2066,1533,113,11616,spf,2026-07-08T05:34:42,1,Synthetic / Demo Data,2026-07-08T00:00:00
2067,1533,94,11618,moisturizer,2026-07-14T02:09:19,0,Synthetic / Demo Data,2026-07-14T00:00:00
2068,1533,115,11625,spf,2026-07-15T16:15:31,1,Synthetic / Demo Data,2026-07-15T00:00:00
2069,1533,102,11630,spf,2026-07-28T11:15:01,1,Synthetic / Demo Data,2026-07-28T00:00:00
2070,1533,117,11632,spf,2026-07-29T22:40:36,1,Synthetic / Demo Data,2026-07-29T00:00:00
2071,1534,21,11638,cleansing,2026-05-21T21:56:50,1,Synthetic / Demo Data,2026-05-21T00:00:00
2072,1534,106,11639,spf,2026-05-22T04:51:13,1,Synthetic / Demo Data,2026-05-22T00:00:00
2073,1535,17,11642,cleansing,2026-08-17T16:59:29,1,Synthetic / Demo Data,2026-08-17T00:00:00
2074,1535,10,11644,cleansing,2026-08-17T15:00:48,1,Synthetic / Demo Data,2026-08-17T00:00:00
2075,1535,83,11645,moisturizer,2026-08-17T16:23:17,1,Synthetic / Demo Data,2026-08-17T00:00:00
2076,1535,6,11652,cleansing,2026-08-21T10:03:54,1,Synthetic / Demo Data,2026-08-21T00:00:00
2077,1536,37,11663,toner,2026-08-11T18:36:24,0,Synthetic / Demo Data,2026-08-11T00:00:00
2078,1539,101,11673,spf,2026-01-18T00:06:38,1,Synthetic / Demo Data,2026-01-18T00:00:00
2079,1539,6,11678,cleansing,2026-01-31T01:35:28,1,Synthetic / Demo Data,2026-01-31T00:00:00
2080,1539,94,11679,moisturizer,2026-01-30T22:30:11,1,Synthetic / Demo Data,2026-01-30T00:00:00
2081,1540,74,11686,moisturizer,2026-06-29T19:24:44,1,Synthetic / Demo Data,2026-06-29T00:00:00
2082,1545,41,11694,toner,2026-08-17T04:20:01,1,Synthetic / Demo Data,2026-08-17T00:00:00
2083,1545,116,11699,spf,2026-08-23T15:44:24,1,Synthetic / Demo Data,2026-08-23T00:00:00
2084,1545,112,11701,spf,2026-08-29T17:59:59,1,Synthetic / Demo Data,2026-08-29T00:00:00
2085,1545,18,11702,cleansing,2026-08-29T19:15:42,1,Synthetic / Demo Data,2026-08-29T00:00:00
2086,1545,101,11703,spf,2026-08-29T16:22:34,1,Synthetic / Demo Data,2026-08-29T00:00:00
2087,1546,48,11707,toner,2026-07-11T06:44:00,1,Synthetic / Demo Data,2026-07-11T00:00:00
2088,1546,115,11709,spf,2026-07-10T22:17:34,1,Synthetic / Demo Data,2026-07-10T00:00:00
2089,1546,32,11710,toner,2026-07-11T03:40:21,1,Synthetic / Demo Data,2026-07-11T00:00:00
2090,1546,14,11714,cleansing,2026-07-15T08:28:19,1,Synthetic / Demo Data,2026-07-15T00:00:00
2091,1549,12,11724,cleansing,2026-08-31T13:28:34,1,Synthetic / Demo Data,2026-08-31T00:00:00
2092,1549,78,11725,moisturizer,2026-08-31T19:56:03,1,Synthetic / Demo Data,2026-08-31T00:00:00
2093,1549,97,11727,spf,2026-08-31T17:06:38,1,Synthetic / Demo Data,2026-08-31T00:00:00
2094,1549,26,11729,toner,2026-09-15T02:25:33,1,Synthetic / Demo Data,2026-09-15T00:00:00
2095,1549,55,11731,active,2026-09-14T23:01:31,0,Synthetic / Demo Data,2026-09-14T00:00:00
2096,1551,51,11732,active,2026-04-03T16:21:01,1,Synthetic / Demo Data,2026-04-03T00:00:00
2097,1551,67,11734,active,2026-04-03T14:40:57,1,Synthetic / Demo Data,2026-04-03T00:00:00
2098,1551,39,11735,toner,2026-04-03T12:34:04,1,Synthetic / Demo Data,2026-04-03T00:00:00
2099,1551,24,11737,cleansing,2026-04-11T12:32:41,1,Synthetic / Demo Data,2026-04-11T00:00:00
2100,1552,51,11746,active,2026-06-14T10:54:33,1,Synthetic / Demo Data,2026-06-14T00:00:00
2101,1553,1,11756,cleansing,2026-05-23T20:47:36,1,Synthetic / Demo Data,2026-05-23T00:00:00
2102,1553,7,11760,cleansing,2026-05-30T20:30:53,1,Synthetic / Demo Data,2026-05-30T00:00:00
2103,1553,80,11769,moisturizer,2026-06-02T13:08:40,1,Synthetic / Demo Data,2026-06-02T00:00:00
2104,1554,10,11773,cleansing,2026-06-08T15:33:40,0,Synthetic / Demo Data,2026-06-08T00:00:00
2105,1554,82,11777,moisturizer,2026-06-08T12:21:58,1,Synthetic / Demo Data,2026-06-08T00:00:00
2106,1554,4,11779,cleansing,2026-06-13T12:16:45,0,Synthetic / Demo Data,2026-06-13T00:00:00
2107,1556,27,11793,toner,2026-07-21T13:57:16,1,Synthetic / Demo Data,2026-07-21T00:00:00
2108,1556,96,11797,moisturizer,2026-07-23T09:34:15,1,Synthetic / Demo Data,2026-07-23T00:00:00
2109,1557,3,11805,cleansing,2026-06-10T17:58:06,1,Synthetic / Demo Data,2026-06-10T00:00:00
2110,1558,22,11809,cleansing,2026-03-06T05:20:31,1,Synthetic / Demo Data,2026-03-06T00:00:00
2111,1559,94,11818,moisturizer,2026-01-13T02:05:45,1,Synthetic / Demo Data,2026-01-13T00:00:00
2112,1559,29,11819,toner,2026-01-12T22:55:08,1,Synthetic / Demo Data,2026-01-12T00:00:00
2113,1559,82,11821,moisturizer,2026-01-13T01:57:12,1,Synthetic / Demo Data,2026-01-13T00:00:00
2114,1561,62,11833,active,2026-05-14T07:31:52,1,Synthetic / Demo Data,2026-05-14T00:00:00
2115,1561,33,11834,toner,2026-05-14T02:15:05,1,Synthetic / Demo Data,2026-05-14T00:00:00
2116,1564,19,11842,cleansing,2026-04-22T15:07:54,1,Synthetic / Demo Data,2026-04-22T00:00:00
2117,1564,109,11843,spf,2026-04-22T20:37:25,1,Synthetic / Demo Data,2026-04-22T00:00:00
2118,1564,18,11847,cleansing,2026-04-27T11:19:20,0,Synthetic / Demo Data,2026-04-27T00:00:00
2119,1564,82,11848,moisturizer,2026-04-27T12:05:52,1,Synthetic / Demo Data,2026-04-27T00:00:00
2120,1564,89,11849,moisturizer,2026-05-05T06:10:19,1,Synthetic / Demo Data,2026-05-05T00:00:00
2121,1565,74,11858,moisturizer,2026-08-06T18:06:45,1,Synthetic / Demo Data,2026-08-06T00:00:00
2122,1565,38,11859,toner,2026-08-06T15:00:50,1,Synthetic / Demo Data,2026-08-06T00:00:00
2123,1565,67,11864,active,2026-08-11T08:24:46,1,Synthetic / Demo Data,2026-08-11T00:00:00
2124,1565,18,11867,cleansing,2026-08-11T10:32:39,1,Synthetic / Demo Data,2026-08-11T00:00:00
2125,1567,16,11872,cleansing,2026-07-04T06:52:59,1,Synthetic / Demo Data,2026-07-04T00:00:00
2126,1567,74,11880,moisturizer,2026-07-15T01:10:48,1,Synthetic / Demo Data,2026-07-15T00:00:00
2127,1569,28,11882,toner,2026-01-20T04:07:53,1,Synthetic / Demo Data,2026-01-20T00:00:00
2128,1569,57,11886,active,2026-01-28T08:48:17,1,Synthetic / Demo Data,2026-01-28T00:00:00
2129,1569,118,11888,spf,2026-01-28T10:17:27,1,Synthetic / Demo Data,2026-01-28T00:00:00
2130,1569,18,11892,cleansing,2026-02-05T03:13:54,1,Synthetic / Demo Data,2026-02-05T00:00:00
2131,1569,11,11895,cleansing,2026-02-05T05:37:03,1,Synthetic / Demo Data,2026-02-05T00:00:00
2132,1569,14,11896,cleansing,2026-02-10T16:44:25,1,Synthetic / Demo Data,2026-02-10T00:00:00
2133,1570,70,11902,active,2026-08-21T04:13:18,1,Synthetic / Demo Data,2026-08-21T00:00:00
2134,1570,56,11907,active,2026-08-24T17:43:28,0,Synthetic / Demo Data,2026-08-24T00:00:00
2135,1570,1,11908,cleansing,2026-08-24T13:58:35,1,Synthetic / Demo Data,2026-08-24T00:00:00
2136,1570,108,11909,spf,2026-08-24T16:24:12,1,Synthetic / Demo Data,2026-08-24T00:00:00
2137,1570,22,11910,cleansing,2026-08-24T19:44:07,1,Synthetic / Demo Data,2026-08-24T00:00:00
2138,1571,40,11912,toner,2026-04-13T13:46:39,1,Synthetic / Demo Data,2026-04-13T00:00:00
2139,1571,63,11917,active,2026-04-15T06:28:18,1,Synthetic / Demo Data,2026-04-15T00:00:00
2140,1571,36,11919,toner,2026-04-15T06:23:56,1,Synthetic / Demo Data,2026-04-15T00:00:00
2141,1572,24,11924,cleansing,2026-01-25T04:24:38,1,Synthetic / Demo Data,2026-01-25T00:00:00
2142,1572,2,11935,cleansing,2026-02-11T22:50:46,1,Synthetic / Demo Data,2026-02-11T00:00:00
2143,1574,2,11949,cleansing,2026-05-20T03:43:35,0,Synthetic / Demo Data,2026-05-20T00:00:00
2144,1576,18,11965,cleansing,2026-06-08T03:32:22,1,Synthetic / Demo Data,2026-06-08T00:00:00
2145,1576,66,11967,active,2026-06-08T04:13:37,1,Synthetic / Demo Data,2026-06-08T00:00:00
2146,1576,29,11968,toner,2026-06-08T06:24:33,0,Synthetic / Demo Data,2026-06-08T00:00:00
2147,1576,38,11972,toner,2026-06-10T13:00:07,1,Synthetic / Demo Data,2026-06-10T00:00:00
2148,1577,1,11979,cleansing,2026-05-31T06:13:03,1,Synthetic / Demo Data,2026-05-31T00:00:00
2149,1577,12,11980,cleansing,2026-05-31T10:38:46,1,Synthetic / Demo Data,2026-05-31T00:00:00
2150,1577,120,11981,spf,2026-05-31T07:32:37,1,Synthetic / Demo Data,2026-05-31T00:00:00
2151,1577,105,11982,spf,2026-06-07T19:34:36,1,Synthetic / Demo Data,2026-06-07T00:00:00
2152,1577,28,11986,toner,2026-06-07T17:59:15,1,Synthetic / Demo Data,2026-06-07T00:00:00
2153,1577,17,11990,cleansing,2026-06-17T21:09:26,0,Synthetic / Demo Data,2026-06-17T00:00:00
2154,1578,22,11994,cleansing,2026-05-07T11:42:18,1,Synthetic / Demo Data,2026-05-07T00:00:00
2155,1578,106,11995,spf,2026-05-07T13:04:49,1,Synthetic / Demo Data,2026-05-07T00:00:00
2156,1578,55,12000,active,2026-05-19T13:17:02,1,Synthetic / Demo Data,2026-05-19T00:00:00
2157,1580,17,12018,cleansing,2026-02-14T09:49:16,1,Synthetic / Demo Data,2026-02-14T00:00:00
2158,1581,17,12022,cleansing,2026-06-12T02:12:46,1,Synthetic / Demo Data,2026-06-12T00:00:00
2159,1581,111,12025,spf,2026-06-24T23:37:25,1,Synthetic / Demo Data,2026-06-24T00:00:00
2160,1582,14,12029,cleansing,2026-08-06T18:56:20,1,Synthetic / Demo Data,2026-08-06T00:00:00
2161,1582,3,12036,cleansing,2026-08-09T07:27:57,1,Synthetic / Demo Data,2026-08-09T00:00:00
2162,1583,41,12042,toner,2026-08-13T17:02:58,1,Synthetic / Demo Data,2026-08-13T00:00:00
2163,1583,10,12051,cleansing,2026-08-15T20:14:04,1,Synthetic / Demo Data,2026-08-15T00:00:00
2164,1584,1,12061,cleansing,2026-05-30T12:08:07,1,Synthetic / Demo Data,2026-05-30T00:00:00
2165,1585,10,12065,cleansing,2026-08-09T18:28:01,0,Synthetic / Demo Data,2026-08-09T00:00:00
2166,1585,32,12071,toner,2026-08-14T05:27:57,1,Synthetic / Demo Data,2026-08-14T00:00:00
2167,1586,92,12080,moisturizer,2026-03-09T12:14:36,1,Synthetic / Demo Data,2026-03-09T00:00:00
2168,1587,16,12084,cleansing,2026-03-30T19:41:48,1,Synthetic / Demo Data,2026-03-30T00:00:00
2169,1587,55,12086,active,2026-03-30T15:57:32,1,Synthetic / Demo Data,2026-03-30T00:00:00
2170,1587,62,12088,active,2026-04-09T12:08:55,1,Synthetic / Demo Data,2026-04-09T00:00:00
2171,1589,50,12101,active,2026-04-25T05:18:38,0,Synthetic / Demo Data,2026-04-25T00:00:00
2172,1589,10,12108,cleansing,2026-05-02T06:57:14,1,Synthetic / Demo Data,2026-05-02T00:00:00
2173,1589,120,12116,spf,2026-05-07T20:08:49,1,Synthetic / Demo Data,2026-05-07T00:00:00
2174,1589,21,12117,cleansing,2026-05-07T21:37:33,1,Synthetic / Demo Data,2026-05-07T00:00:00
2175,1590,100,12118,spf,2026-02-04T18:43:23,1,Synthetic / Demo Data,2026-02-04T00:00:00
2176,1591,94,12126,moisturizer,2026-02-28T23:47:27,1,Synthetic / Demo Data,2026-02-28T00:00:00
2177,1591,69,12130,active,2026-03-06T14:23:41,1,Synthetic / Demo Data,2026-03-06T00:00:00
2178,1593,82,12143,moisturizer,2026-05-08T05:48:21,1,Synthetic / Demo Data,2026-05-08T00:00:00
2179,1596,116,12166,spf,2026-01-25T06:06:58,1,Synthetic / Demo Data,2026-01-25T00:00:00
2180,1596,25,12168,toner,2026-01-30T13:30:51,1,Synthetic / Demo Data,2026-01-30T00:00:00
2181,1596,1,12171,cleansing,2026-01-30T10:38:58,1,Synthetic / Demo Data,2026-01-30T00:00:00
2182,1596,12,12172,cleansing,2026-01-30T22:27:19,1,Synthetic / Demo Data,2026-01-30T00:00:00
2183,1598,14,12181,cleansing,2026-04-30T12:14:47,0,Synthetic / Demo Data,2026-04-30T00:00:00
2184,1598,40,12182,toner,2026-04-30T08:56:58,1,Synthetic / Demo Data,2026-04-30T00:00:00
2185,1601,21,12192,cleansing,2026-09-02T15:03:53,0,Synthetic / Demo Data,2026-09-02T00:00:00
2186,1602,7,12198,cleansing,2026-03-26T08:52:15,0,Synthetic / Demo Data,2026-03-26T00:00:00
2187,1602,90,12200,moisturizer,2026-03-31T22:38:37,1,Synthetic / Demo Data,2026-03-31T00:00:00
2188,1604,83,12207,moisturizer,2026-03-29T03:51:30,1,Synthetic / Demo Data,2026-03-29T00:00:00
2189,1604,84,12215,moisturizer,2026-04-13T15:04:54,1,Synthetic / Demo Data,2026-04-13T00:00:00
2190,1605,21,12222,cleansing,2026-06-11T21:32:30,1,Synthetic / Demo Data,2026-06-11T00:00:00
2191,1610,116,12237,spf,2026-03-15T02:10:44,1,Synthetic / Demo Data,2026-03-15T00:00:00
2192,1610,20,12243,cleansing,2026-03-16T06:05:18,1,Synthetic / Demo Data,2026-03-16T00:00:00
2193,1612,41,12252,toner,2026-04-19T15:00:26,0,Synthetic / Demo Data,2026-04-19T00:00:00
2194,1612,79,12254,moisturizer,2026-04-19T22:01:50,1,Synthetic / Demo Data,2026-04-19T00:00:00
2195,1612,80,12255,moisturizer,2026-04-19T17:43:00,0,Synthetic / Demo Data,2026-04-19T00:00:00
2196,1612,21,12256,cleansing,2026-04-19T20:11:09,1,Synthetic / Demo Data,2026-04-19T00:00:00
2197,1615,16,12276,cleansing,2026-03-03T11:45:23,0,Synthetic / Demo Data,2026-03-03T00:00:00
2198,1615,54,12283,active,2026-03-10T22:09:32,1,Synthetic / Demo Data,2026-03-10T00:00:00
2199,1615,55,12286,active,2026-03-10T22:52:20,1,Synthetic / Demo Data,2026-03-10T00:00:00
2200,1617,55,12301,active,2026-07-25T09:31:26,1,Synthetic / Demo Data,2026-07-25T00:00:00
2201,1618,82,12306,moisturizer,2026-01-31T17:31:38,1,Synthetic / Demo Data,2026-01-31T00:00:00
2202,1618,38,12309,toner,2026-02-13T04:31:52,1,Synthetic / Demo Data,2026-02-13T00:00:00
2203,1618,69,12310,active,2026-02-13T06:57:25,1,Synthetic / Demo Data,2026-02-13T00:00:00
2204,1619,12,12315,cleansing,2026-06-10T17:25:55,1,Synthetic / Demo Data,2026-06-10T00:00:00
2205,1619,113,12322,spf,2026-06-12T19:57:28,0,Synthetic / Demo Data,2026-06-12T00:00:00
2206,1619,14,12323,cleansing,2026-06-12T17:17:51,0,Synthetic / Demo Data,2026-06-12T00:00:00
2207,1621,100,12336,spf,2026-04-29T19:35:18,1,Synthetic / Demo Data,2026-04-29T00:00:00
2208,1621,1,12340,cleansing,2026-04-30T09:15:53,1,Synthetic / Demo Data,2026-04-30T00:00:00
2209,1622,106,12350,spf,2026-06-01T20:32:09,1,Synthetic / Demo Data,2026-06-01T00:00:00
2210,1622,55,12353,active,2026-06-07T17:31:32,1,Synthetic / Demo Data,2026-06-07T00:00:00
2211,1622,17,12356,cleansing,2026-06-07T15:39:02,1,Synthetic / Demo Data,2026-06-07T00:00:00
2212,1622,46,12357,toner,2026-06-07T14:14:18,1,Synthetic / Demo Data,2026-06-07T00:00:00
2213,1622,90,12360,moisturizer,2026-06-09T01:16:02,1,Synthetic / Demo Data,2026-06-09T00:00:00
2214,1623,51,12365,active,2026-07-16T12:04:05,1,Synthetic / Demo Data,2026-07-16T00:00:00
2215,1623,1,12374,cleansing,2026-08-04T10:14:26,1,Synthetic / Demo Data,2026-08-04T00:00:00
2216,1625,99,12381,spf,2026-03-02T10:24:46,1,Synthetic / Demo Data,2026-03-02T00:00:00
2217,1625,19,12385,cleansing,2026-03-03T14:53:52,1,Synthetic / Demo Data,2026-03-03T00:00:00
2218,1626,97,12390,spf,2026-04-15T08:26:18,1,Synthetic / Demo Data,2026-04-15T00:00:00
2219,1627,80,12394,moisturizer,2026-07-15T04:39:57,1,Synthetic / Demo Data,2026-07-15T00:00:00
2220,1627,21,12397,cleansing,2026-07-15T09:13:30,1,Synthetic / Demo Data,2026-07-15T00:00:00
2221,1628,27,12402,toner,2026-06-06T01:38:48,1,Synthetic / Demo Data,2026-06-06T00:00:00
2222,1628,116,12405,spf,2026-06-10T00:00:57,1,Synthetic / Demo Data,2026-06-10T00:00:00
2223,1628,90,12408,moisturizer,2026-06-10T02:12:48,1,Synthetic / Demo Data,2026-06-10T00:00:00
2224,1630,78,12426,moisturizer,2026-05-15T19:19:54,1,Synthetic / Demo Data,2026-05-15T00:00:00
2225,1632,88,12433,moisturizer,2026-06-27T17:05:59,1,Synthetic / Demo Data,2026-06-27T00:00:00
2226,1632,116,12440,spf,2026-07-02T04:38:51,1,Synthetic / Demo Data,2026-07-02T00:00:00
2227,1632,32,12443,toner,2026-07-06T02:49:52,1,Synthetic / Demo Data,2026-07-06T00:00:00
2228,1632,1,12444,cleansing,2026-07-06T09:46:00,1,Synthetic / Demo Data,2026-07-06T00:00:00
2229,1634,61,12446,active,2026-05-21T02:37:12,1,Synthetic / Demo Data,2026-05-21T00:00:00
2230,1635,116,12456,spf,2026-01-15T23:11:09,1,Synthetic / Demo Data,2026-01-15T00:00:00
2231,1635,79,12461,moisturizer,2026-01-28T05:27:30,1,Synthetic / Demo Data,2026-01-28T00:00:00
2232,1635,86,12462,moisturizer,2026-01-28T02:17:54,1,Synthetic / Demo Data,2026-01-28T00:00:00
2233,1636,74,12470,moisturizer,2026-06-29T14:26:01,1,Synthetic / Demo Data,2026-06-29T00:00:00
2234,1636,53,12471,active,2026-06-29T15:21:25,0,Synthetic / Demo Data,2026-06-29T00:00:00
2235,1636,17,12474,cleansing,2026-07-08T17:48:10,1,Synthetic / Demo Data,2026-07-08T00:00:00
2236,1637,73,12479,moisturizer,2026-04-07T07:26:42,1,Synthetic / Demo Data,2026-04-07T00:00:00
2237,1637,55,12483,active,2026-04-07T12:26:22,1,Synthetic / Demo Data,2026-04-07T00:00:00
2238,1638,116,12490,spf,2026-07-15T09:58:36,1,Synthetic / Demo Data,2026-07-15T00:00:00
2239,1638,82,12491,moisturizer,2026-07-15T11:11:43,1,Synthetic / Demo Data,2026-07-15T00:00:00
2240,1640,70,12501,active,2026-08-20T08:49:29,1,Synthetic / Demo Data,2026-08-20T00:00:00
2241,1643,6,12521,cleansing,2026-04-21T22:29:46,1,Synthetic / Demo Data,2026-04-21T00:00:00
2242,1643,116,12527,spf,2026-05-06T22:46:40,1,Synthetic / Demo Data,2026-05-06T00:00:00
2243,1643,107,12528,spf,2026-05-06T23:47:02,1,Synthetic / Demo Data,2026-05-06T00:00:00
2244,1644,90,12544,moisturizer,2026-04-06T18:52:24,1,Synthetic / Demo Data,2026-04-06T00:00:00
2245,1646,17,12553,cleansing,2026-05-23T20:58:48,1,Synthetic / Demo Data,2026-05-23T00:00:00
2246,1649,10,12565,cleansing,2026-03-16T18:25:39,1,Synthetic / Demo Data,2026-03-16T00:00:00
2247,1650,82,12567,moisturizer,2026-08-19T23:11:59,1,Synthetic / Demo Data,2026-08-19T00:00:00
2248,1650,48,12568,toner,2026-08-20T00:44:19,1,Synthetic / Demo Data,2026-08-20T00:00:00
2249,1650,49,12571,active,2026-08-19T20:48:14,1,Synthetic / Demo Data,2026-08-19T00:00:00
2250,1650,106,12573,spf,2026-08-20T10:16:11,1,Synthetic / Demo Data,2026-08-20T00:00:00
2251,1650,1,12574,cleansing,2026-08-20T04:12:11,0,Synthetic / Demo Data,2026-08-20T00:00:00
2252,1651,66,12580,active,2026-08-31T07:16:10,0,Synthetic / Demo Data,2026-08-31T00:00:00
2253,1652,74,12587,moisturizer,2026-03-03T21:07:14,1,Synthetic / Demo Data,2026-03-03T00:00:00
2254,1652,35,12589,toner,2026-03-03T23:59:38,0,Synthetic / Demo Data,2026-03-03T00:00:00
2255,1652,103,12593,spf,2026-03-06T03:05:34,1,Synthetic / Demo Data,2026-03-06T00:00:00
2256,1652,63,12594,active,2026-03-06T02:50:38,1,Synthetic / Demo Data,2026-03-06T00:00:00
2257,1652,99,12595,spf,2026-03-06T00:27:25,1,Synthetic / Demo Data,2026-03-06T00:00:00
2258,1652,113,12597,spf,2026-03-16T08:11:08,1,Synthetic / Demo Data,2026-03-16T00:00:00
2259,1653,30,12599,toner,2026-03-11T23:52:14,1,Synthetic / Demo Data,2026-03-11T00:00:00
2260,1653,83,12604,moisturizer,2026-03-25T06:13:33,1,Synthetic / Demo Data,2026-03-25T00:00:00
2261,1654,14,12611,cleansing,2026-06-04T05:52:56,0,Synthetic / Demo Data,2026-06-04T00:00:00
2262,1654,92,12612,moisturizer,2026-06-04T06:46:04,1,Synthetic / Demo Data,2026-06-04T00:00:00
2263,1655,51,12623,active,2026-08-28T00:12:34,1,Synthetic / Demo Data,2026-08-28T00:00:00
2264,1655,17,12626,cleansing,2026-09-06T13:20:58,0,Synthetic / Demo Data,2026-09-06T00:00:00
2265,1656,43,12636,toner,2026-01-27T16:16:02,1,Synthetic / Demo Data,2026-01-27T00:00:00
2266,1656,29,12637,toner,2026-01-27T12:26:43,1,Synthetic / Demo Data,2026-01-27T00:00:00
2267,1657,43,12643,toner,2026-08-24T19:46:13,1,Synthetic / Demo Data,2026-08-24T00:00:00
2268,1657,55,12647,active,2026-09-02T14:43:58,1,Synthetic / Demo Data,2026-09-02T00:00:00
2269,1657,89,12649,moisturizer,2026-09-02T15:01:11,1,Synthetic / Demo Data,2026-09-02T00:00:00
2270,1658,34,12656,toner,2026-08-15T20:05:15,1,Synthetic / Demo Data,2026-08-15T00:00:00
2271,1658,54,12657,active,2026-08-15T17:32:45,1,Synthetic / Demo Data,2026-08-15T00:00:00
2272,1659,107,12665,spf,2026-06-19T13:49:43,1,Synthetic / Demo Data,2026-06-19T00:00:00
2273,1659,4,12672,cleansing,2026-06-26T08:32:29,1,Synthetic / Demo Data,2026-06-26T00:00:00
2274,1663,61,12687,active,2026-09-05T18:43:52,1,Synthetic / Demo Data,2026-09-05T00:00:00
2275,1663,3,12688,cleansing,2026-09-05T20:49:57,1,Synthetic / Demo Data,2026-09-05T00:00:00
2276,1665,17,12694,cleansing,2026-08-23T17:39:44,1,Synthetic / Demo Data,2026-08-23T00:00:00
2277,1667,74,12702,moisturizer,2026-04-04T10:30:23,0,Synthetic / Demo Data,2026-04-04T00:00:00
2278,1667,38,12705,toner,2026-04-04T15:06:24,1,Synthetic / Demo Data,2026-04-04T00:00:00
2279,1667,102,12706,spf,2026-04-04T09:41:14,1,Synthetic / Demo Data,2026-04-04T00:00:00
2280,1668,18,12709,cleansing,2026-04-25T08:40:07,1,Synthetic / Demo Data,2026-04-25T00:00:00
2281,1668,50,12713,active,2026-04-25T06:10:38,1,Synthetic / Demo Data,2026-04-25T00:00:00
2282,1668,34,12718,toner,2026-05-13T12:45:12,1,Synthetic / Demo Data,2026-05-13T00:00:00
2283,1669,21,12724,cleansing,2026-05-11T04:46:10,1,Synthetic / Demo Data,2026-05-11T00:00:00
2284,1669,116,12727,spf,2026-05-17T19:08:07,1,Synthetic / Demo Data,2026-05-17T00:00:00
2285,1670,82,12736,moisturizer,2026-06-23T00:47:21,1,Synthetic / Demo Data,2026-06-23T00:00:00
2286,1671,74,12750,moisturizer,2026-06-20T16:33:08,1,Synthetic / Demo Data,2026-06-20T00:00:00
2287,1672,62,12763,active,2026-05-20T20:17:17,1,Synthetic / Demo Data,2026-05-20T00:00:00
2288,1674,18,12788,cleansing,2026-02-12T20:45:46,1,Synthetic / Demo Data,2026-02-12T00:00:00
2289,1675,19,12792,cleansing,2026-02-03T08:13:32,1,Synthetic / Demo Data,2026-02-03T00:00:00
2290,1675,18,12793,cleansing,2026-02-03T09:25:00,1,Synthetic / Demo Data,2026-02-03T00:00:00
2291,1675,6,12799,cleansing,2026-02-25T07:08:20,1,Synthetic / Demo Data,2026-02-25T00:00:00
2292,1679,85,12802,moisturizer,2026-05-08T10:18:07,1,Synthetic / Demo Data,2026-05-08T00:00:00
2293,1679,74,12807,moisturizer,2026-05-14T14:33:19,1,Synthetic / Demo Data,2026-05-14T00:00:00
2294,1681,27,12822,toner,2026-04-12T21:36:55,1,Synthetic / Demo Data,2026-04-12T00:00:00
2295,1681,107,12828,spf,2026-04-16T16:32:23,1,Synthetic / Demo Data,2026-04-16T00:00:00
2296,1683,39,12841,toner,2026-09-02T09:16:49,1,Synthetic / Demo Data,2026-09-02T00:00:00
2297,1685,44,12852,toner,2026-03-31T23:02:25,1,Synthetic / Demo Data,2026-03-31T00:00:00
2298,1685,97,12855,spf,2026-04-03T00:41:13,0,Synthetic / Demo Data,2026-04-03T00:00:00
2299,1685,46,12857,toner,2026-04-03T00:27:00,0,Synthetic / Demo Data,2026-04-03T00:00:00
2300,1686,82,12866,moisturizer,2026-02-13T03:43:18,1,Synthetic / Demo Data,2026-02-13T00:00:00
2301,1687,90,12872,moisturizer,2026-07-31T01:20:23,1,Synthetic / Demo Data,2026-07-31T00:00:00
2302,1691,49,12881,active,2026-04-09T14:27:01,1,Synthetic / Demo Data,2026-04-09T00:00:00
2303,1692,82,12886,moisturizer,2026-06-26T22:18:19,1,Synthetic / Demo Data,2026-06-26T00:00:00
2304,1692,112,12887,spf,2026-06-26T23:18:26,1,Synthetic / Demo Data,2026-06-26T00:00:00
2305,1692,104,12888,spf,2026-06-27T03:10:37,1,Synthetic / Demo Data,2026-06-27T00:00:00
2306,1693,116,12900,spf,2026-09-01T14:18:24,1,Synthetic / Demo Data,2026-09-01T00:00:00
2307,1694,55,12906,active,2026-06-09T19:00:32,1,Synthetic / Demo Data,2026-06-09T00:00:00
2308,1695,38,12909,toner,2026-06-01T14:45:33,1,Synthetic / Demo Data,2026-06-01T00:00:00
2309,1695,81,12910,moisturizer,2026-06-01T14:41:57,1,Synthetic / Demo Data,2026-06-01T00:00:00
2310,1695,118,12913,spf,2026-06-01T11:25:41,1,Synthetic / Demo Data,2026-06-01T00:00:00
2311,1695,21,12916,cleansing,2026-06-05T23:20:36,1,Synthetic / Demo Data,2026-06-05T00:00:00
2312,1695,113,12919,spf,2026-06-12T10:54:34,1,Synthetic / Demo Data,2026-06-12T00:00:00
2313,1696,63,12920,active,2026-01-31T18:11:50,1,Synthetic / Demo Data,2026-01-31T00:00:00
2314,1696,3,12922,cleansing,2026-01-31T11:55:32,1,Synthetic / Demo Data,2026-01-31T00:00:00
2315,1696,49,12930,active,2026-02-14T07:39:41,0,Synthetic / Demo Data,2026-02-14T00:00:00
2316,1697,76,12931,moisturizer,2026-04-06T20:19:05,1,Synthetic / Demo Data,2026-04-06T00:00:00
2317,1697,25,12933,toner,2026-04-06T22:28:47,1,Synthetic / Demo Data,2026-04-06T00:00:00
2318,1697,55,12934,active,2026-04-06T20:25:56,1,Synthetic / Demo Data,2026-04-06T00:00:00
2319,1697,107,12941,spf,2026-04-11T00:08:49,1,Synthetic / Demo Data,2026-04-11T00:00:00
2320,1700,63,12947,active,2026-02-16T14:01:07,1,Synthetic / Demo Data,2026-02-16T00:00:00
2321,1701,104,12960,spf,2026-08-30T21:00:31,1,Synthetic / Demo Data,2026-08-30T00:00:00
2322,1701,76,12961,moisturizer,2026-08-30T20:15:49,1,Synthetic / Demo Data,2026-08-30T00:00:00
2323,1701,58,12963,active,2026-08-30T22:10:00,1,Synthetic / Demo Data,2026-08-30T00:00:00
2324,1701,92,12964,moisturizer,2026-09-01T11:55:01,1,Synthetic / Demo Data,2026-09-01T00:00:00
2325,1701,99,12967,spf,2026-09-01T13:55:28,1,Synthetic / Demo Data,2026-09-01T00:00:00
2326,1702,10,12975,cleansing,2026-03-11T00:30:59,1,Synthetic / Demo Data,2026-03-11T00:00:00
2327,1703,97,12984,spf,2026-03-10T19:11:25,1,Synthetic / Demo Data,2026-03-10T00:00:00
2328,1703,22,12985,cleansing,2026-03-10T19:38:42,1,Synthetic / Demo Data,2026-03-10T00:00:00
2329,1703,56,12987,active,2026-03-10T17:19:19,1,Synthetic / Demo Data,2026-03-10T00:00:00
2330,1709,48,13017,toner,2026-02-06T14:50:16,1,Synthetic / Demo Data,2026-02-06T00:00:00
2331,1709,21,13023,cleansing,2026-02-15T06:07:12,1,Synthetic / Demo Data,2026-02-15T00:00:00
2332,1709,115,13029,spf,2026-02-15T17:18:03,1,Synthetic / Demo Data,2026-02-15T00:00:00
2333,1709,76,13030,moisturizer,2026-02-19T16:31:53,1,Synthetic / Demo Data,2026-02-19T00:00:00
2334,1710,75,13036,moisturizer,2026-01-24T11:17:10,1,Synthetic / Demo Data,2026-01-24T00:00:00
2335,1710,94,13037,moisturizer,2026-01-24T14:04:33,1,Synthetic / Demo Data,2026-01-24T00:00:00
2336,1711,32,13052,toner,2026-06-01T10:00:39,1,Synthetic / Demo Data,2026-06-01T00:00:00
2337,1711,53,13054,active,2026-06-04T15:27:44,1,Synthetic / Demo Data,2026-06-04T00:00:00
2338,1715,35,13070,toner,2026-06-13T20:13:12,1,Synthetic / Demo Data,2026-06-13T00:00:00
2339,1715,22,13072,cleansing,2026-06-13T22:24:00,1,Synthetic / Demo Data,2026-06-13T00:00:00
2340,1716,82,13079,moisturizer,2026-08-08T19:48:29,1,Synthetic / Demo Data,2026-08-08T00:00:00
2341,1717,120,13085,spf,2026-09-05T14:55:59,1,Synthetic / Demo Data,2026-09-05T00:00:00
2342,1717,69,13087,active,2026-09-08T05:40:37,1,Synthetic / Demo Data,2026-09-08T00:00:00
2343,1717,48,13091,toner,2026-09-08T04:52:34,1,Synthetic / Demo Data,2026-09-08T00:00:00
2344,1718,118,13097,spf,2026-06-03T17:04:53,1,Synthetic / Demo Data,2026-06-03T00:00:00
2345,1718,55,13099,active,2026-06-17T08:35:52,1,Synthetic / Demo Data,2026-06-17T00:00:00
2346,1721,24,13101,cleansing,2026-07-18T09:48:21,1,Synthetic / Demo Data,2026-07-18T00:00:00
2347,1721,55,13103,active,2026-07-18T06:45:02,0,Synthetic / Demo Data,2026-07-18T00:00:00
2348,1721,14,13106,cleansing,2026-07-19T07:19:36,0,Synthetic / Demo Data,2026-07-19T00:00:00
2349,1721,82,13110,moisturizer,2026-08-01T03:02:41,1,Synthetic / Demo Data,2026-08-01T00:00:00
2350,1721,73,13112,moisturizer,2026-08-01T03:20:36,0,Synthetic / Demo Data,2026-08-01T00:00:00
2351,1723,106,13117,spf,2026-06-29T08:45:34,1,Synthetic / Demo Data,2026-06-29T00:00:00
2352,1725,77,13119,moisturizer,2026-07-02T19:48:05,1,Synthetic / Demo Data,2026-07-02T00:00:00
2353,1725,57,13121,active,2026-07-02T20:58:44,1,Synthetic / Demo Data,2026-07-02T00:00:00
2354,1725,7,13128,cleansing,2026-07-20T13:35:24,1,Synthetic / Demo Data,2026-07-20T00:00:00
2355,1726,80,13135,moisturizer,2026-01-17T00:55:47,1,Synthetic / Demo Data,2026-01-17T00:00:00
2356,1726,5,13137,cleansing,2026-01-16T19:18:38,1,Synthetic / Demo Data,2026-01-16T00:00:00
2357,1730,39,13183,toner,2026-02-21T13:05:55,1,Synthetic / Demo Data,2026-02-21T00:00:00
2358,1731,65,13190,active,2026-03-13T07:20:47,1,Synthetic / Demo Data,2026-03-13T00:00:00
2359,1732,75,13206,moisturizer,2026-03-31T05:22:56,1,Synthetic / Demo Data,2026-03-31T00:00:00
2360,1732,78,13207,moisturizer,2026-03-31T02:48:10,0,Synthetic / Demo Data,2026-03-31T00:00:00
2361,1733,97,13213,spf,2026-03-03T18:31:41,1,Synthetic / Demo Data,2026-03-03T00:00:00
2362,1733,40,13215,toner,2026-03-03T18:31:21,1,Synthetic / Demo Data,2026-03-03T00:00:00
2363,1733,46,13216,toner,2026-03-12T11:17:59,1,Synthetic / Demo Data,2026-03-12T00:00:00
2364,1733,74,13218,moisturizer,2026-03-12T11:56:23,1,Synthetic / Demo Data,2026-03-12T00:00:00
2365,1734,22,13220,cleansing,2026-02-27T13:18:44,1,Synthetic / Demo Data,2026-02-27T00:00:00
2366,1734,74,13221,moisturizer,2026-02-27T12:46:53,1,Synthetic / Demo Data,2026-02-27T00:00:00
2367,1734,103,13227,spf,2026-03-11T19:40:25,1,Synthetic / Demo Data,2026-03-11T00:00:00
2368,1734,89,13229,moisturizer,2026-03-15T17:19:46,1,Synthetic / Demo Data,2026-03-15T00:00:00
2369,1734,4,13232,cleansing,2026-03-15T16:41:04,1,Synthetic / Demo Data,2026-03-15T00:00:00
2370,1735,27,13234,toner,2026-06-16T02:36:11,1,Synthetic / Demo Data,2026-06-16T00:00:00
2371,1735,116,13238,spf,2026-06-16T02:10:35,1,Synthetic / Demo Data,2026-06-16T00:00:00
2372,1736,82,13249,moisturizer,2026-02-10T04:11:02,1,Synthetic / Demo Data,2026-02-10T00:00:00
2373,1736,118,13250,spf,2026-02-10T01:20:35,1,Synthetic / Demo Data,2026-02-10T00:00:00
2374,1737,7,13252,cleansing,2026-08-06T02:42:53,0,Synthetic / Demo Data,2026-08-06T00:00:00
2375,1737,44,13256,toner,2026-08-06T02:53:50,1,Synthetic / Demo Data,2026-08-06T00:00:00
2376,1737,75,13261,moisturizer,2026-08-18T06:13:52,1,Synthetic / Demo Data,2026-08-18T00:00:00
2377,1742,12,13263,cleansing,2026-02-13T20:02:36,1,Synthetic / Demo Data,2026-02-13T00:00:00
2378,1742,75,13269,moisturizer,2026-02-14T13:20:43,1,Synthetic / Demo Data,2026-02-14T00:00:00
2379,1743,67,13277,active,2026-01-18T21:16:53,1,Synthetic / Demo Data,2026-01-18T00:00:00
2380,1743,34,13281,toner,2026-01-20T15:14:29,1,Synthetic / Demo Data,2026-01-20T00:00:00
2381,1745,63,13292,active,2026-07-10T19:45:37,0,Synthetic / Demo Data,2026-07-10T00:00:00
2382,1746,67,13301,active,2026-07-10T00:36:30,1,Synthetic / Demo Data,2026-07-10T00:00:00
2383,1746,84,13307,moisturizer,2026-07-11T17:27:10,1,Synthetic / Demo Data,2026-07-11T00:00:00
2384,1746,32,13309,toner,2026-07-11T20:26:01,1,Synthetic / Demo Data,2026-07-11T00:00:00
2385,1746,78,13313,moisturizer,2026-07-22T21:57:49,1,Synthetic / Demo Data,2026-07-22T00:00:00
2386,1746,21,13314,cleansing,2026-07-22T16:29:06,1,Synthetic / Demo Data,2026-07-22T00:00:00
2387,1749,116,13326,spf,2026-06-07T13:49:47,1,Synthetic / Demo Data,2026-06-07T00:00:00
2388,1749,92,13331,moisturizer,2026-06-14T09:34:13,1,Synthetic / Demo Data,2026-06-14T00:00:00
2389,1751,90,13343,moisturizer,2026-03-17T08:35:57,1,Synthetic / Demo Data,2026-03-17T00:00:00
2390,1754,92,13364,moisturizer,2026-01-29T06:20:12,1,Synthetic / Demo Data,2026-01-29T00:00:00
2391,1754,97,13373,spf,2026-02-10T09:06:45,1,Synthetic / Demo Data,2026-02-10T00:00:00
2392,1755,32,13376,toner,2026-07-08T11:20:26,1,Synthetic / Demo Data,2026-07-08T00:00:00
2393,1755,103,13380,spf,2026-07-12T07:22:28,1,Synthetic / Demo Data,2026-07-12T00:00:00
2394,1756,106,13386,spf,2026-04-25T06:22:55,1,Synthetic / Demo Data,2026-04-25T00:00:00
2395,1757,22,13392,cleansing,2026-03-04T04:33:11,1,Synthetic / Demo Data,2026-03-04T00:00:00
2396,1758,111,13403,spf,2026-04-26T23:36:13,1,Synthetic / Demo Data,2026-04-26T00:00:00
2397,1759,38,13407,toner,2026-02-20T21:17:08,1,Synthetic / Demo Data,2026-02-20T00:00:00
2398,1760,116,13417,spf,2026-06-21T22:07:19,1,Synthetic / Demo Data,2026-06-21T00:00:00
2399,1760,76,13420,moisturizer,2026-06-21T16:42:14,1,Synthetic / Demo Data,2026-06-21T00:00:00
2400,1760,81,13422,moisturizer,2026-07-03T00:19:09,1,Synthetic / Demo Data,2026-07-03T00:00:00
2401,1761,70,13432,active,2026-05-20T16:26:12,1,Synthetic / Demo Data,2026-05-20T00:00:00
2402,1762,7,13442,cleansing,2026-07-21T22:43:06,1,Synthetic / Demo Data,2026-07-21T00:00:00
2403,1762,34,13443,toner,2026-07-21T20:55:15,1,Synthetic / Demo Data,2026-07-21T00:00:00
2404,1763,103,13447,spf,2026-07-05T02:05:26,1,Synthetic / Demo Data,2026-07-05T00:00:00
2405,1763,49,13451,active,2026-07-14T06:31:09,1,Synthetic / Demo Data,2026-07-14T00:00:00
2406,1765,69,13456,active,2026-04-06T17:42:25,1,Synthetic / Demo Data,2026-04-06T00:00:00
2407,1765,4,13460,cleansing,2026-04-12T05:49:43,1,Synthetic / Demo Data,2026-04-12T00:00:00
2408,1766,55,13465,active,2026-07-11T05:40:19,1,Synthetic / Demo Data,2026-07-11T00:00:00
2409,1766,31,13468,toner,2026-07-11T04:02:34,1,Synthetic / Demo Data,2026-07-11T00:00:00
2410,1766,17,13470,cleansing,2026-07-14T15:32:02,1,Synthetic / Demo Data,2026-07-14T00:00:00
2411,1771,34,13499,toner,2026-06-23T05:11:33,1,Synthetic / Demo Data,2026-06-23T00:00:00
2412,1772,22,13502,cleansing,2026-04-22T09:28:16,0,Synthetic / Demo Data,2026-04-22T00:00:00
2413,1772,66,13504,active,2026-04-22T11:59:10,1,Synthetic / Demo Data,2026-04-22T00:00:00
2414,1773,106,13518,spf,2026-09-12T21:33:51,1,Synthetic / Demo Data,2026-09-12T00:00:00
2415,1776,101,13519,spf,2026-08-05T15:24:22,1,Synthetic / Demo Data,2026-08-05T00:00:00
2416,1777,84,13529,moisturizer,2026-06-29T00:28:19,1,Synthetic / Demo Data,2026-06-29T00:00:00
2417,1777,105,13531,spf,2026-07-05T18:55:18,1,Synthetic / Demo Data,2026-07-05T00:00:00
2418,1778,51,13539,active,2026-04-15T08:07:55,1,Synthetic / Demo Data,2026-04-15T00:00:00
2419,1780,40,13545,toner,2026-01-23T06:45:39,1,Synthetic / Demo Data,2026-01-23T00:00:00
2420,1780,80,13548,moisturizer,2026-01-23T11:24:16,1,Synthetic / Demo Data,2026-01-23T00:00:00
2421,1780,64,13550,active,2026-01-26T04:08:45,1,Synthetic / Demo Data,2026-01-26T00:00:00
2422,1780,116,13553,spf,2026-01-26T01:39:04,1,Synthetic / Demo Data,2026-01-26T00:00:00
2423,1780,73,13554,moisturizer,2026-01-26T02:54:28,1,Synthetic / Demo Data,2026-01-26T00:00:00
2424,1780,100,13556,spf,2026-02-11T17:46:45,1,Synthetic / Demo Data,2026-02-11T00:00:00
2425,1781,81,13565,moisturizer,2026-06-28T03:09:00,1,Synthetic / Demo Data,2026-06-28T00:00:00
2426,1782,67,13569,active,2026-02-09T16:35:58,1,Synthetic / Demo Data,2026-02-09T00:00:00
2427,1782,17,13571,cleansing,2026-02-09T16:12:56,1,Synthetic / Demo Data,2026-02-09T00:00:00
2428,1783,14,13582,cleansing,2026-06-09T20:43:20,1,Synthetic / Demo Data,2026-06-09T00:00:00
2429,1783,53,13583,active,2026-06-09T21:25:29,1,Synthetic / Demo Data,2026-06-09T00:00:00
2430,1786,105,13588,spf,2026-03-20T08:07:16,1,Synthetic / Demo Data,2026-03-20T00:00:00
2431,1786,70,13591,active,2026-03-20T04:52:19,1,Synthetic / Demo Data,2026-03-20T00:00:00
2432,1789,99,13605,spf,2026-02-12T18:21:13,1,Synthetic / Demo Data,2026-02-12T00:00:00
2433,1793,35,13634,toner,2026-07-23T20:20:10,0,Synthetic / Demo Data,2026-07-23T00:00:00
2434,1794,27,13647,toner,2026-07-17T05:33:06,1,Synthetic / Demo Data,2026-07-17T00:00:00
2435,1794,21,13648,cleansing,2026-07-17T01:02:14,1,Synthetic / Demo Data,2026-07-17T00:00:00
2436,1795,64,13653,active,2026-06-02T00:22:05,1,Synthetic / Demo Data,2026-06-02T00:00:00
2437,1795,82,13656,moisturizer,2026-06-15T08:38:05,1,Synthetic / Demo Data,2026-06-15T00:00:00
2438,1797,102,13663,spf,2026-01-14T12:21:11,1,Synthetic / Demo Data,2026-01-14T00:00:00
2439,1797,112,13664,spf,2026-01-14T09:29:41,1,Synthetic / Demo Data,2026-01-14T00:00:00
2440,1797,6,13666,cleansing,2026-01-14T14:22:00,1,Synthetic / Demo Data,2026-01-14T00:00:00
2441,1797,116,13667,spf,2026-01-15T14:56:28,1,Synthetic / Demo Data,2026-01-15T00:00:00
2442,1797,22,13669,cleansing,2026-01-15T14:56:26,1,Synthetic / Demo Data,2026-01-15T00:00:00
2443,1797,12,13670,cleansing,2026-01-15T10:48:53,1,Synthetic / Demo Data,2026-01-15T00:00:00
2444,1798,51,13674,active,2026-06-25T08:21:33,1,Synthetic / Demo Data,2026-06-25T00:00:00
2445,1798,82,13681,moisturizer,2026-07-07T14:06:37,1,Synthetic / Demo Data,2026-07-07T00:00:00
2446,1800,82,13692,moisturizer,2026-08-06T23:23:49,1,Synthetic / Demo Data,2026-08-06T00:00:00
2447,1801,52,13695,active,2026-05-23T22:59:15,1,Synthetic / Demo Data,2026-05-23T00:00:00
2448,1803,1,13704,cleansing,2026-05-13T09:11:21,1,Synthetic / Demo Data,2026-05-13T00:00:00
2449,1803,81,13711,moisturizer,2026-05-19T22:51:55,1,Synthetic / Demo Data,2026-05-19T00:00:00
2450,1804,34,13718,toner,2026-02-15T12:38:59,1,Synthetic / Demo Data,2026-02-15T00:00:00
2451,1804,67,13722,active,2026-02-19T17:38:36,1,Synthetic / Demo Data,2026-02-19T00:00:00
2452,1809,103,13748,spf,2026-08-07T23:53:54,1,Synthetic / Demo Data,2026-08-07T00:00:00
2453,1809,82,13750,moisturizer,2026-08-08T03:52:56,0,Synthetic / Demo Data,2026-08-08T00:00:00
2454,1811,99,13754,spf,2026-05-03T10:55:16,1,Synthetic / Demo Data,2026-05-03T00:00:00
2455,1812,1,13765,cleansing,2026-03-08T20:54:21,1,Synthetic / Demo Data,2026-03-08T00:00:00
2456,1813,97,13783,spf,2026-03-01T00:08:07,1,Synthetic / Demo Data,2026-03-01T00:00:00
2457,1813,6,13784,cleansing,2026-02-28T20:22:23,1,Synthetic / Demo Data,2026-02-28T00:00:00
2458,1814,81,13793,moisturizer,2026-09-07T17:50:44,1,Synthetic / Demo Data,2026-09-07T00:00:00
2459,1818,36,13816,toner,2026-08-19T21:58:08,1,Synthetic / Demo Data,2026-08-19T00:00:00
2460,1818,97,13817,spf,2026-08-19T21:40:19,1,Synthetic / Demo Data,2026-08-19T00:00:00
2461,1819,94,13830,moisturizer,2026-08-27T07:02:02,1,Synthetic / Demo Data,2026-08-27T00:00:00
2462,1819,120,13831,spf,2026-08-27T06:18:50,1,Synthetic / Demo Data,2026-08-27T00:00:00
2463,1820,118,13835,spf,2026-03-29T09:54:54,1,Synthetic / Demo Data,2026-03-29T00:00:00
2464,1820,102,13837,spf,2026-03-29T13:34:42,0,Synthetic / Demo Data,2026-03-29T00:00:00
2465,1820,112,13839,spf,2026-03-30T20:27:08,1,Synthetic / Demo Data,2026-03-30T00:00:00
2466,1821,3,13848,cleansing,2026-06-11T22:38:02,1,Synthetic / Demo Data,2026-06-11T00:00:00
2467,1822,36,13858,toner,2026-07-04T05:29:26,1,Synthetic / Demo Data,2026-07-04T00:00:00
2468,1822,94,13860,moisturizer,2026-07-04T04:11:03,1,Synthetic / Demo Data,2026-07-04T00:00:00
2469,1822,116,13861,spf,2026-07-04T05:37:54,1,Synthetic / Demo Data,2026-07-04T00:00:00
2470,1822,50,13862,active,2026-07-04T06:08:53,1,Synthetic / Demo Data,2026-07-04T00:00:00
2471,1822,55,13863,active,2026-07-13T17:20:56,1,Synthetic / Demo Data,2026-07-13T00:00:00
2472,1822,90,13864,moisturizer,2026-07-13T13:52:45,1,Synthetic / Demo Data,2026-07-13T00:00:00
2473,1822,106,13867,spf,2026-07-13T14:03:09,1,Synthetic / Demo Data,2026-07-13T00:00:00
2474,1822,25,13868,toner,2026-07-16T20:02:31,1,Synthetic / Demo Data,2026-07-16T00:00:00
2475,1823,60,13872,active,2026-06-05T12:50:13,1,Synthetic / Demo Data,2026-06-05T00:00:00
2476,1823,37,13876,toner,2026-06-19T16:14:11,1,Synthetic / Demo Data,2026-06-19T00:00:00
2477,1823,16,13877,cleansing,2026-06-19T15:17:24,0,Synthetic / Demo Data,2026-06-19T00:00:00
2478,1825,116,13882,spf,2026-08-20T04:27:13,1,Synthetic / Demo Data,2026-08-20T00:00:00
2479,1825,103,13884,spf,2026-08-19T21:58:06,1,Synthetic / Demo Data,2026-08-19T00:00:00
2480,1826,41,13893,toner,2026-07-16T09:26:09,1,Synthetic / Demo Data,2026-07-16T00:00:00
2481,1826,84,13895,moisturizer,2026-07-16T14:52:28,1,Synthetic / Demo Data,2026-07-16T00:00:00
2482,1827,21,13898,cleansing,2026-04-07T00:43:20,1,Synthetic / Demo Data,2026-04-07T00:00:00
2483,1828,74,13915,moisturizer,2026-06-09T14:25:37,1,Synthetic / Demo Data,2026-06-09T00:00:00
2484,1829,97,13923,spf,2026-07-23T23:22:46,1,Synthetic / Demo Data,2026-07-23T00:00:00
2485,1830,54,13929,active,2026-02-24T06:30:15,1,Synthetic / Demo Data,2026-02-24T00:00:00
2486,1830,19,13933,cleansing,2026-02-24T04:53:50,1,Synthetic / Demo Data,2026-02-24T00:00:00
2487,1831,92,13934,moisturizer,2026-07-11T14:41:56,1,Synthetic / Demo Data,2026-07-11T00:00:00
2488,1831,106,13939,spf,2026-07-22T02:33:34,1,Synthetic / Demo Data,2026-07-22T00:00:00
2489,1832,86,13943,moisturizer,2026-05-18T03:07:19,1,Synthetic / Demo Data,2026-05-18T00:00:00
2490,1832,19,13944,cleansing,2026-05-18T09:32:02,1,Synthetic / Demo Data,2026-05-18T00:00:00
2491,1832,16,13948,cleansing,2026-05-27T01:26:01,1,Synthetic / Demo Data,2026-05-27T00:00:00
2492,1834,96,13958,moisturizer,2026-05-08T17:08:13,1,Synthetic / Demo Data,2026-05-08T00:00:00
2493,1836,110,13959,spf,2026-02-04T12:53:28,1,Synthetic / Demo Data,2026-02-04T00:00:00
2494,1836,17,13967,cleansing,2026-02-13T19:28:56,1,Synthetic / Demo Data,2026-02-13T00:00:00
2495,1839,86,13978,moisturizer,2026-05-28T21:57:54,1,Synthetic / Demo Data,2026-05-28T00:00:00
2496,1839,13,13979,cleansing,2026-05-29T04:54:10,1,Synthetic / Demo Data,2026-05-29T00:00:00
2497,1839,6,13980,cleansing,2026-05-29T00:16:06,1,Synthetic / Demo Data,2026-05-29T00:00:00
2498,1839,14,13982,cleansing,2026-05-29T10:28:18,1,Synthetic / Demo Data,2026-05-29T00:00:00
2499,1839,82,13986,moisturizer,2026-05-29T11:33:11,1,Synthetic / Demo Data,2026-05-29T00:00:00
2500,1839,22,13989,cleansing,2026-06-04T09:09:44,1,Synthetic / Demo Data,2026-06-04T00:00:00
2501,1839,21,13990,cleansing,2026-06-04T12:16:15,1,Synthetic / Demo Data,2026-06-04T00:00:00
2502,1841,2,13995,cleansing,2026-03-16T19:47:56,1,Synthetic / Demo Data,2026-03-16T00:00:00
2503,1841,38,13999,toner,2026-03-16T18:49:45,1,Synthetic / Demo Data,2026-03-16T00:00:00
2504,1841,67,14000,active,2026-03-25T08:51:24,1,Synthetic / Demo Data,2026-03-25T00:00:00
2505,1841,17,14002,cleansing,2026-03-25T14:37:31,1,Synthetic / Demo Data,2026-03-25T00:00:00
2506,1842,27,14016,toner,2026-05-13T02:54:10,1,Synthetic / Demo Data,2026-05-13T00:00:00
2507,1843,18,14022,cleansing,2026-06-16T07:11:36,1,Synthetic / Demo Data,2026-06-16T00:00:00
2508,1844,56,14033,active,2026-07-15T23:10:10,1,Synthetic / Demo Data,2026-07-15T00:00:00
2509,1845,75,14040,moisturizer,2026-06-10T07:42:27,1,Synthetic / Demo Data,2026-06-10T00:00:00
2510,1845,113,14042,spf,2026-06-10T03:02:50,0,Synthetic / Demo Data,2026-06-10T00:00:00
2511,1845,45,14045,toner,2026-06-11T15:44:10,1,Synthetic / Demo Data,2026-06-11T00:00:00
2512,1846,2,14056,cleansing,2026-07-09T14:33:44,1,Synthetic / Demo Data,2026-07-09T00:00:00
2513,1846,63,14061,active,2026-07-11T13:03:28,1,Synthetic / Demo Data,2026-07-11T00:00:00
2514,1846,82,14062,moisturizer,2026-07-11T13:18:01,1,Synthetic / Demo Data,2026-07-11T00:00:00
2515,1849,27,14077,toner,2026-01-30T07:00:57,1,Synthetic / Demo Data,2026-01-30T00:00:00
2516,1850,27,14088,toner,2026-03-28T04:25:04,1,Synthetic / Demo Data,2026-03-28T00:00:00
2517,1853,36,14104,toner,2026-08-09T17:52:00,1,Synthetic / Demo Data,2026-08-09T00:00:00
2518,1855,14,14108,cleansing,2026-08-04T12:17:04,1,Synthetic / Demo Data,2026-08-04T00:00:00
2519,1855,1,14112,cleansing,2026-08-09T03:08:11,1,Synthetic / Demo Data,2026-08-09T00:00:00
2520,1856,83,14115,moisturizer,2026-03-23T15:09:32,1,Synthetic / Demo Data,2026-03-23T00:00:00
2521,1856,10,14117,cleansing,2026-03-23T12:58:04,1,Synthetic / Demo Data,2026-03-23T00:00:00
2522,1856,12,14123,cleansing,2026-03-23T18:06:13,1,Synthetic / Demo Data,2026-03-23T00:00:00
2523,1856,27,14124,toner,2026-03-23T22:42:07,1,Synthetic / Demo Data,2026-03-23T00:00:00
2524,1858,79,14136,moisturizer,2026-06-03T14:41:19,1,Synthetic / Demo Data,2026-06-03T00:00:00
2525,1860,74,14146,moisturizer,2026-03-18T05:07:12,1,Synthetic / Demo Data,2026-03-18T00:00:00
2526,1863,82,14150,moisturizer,2026-01-16T00:17:06,1,Synthetic / Demo Data,2026-01-16T00:00:00
2527,1864,65,14158,active,2026-03-16T20:42:29,1,Synthetic / Demo Data,2026-03-16T00:00:00
2528,1864,82,14159,moisturizer,2026-03-16T16:01:22,1,Synthetic / Demo Data,2026-03-16T00:00:00
2529,1864,18,14160,cleansing,2026-03-16T17:31:06,1,Synthetic / Demo Data,2026-03-16T00:00:00
2530,1865,14,14168,cleansing,2026-03-16T05:49:17,1,Synthetic / Demo Data,2026-03-16T00:00:00
2531,1865,15,14172,cleansing,2026-03-16T16:03:11,1,Synthetic / Demo Data,2026-03-16T00:00:00
2532,1866,116,14181,spf,2026-04-27T00:35:53,1,Synthetic / Demo Data,2026-04-27T00:00:00
2533,1866,17,14183,cleansing,2026-04-27T03:21:18,1,Synthetic / Demo Data,2026-04-27T00:00:00
2534,1867,27,14192,toner,2026-03-31T20:00:33,1,Synthetic / Demo Data,2026-03-31T00:00:00
2535,1868,21,14201,cleansing,2026-02-21T23:16:05,1,Synthetic / Demo Data,2026-02-21T00:00:00
2536,1870,102,14203,spf,2026-04-06T14:56:34,1,Synthetic / Demo Data,2026-04-06T00:00:00
2537,1870,63,14206,active,2026-04-06T11:37:41,1,Synthetic / Demo Data,2026-04-06T00:00:00
2538,1870,25,14209,toner,2026-04-22T03:04:01,1,Synthetic / Demo Data,2026-04-22T00:00:00
2539,1870,61,14211,active,2026-04-21T22:17:39,1,Synthetic / Demo Data,2026-04-21T00:00:00
2540,1871,82,14218,moisturizer,2026-08-25T00:09:03,1,Synthetic / Demo Data,2026-08-25T00:00:00
2541,1873,12,14228,cleansing,2026-08-12T02:25:21,1,Synthetic / Demo Data,2026-08-12T00:00:00
2542,1874,53,14234,active,2026-09-09T04:32:04,1,Synthetic / Demo Data,2026-09-09T00:00:00
2543,1874,109,14235,spf,2026-09-09T04:35:07,0,Synthetic / Demo Data,2026-09-09T00:00:00
2544,1874,11,14238,cleansing,2026-09-08T23:52:46,1,Synthetic / Demo Data,2026-09-08T00:00:00
2545,1875,81,14244,moisturizer,2026-01-08T09:33:50,1,Synthetic / Demo Data,2026-01-08T00:00:00
2546,1876,116,14259,spf,2026-05-24T12:31:37,1,Synthetic / Demo Data,2026-05-24T00:00:00
2547,1876,34,14260,toner,2026-05-24T10:09:35,1,Synthetic / Demo Data,2026-05-24T00:00:00
2548,1877,6,14264,cleansing,2026-05-23T02:36:29,1,Synthetic / Demo Data,2026-05-23T00:00:00
2549,1879,14,14275,cleansing,2026-08-31T12:04:25,1,Synthetic / Demo Data,2026-08-31T00:00:00
2550,1879,109,14280,spf,2026-09-10T20:45:41,1,Synthetic / Demo Data,2026-09-10T00:00:00
2551,1879,112,14281,spf,2026-09-10T19:19:44,1,Synthetic / Demo Data,2026-09-10T00:00:00
2552,1880,108,14290,spf,2026-03-26T00:03:29,1,Synthetic / Demo Data,2026-03-26T00:00:00
2553,1882,74,14297,moisturizer,2026-06-16T22:22:53,1,Synthetic / Demo Data,2026-06-16T00:00:00
2554,1882,25,14303,toner,2026-06-23T17:20:58,1,Synthetic / Demo Data,2026-06-23T00:00:00
2555,1882,103,14304,spf,2026-06-23T19:49:58,1,Synthetic / Demo Data,2026-06-23T00:00:00
2556,1882,61,14306,active,2026-06-23T15:22:53,1,Synthetic / Demo Data,2026-06-23T00:00:00
2557,1882,16,14310,cleansing,2026-06-25T01:39:08,1,Synthetic / Demo Data,2026-06-25T00:00:00
2558,1883,4,14317,cleansing,2026-02-22T07:02:52,1,Synthetic / Demo Data,2026-02-22T00:00:00
2559,1887,94,14336,moisturizer,2026-09-01T00:52:17,1,Synthetic / Demo Data,2026-09-01T00:00:00
2560,1890,14,14347,cleansing,2026-09-01T13:08:27,1,Synthetic / Demo Data,2026-09-01T00:00:00
2561,1891,21,14356,cleansing,2026-03-09T04:21:25,1,Synthetic / Demo Data,2026-03-09T00:00:00
2562,1892,90,14363,moisturizer,2026-08-12T20:14:01,1,Synthetic / Demo Data,2026-08-12T00:00:00
2563,1892,16,14368,cleansing,2026-08-16T16:05:20,1,Synthetic / Demo Data,2026-08-16T00:00:00
2564,1892,22,14371,cleansing,2026-08-16T20:03:55,1,Synthetic / Demo Data,2026-08-16T00:00:00
2565,1898,100,14391,spf,2026-08-04T15:00:10,1,Synthetic / Demo Data,2026-08-04T00:00:00
2566,1898,38,14392,toner,2026-08-05T22:22:43,1,Synthetic / Demo Data,2026-08-05T00:00:00
2567,1900,82,14395,moisturizer,2026-09-05T20:21:48,0,Synthetic / Demo Data,2026-09-05T00:00:00
2568,1903,116,14418,spf,2026-03-04T04:34:52,1,Synthetic / Demo Data,2026-03-04T00:00:00
2569,1903,3,14423,cleansing,2026-03-13T13:38:51,1,Synthetic / Demo Data,2026-03-13T00:00:00
2570,1903,7,14424,cleansing,2026-03-19T21:18:16,1,Synthetic / Demo Data,2026-03-19T00:00:00
2571,1903,82,14425,moisturizer,2026-03-19T19:08:12,1,Synthetic / Demo Data,2026-03-19T00:00:00
2572,1905,70,14431,active,2026-07-17T19:58:32,1,Synthetic / Demo Data,2026-07-17T00:00:00
2573,1906,21,14438,cleansing,2026-07-11T14:24:43,0,Synthetic / Demo Data,2026-07-11T00:00:00
2574,1906,99,14439,spf,2026-07-11T13:31:42,1,Synthetic / Demo Data,2026-07-11T00:00:00
2575,1906,86,14440,moisturizer,2026-07-11T14:16:09,1,Synthetic / Demo Data,2026-07-11T00:00:00
2576,1906,113,14442,spf,2026-07-13T10:53:09,1,Synthetic / Demo Data,2026-07-13T00:00:00
2577,1906,1,14446,cleansing,2026-07-13T16:29:32,1,Synthetic / Demo Data,2026-07-13T00:00:00
2578,1906,116,14449,spf,2026-07-17T22:08:29,1,Synthetic / Demo Data,2026-07-17T00:00:00
2579,1906,69,14450,active,2026-07-17T20:50:03,0,Synthetic / Demo Data,2026-07-17T00:00:00
2580,1906,31,14451,toner,2026-07-17T21:40:35,1,Synthetic / Demo Data,2026-07-17T00:00:00
2581,1908,16,14466,cleansing,2026-07-23T15:32:58,1,Synthetic / Demo Data,2026-07-23T00:00:00
2582,1910,51,14467,active,2026-02-22T06:09:29,1,Synthetic / Demo Data,2026-02-22T00:00:00
2583,1910,12,14470,cleansing,2026-02-22T05:28:03,1,Synthetic / Demo Data,2026-02-22T00:00:00
2584,1910,16,14471,cleansing,2026-02-22T05:14:37,1,Synthetic / Demo Data,2026-02-22T00:00:00
2585,1910,21,14472,cleansing,2026-03-05T00:33:22,1,Synthetic / Demo Data,2026-03-05T00:00:00
2586,1910,38,14474,toner,2026-03-05T00:53:57,1,Synthetic / Demo Data,2026-03-05T00:00:00
2587,1910,77,14476,moisturizer,2026-03-05T02:24:08,1,Synthetic / Demo Data,2026-03-05T00:00:00
2588,1910,116,14477,spf,2026-03-07T15:11:33,1,Synthetic / Demo Data,2026-03-07T00:00:00
2589,1911,24,14478,cleansing,2026-06-05T17:36:48,1,Synthetic / Demo Data,2026-06-05T00:00:00
2590,1911,78,14479,moisturizer,2026-06-05T17:56:45,1,Synthetic / Demo Data,2026-06-05T00:00:00
2591,1911,55,14486,active,2026-06-17T03:28:39,1,Synthetic / Demo Data,2026-06-17T00:00:00
2592,1911,109,14491,spf,2026-06-22T15:19:45,1,Synthetic / Demo Data,2026-06-22T00:00:00
2593,1913,43,14497,toner,2026-07-08T17:25:19,1,Synthetic / Demo Data,2026-07-08T00:00:00
2594,1913,9,14503,cleansing,2026-07-13T01:55:41,1,Synthetic / Demo Data,2026-07-13T00:00:00
2595,1915,91,14519,moisturizer,2026-01-23T19:30:29,1,Synthetic / Demo Data,2026-01-23T00:00:00
2596,1917,115,14523,spf,2026-03-24T01:51:35,1,Synthetic / Demo Data,2026-03-24T00:00:00
2597,1917,49,14526,active,2026-03-27T11:10:01,1,Synthetic / Demo Data,2026-03-27T00:00:00
2598,1917,70,14527,active,2026-03-27T13:14:13,1,Synthetic / Demo Data,2026-03-27T00:00:00
2599,1917,80,14528,moisturizer,2026-03-27T06:28:29,1,Synthetic / Demo Data,2026-03-27T00:00:00
2600,1917,9,14532,cleansing,2026-03-28T02:16:04,1,Synthetic / Demo Data,2026-03-28T00:00:00
2601,1918,77,14537,moisturizer,2026-05-25T05:56:43,1,Synthetic / Demo Data,2026-05-25T00:00:00
2602,1918,83,14540,moisturizer,2026-05-30T19:14:13,1,Synthetic / Demo Data,2026-05-30T00:00:00
2603,1919,51,14551,active,2026-02-12T12:39:14,1,Synthetic / Demo Data,2026-02-12T00:00:00
2604,1919,40,14554,toner,2026-02-15T00:22:42,1,Synthetic / Demo Data,2026-02-15T00:00:00
2605,1919,109,14556,spf,2026-02-14T22:11:14,1,Synthetic / Demo Data,2026-02-14T00:00:00
2606,1920,66,14565,active,2026-07-09T16:32:06,1,Synthetic / Demo Data,2026-07-09T00:00:00
2607,1920,86,14566,moisturizer,2026-07-09T21:02:27,1,Synthetic / Demo Data,2026-07-09T00:00:00
2608,1921,68,14570,active,2026-06-22T00:58:55,1,Synthetic / Demo Data,2026-06-22T00:00:00
2609,1922,28,14574,toner,2026-04-29T15:37:00,0,Synthetic / Demo Data,2026-04-29T00:00:00
2610,1922,116,14577,spf,2026-04-29T18:58:45,1,Synthetic / Demo Data,2026-04-29T00:00:00
2611,1922,21,14581,cleansing,2026-04-30T03:04:58,1,Synthetic / Demo Data,2026-04-30T00:00:00
2612,1922,36,14583,toner,2026-04-30T03:07:12,1,Synthetic / Demo Data,2026-04-30T00:00:00
2613,1927,54,14602,active,2026-09-01T13:17:33,1,Synthetic / Demo Data,2026-09-01T00:00:00
2614,1928,97,14606,spf,2026-03-02T22:54:02,1,Synthetic / Demo Data,2026-03-02T00:00:00
2615,1930,7,14629,cleansing,2026-05-06T05:59:22,0,Synthetic / Demo Data,2026-05-06T00:00:00
2616,1930,97,14632,spf,2026-05-06T06:41:42,1,Synthetic / Demo Data,2026-05-06T00:00:00
2617,1931,27,14633,toner,2026-02-24T02:16:04,1,Synthetic / Demo Data,2026-02-24T00:00:00
2618,1932,103,14650,spf,2026-02-21T13:27:21,1,Synthetic / Demo Data,2026-02-21T00:00:00
2619,1932,53,14653,active,2026-02-23T15:59:23,1,Synthetic / Demo Data,2026-02-23T00:00:00
2620,1934,106,14662,spf,2026-06-30T12:43:10,1,Synthetic / Demo Data,2026-06-30T00:00:00
2621,1934,10,14663,cleansing,2026-07-01T20:39:42,1,Synthetic / Demo Data,2026-07-01T00:00:00
2622,1934,109,14667,spf,2026-07-01T19:27:23,1,Synthetic / Demo Data,2026-07-01T00:00:00
2623,1934,17,14668,cleansing,2026-07-06T08:26:01,1,Synthetic / Demo Data,2026-07-06T00:00:00
2624,1935,86,14675,moisturizer,2026-08-29T23:23:45,1,Synthetic / Demo Data,2026-08-29T00:00:00
2625,1936,63,14685,active,2026-03-13T00:22:17,1,Synthetic / Demo Data,2026-03-13T00:00:00
2626,1940,66,14698,active,2026-03-05T16:31:13,0,Synthetic / Demo Data,2026-03-05T00:00:00
2627,1940,49,14701,active,2026-03-05T18:48:33,1,Synthetic / Demo Data,2026-03-05T00:00:00
2628,1940,62,14704,active,2026-03-20T23:56:50,1,Synthetic / Demo Data,2026-03-20T00:00:00
2629,1942,32,14713,toner,2026-02-12T07:03:04,1,Synthetic / Demo Data,2026-02-12T00:00:00
2630,1943,2,14724,cleansing,2026-01-20T21:11:30,1,Synthetic / Demo Data,2026-01-20T00:00:00
2631,1944,24,14732,cleansing,2026-08-22T16:41:59,1,Synthetic / Demo Data,2026-08-22T00:00:00
2632,1944,80,14734,moisturizer,2026-08-25T13:39:26,1,Synthetic / Demo Data,2026-08-25T00:00:00
2633,1946,112,14751,spf,2026-02-10T09:09:03,1,Synthetic / Demo Data,2026-02-10T00:00:00
2634,1946,74,14753,moisturizer,2026-02-10T16:26:32,1,Synthetic / Demo Data,2026-02-10T00:00:00
2635,1947,25,14765,toner,2026-04-23T13:17:24,1,Synthetic / Demo Data,2026-04-23T00:00:00
2636,1947,32,14770,toner,2026-04-27T05:18:40,1,Synthetic / Demo Data,2026-04-27T00:00:00
2637,1948,14,14773,cleansing,2026-05-01T08:19:10,1,Synthetic / Demo Data,2026-05-01T00:00:00
2638,1950,92,14793,moisturizer,2026-07-29T03:23:36,1,Synthetic / Demo Data,2026-07-29T00:00:00
2639,1951,46,14794,toner,2026-01-12T05:19:48,1,Synthetic / Demo Data,2026-01-12T00:00:00
2640,1951,62,14803,active,2026-01-19T01:41:31,1,Synthetic / Demo Data,2026-01-19T00:00:00
2641,1952,72,14815,active,2026-04-17T05:23:24,1,Synthetic / Demo Data,2026-04-17T00:00:00
2642,1952,97,14817,spf,2026-04-20T00:08:39,1,Synthetic / Demo Data,2026-04-20T00:00:00
2643,1952,57,14820,active,2026-04-19T20:35:54,1,Synthetic / Demo Data,2026-04-19T00:00:00
2644,1955,116,14835,spf,2026-07-05T14:17:10,1,Synthetic / Demo Data,2026-07-05T00:00:00
2645,1955,1,14840,cleansing,2026-07-12T00:17:30,1,Synthetic / Demo Data,2026-07-12T00:00:00
2646,1956,116,14845,spf,2026-01-29T11:30:34,0,Synthetic / Demo Data,2026-01-29T00:00:00
2647,1956,25,14847,toner,2026-01-29T11:37:35,0,Synthetic / Demo Data,2026-01-29T00:00:00
2648,1956,17,14850,cleansing,2026-02-13T19:25:34,1,Synthetic / Demo Data,2026-02-13T00:00:00
2649,1956,78,14852,moisturizer,2026-02-13T15:02:34,1,Synthetic / Demo Data,2026-02-13T00:00:00
2650,1957,103,14861,spf,2026-03-17T17:06:25,1,Synthetic / Demo Data,2026-03-17T00:00:00
2651,1957,14,14863,cleansing,2026-03-17T17:06:01,1,Synthetic / Demo Data,2026-03-17T00:00:00
2652,1958,108,14876,spf,2026-04-09T22:54:04,1,Synthetic / Demo Data,2026-04-09T00:00:00
2653,1958,85,14878,moisturizer,2026-04-11T15:51:14,1,Synthetic / Demo Data,2026-04-11T00:00:00
2654,1962,107,14884,spf,2026-04-28T09:04:03,1,Synthetic / Demo Data,2026-04-28T00:00:00
2655,1964,80,14888,moisturizer,2026-04-09T03:02:45,1,Synthetic / Demo Data,2026-04-09T00:00:00
2656,1964,54,14893,active,2026-04-11T00:38:56,1,Synthetic / Demo Data,2026-04-11T00:00:00
2657,1964,14,14894,cleansing,2026-04-11T01:11:44,1,Synthetic / Demo Data,2026-04-11T00:00:00
2658,1965,18,14904,cleansing,2026-09-12T02:49:07,1,Synthetic / Demo Data,2026-09-12T00:00:00
2659,1966,16,14911,cleansing,2026-02-05T19:12:42,1,Synthetic / Demo Data,2026-02-05T00:00:00
2660,1966,39,14917,toner,2026-02-11T22:08:56,1,Synthetic / Demo Data,2026-02-11T00:00:00
2661,1967,112,14919,spf,2026-06-27T20:04:01,1,Synthetic / Demo Data,2026-06-27T00:00:00
2662,1967,69,14920,active,2026-06-27T18:26:58,1,Synthetic / Demo Data,2026-06-27T00:00:00
2663,1967,116,14923,spf,2026-07-03T14:27:40,1,Synthetic / Demo Data,2026-07-03T00:00:00
2664,1967,94,14926,moisturizer,2026-07-03T11:50:06,1,Synthetic / Demo Data,2026-07-03T00:00:00
2665,1967,1,14927,cleansing,2026-07-03T18:39:21,1,Synthetic / Demo Data,2026-07-03T00:00:00
2666,1968,99,14933,spf,2026-04-03T08:15:21,1,Synthetic / Demo Data,2026-04-03T00:00:00
2667,1968,21,14935,cleansing,2026-04-04T08:30:20,1,Synthetic / Demo Data,2026-04-04T00:00:00
2668,1970,17,14937,cleansing,2026-09-01T08:09:29,1,Synthetic / Demo Data,2026-09-01T00:00:00
2669,1970,37,14940,toner,2026-09-01T10:22:41,1,Synthetic / Demo Data,2026-09-01T00:00:00
2670,1970,1,14941,cleansing,2026-09-01T08:27:13,1,Synthetic / Demo Data,2026-09-01T00:00:00
2671,1970,77,14943,moisturizer,2026-09-07T08:45:05,1,Synthetic / Demo Data,2026-09-07T00:00:00
2672,1970,13,14945,cleansing,2026-09-07T08:00:14,1,Synthetic / Demo Data,2026-09-07T00:00:00
2673,1972,41,14947,toner,2026-07-16T22:52:34,1,Synthetic / Demo Data,2026-07-16T00:00:00
2674,1972,106,14952,spf,2026-07-17T15:17:21,1,Synthetic / Demo Data,2026-07-17T00:00:00
2675,1972,22,14955,cleansing,2026-07-17T16:27:15,1,Synthetic / Demo Data,2026-07-17T00:00:00
2676,1972,21,14957,cleansing,2026-08-07T19:31:25,1,Synthetic / Demo Data,2026-08-07T00:00:00
2677,1975,118,14968,spf,2026-04-24T10:17:36,1,Synthetic / Demo Data,2026-04-24T00:00:00
2678,1975,120,14970,spf,2026-04-24T15:13:28,1,Synthetic / Demo Data,2026-04-24T00:00:00
2679,1975,1,14973,cleansing,2026-05-07T07:38:22,1,Synthetic / Demo Data,2026-05-07T00:00:00
2680,1975,110,14974,spf,2026-05-07T08:06:40,1,Synthetic / Demo Data,2026-05-07T00:00:00
2681,1977,61,14978,active,2026-02-18T06:16:49,1,Synthetic / Demo Data,2026-02-18T00:00:00
2682,1981,116,15002,spf,2026-06-11T17:41:20,1,Synthetic / Demo Data,2026-06-11T00:00:00
2683,1982,105,15004,spf,2026-05-06T13:55:34,1,Synthetic / Demo Data,2026-05-06T00:00:00
2684,1982,57,15006,active,2026-05-06T14:14:22,1,Synthetic / Demo Data,2026-05-06T00:00:00
2685,1982,81,15010,moisturizer,2026-05-07T23:16:18,0,Synthetic / Demo Data,2026-05-07T00:00:00
2686,1983,30,15020,toner,2026-03-03T13:19:34,1,Synthetic / Demo Data,2026-03-03T00:00:00
2687,1983,31,15022,toner,2026-03-03T09:56:55,1,Synthetic / Demo Data,2026-03-03T00:00:00
2688,1983,18,15023,cleansing,2026-03-03T09:22:24,1,Synthetic / Demo Data,2026-03-03T00:00:00
2689,1983,107,15024,spf,2026-03-03T12:18:25,1,Synthetic / Demo Data,2026-03-03T00:00:00
2690,1983,56,15025,active,2026-03-06T13:52:35,1,Synthetic / Demo Data,2026-03-06T00:00:00
2691,1984,66,15032,active,2026-09-01T09:00:47,1,Synthetic / Demo Data,2026-09-01T00:00:00
2692,1984,9,15038,cleansing,2026-09-12T08:21:36,1,Synthetic / Demo Data,2026-09-12T00:00:00
2693,1986,106,15039,spf,2026-07-03T22:47:00,1,Synthetic / Demo Data,2026-07-03T00:00:00
2694,1989,67,15061,active,2026-07-25T13:13:09,1,Synthetic / Demo Data,2026-07-25T00:00:00
2695,1990,31,15080,toner,2026-08-22T16:11:00,1,Synthetic / Demo Data,2026-08-22T00:00:00
2696,1991,77,15086,moisturizer,2026-05-09T12:16:47,1,Synthetic / Demo Data,2026-05-09T00:00:00
2697,1991,39,15089,toner,2026-05-23T22:27:13,1,Synthetic / Demo Data,2026-05-23T00:00:00
2698,1991,24,15092,cleansing,2026-05-25T18:09:10,1,Synthetic / Demo Data,2026-05-25T00:00:00
2699,1993,88,15098,moisturizer,2026-06-23T03:38:34,1,Synthetic / Demo Data,2026-06-23T00:00:00
2700,1993,55,15100,active,2026-06-23T16:48:48,1,Synthetic / Demo Data,2026-06-23T00:00:00
2701,1995,77,15109,moisturizer,2026-09-23T22:18:56,1,Synthetic / Demo Data,2026-09-23T00:00:00
2702,1996,12,15110,cleansing,2026-01-19T07:16:38,1,Synthetic / Demo Data,2026-01-19T00:00:00
2703,1996,36,15111,toner,2026-01-19T04:07:32,1,Synthetic / Demo Data,2026-01-19T00:00:00
2704,1996,57,15114,active,2026-01-19T05:56:50,1,Synthetic / Demo Data,2026-01-19T00:00:00
2705,2000,105,15129,spf,2026-02-26T13:40:37,1,Synthetic / Demo Data,2026-02-26T00:00:00
2706,2004,7,15144,cleansing,2026-03-28T01:11:06,1,Synthetic / Demo Data,2026-03-28T00:00:00
2707,2004,57,15146,active,2026-03-28T02:18:39,1,Synthetic / Demo Data,2026-03-28T00:00:00
2708,2004,28,15154,toner,2026-04-10T02:08:58,1,Synthetic / Demo Data,2026-04-10T00:00:00
2709,2004,1,15155,cleansing,2026-04-10T05:16:44,1,Synthetic / Demo Data,2026-04-10T00:00:00
2710,2008,17,15166,cleansing,2026-02-22T18:09:05,1,Synthetic / Demo Data,2026-02-22T00:00:00
2711,2008,88,15177,moisturizer,2026-03-07T23:38:03,1,Synthetic / Demo Data,2026-03-07T00:00:00
2712,2008,49,15178,active,2026-03-07T23:57:52,1,Synthetic / Demo Data,2026-03-07T00:00:00
2713,2010,88,15179,moisturizer,2026-06-30T19:57:20,1,Synthetic / Demo Data,2026-06-30T00:00:00
2714,2010,112,15181,spf,2026-07-01T02:23:18,1,Synthetic / Demo Data,2026-07-01T00:00:00
2715,2011,116,15191,spf,2026-01-25T22:45:04,1,Synthetic / Demo Data,2026-01-25T00:00:00
2716,2011,24,15193,cleansing,2026-01-26T01:00:21,1,Synthetic / Demo Data,2026-01-26T00:00:00
2717,2011,78,15196,moisturizer,2026-01-30T13:49:22,1,Synthetic / Demo Data,2026-01-30T00:00:00
2718,2011,21,15197,cleansing,2026-01-30T11:47:55,1,Synthetic / Demo Data,2026-01-30T00:00:00
2719,2011,83,15199,moisturizer,2026-01-30T14:25:45,1,Synthetic / Demo Data,2026-01-30T00:00:00
2720,2013,13,15202,cleansing,2026-01-12T02:24:32,1,Synthetic / Demo Data,2026-01-12T00:00:00
2721,2013,2,15207,cleansing,2026-01-23T08:33:34,1,Synthetic / Demo Data,2026-01-23T00:00:00
2722,2013,113,15209,spf,2026-01-23T06:52:46,1,Synthetic / Demo Data,2026-01-23T00:00:00
2723,2013,1,15210,cleansing,2026-01-23T08:37:55,1,Synthetic / Demo Data,2026-01-23T00:00:00
2724,2013,69,15211,active,2026-01-23T06:34:29,1,Synthetic / Demo Data,2026-01-23T00:00:00
2725,2016,7,15216,cleansing,2026-05-16T08:17:54,1,Synthetic / Demo Data,2026-05-16T00:00:00
2726,2016,67,15217,active,2026-05-16T08:13:38,0,Synthetic / Demo Data,2026-05-16T00:00:00
2727,2016,116,15222,spf,2026-05-21T18:40:01,1,Synthetic / Demo Data,2026-05-21T00:00:00
2728,2017,88,15228,moisturizer,2026-05-26T20:47:11,1,Synthetic / Demo Data,2026-05-26T00:00:00
2729,2018,51,15235,active,2026-05-02T18:33:15,1,Synthetic / Demo Data,2026-05-02T00:00:00
2730,2018,13,15238,cleansing,2026-05-02T20:17:49,1,Synthetic / Demo Data,2026-05-02T00:00:00
2731,2018,69,15241,active,2026-05-03T14:50:56,1,Synthetic / Demo Data,2026-05-03T00:00:00
2732,2021,91,15256,moisturizer,2026-06-17T22:32:35,1,Synthetic / Demo Data,2026-06-17T00:00:00
2733,2021,106,15258,spf,2026-07-01T08:07:07,1,Synthetic / Demo Data,2026-07-01T00:00:00
2734,2022,24,15261,cleansing,2026-02-27T17:05:38,1,Synthetic / Demo Data,2026-02-27T00:00:00
2735,2022,84,15262,moisturizer,2026-02-27T13:50:20,1,Synthetic / Demo Data,2026-02-27T00:00:00
2736,2023,56,15272,active,2026-04-24T01:43:56,1,Synthetic / Demo Data,2026-04-24T00:00:00
2737,2023,76,15274,moisturizer,2026-04-25T00:18:05,1,Synthetic / Demo Data,2026-04-25T00:00:00
2738,2023,21,15279,cleansing,2026-05-02T01:37:48,1,Synthetic / Demo Data,2026-05-02T00:00:00
2739,2024,107,15281,spf,2026-02-21T10:08:21,1,Synthetic / Demo Data,2026-02-21T00:00:00
2740,2024,1,15282,cleansing,2026-02-21T13:29:47,1,Synthetic / Demo Data,2026-02-21T00:00:00
2741,2024,2,15285,cleansing,2026-02-21T22:20:25,0,Synthetic / Demo Data,2026-02-21T00:00:00
2742,2026,42,15303,toner,2026-02-07T11:30:51,1,Synthetic / Demo Data,2026-02-07T00:00:00
2743,2027,41,15315,toner,2026-05-15T16:21:47,1,Synthetic / Demo Data,2026-05-15T00:00:00
2744,2027,14,15319,cleansing,2026-05-18T09:11:02,1,Synthetic / Demo Data,2026-05-18T00:00:00
2745,2029,85,15326,moisturizer,2026-04-07T08:33:50,1,Synthetic / Demo Data,2026-04-07T00:00:00
2746,2029,92,15328,moisturizer,2026-04-07T07:49:08,1,Synthetic / Demo Data,2026-04-07T00:00:00
2747,2029,107,15332,spf,2026-04-07T21:42:35,0,Synthetic / Demo Data,2026-04-07T00:00:00
2748,2031,39,15333,toner,2026-01-14T03:26:15,1,Synthetic / Demo Data,2026-01-14T00:00:00
2749,2031,8,15339,cleansing,2026-01-16T14:27:49,1,Synthetic / Demo Data,2026-01-16T00:00:00
2750,2032,90,15346,moisturizer,2026-04-24T00:12:16,1,Synthetic / Demo Data,2026-04-24T00:00:00
2751,2034,55,15362,active,2026-08-09T14:00:24,1,Synthetic / Demo Data,2026-08-09T00:00:00
2752,2034,75,15363,moisturizer,2026-08-09T10:00:58,0,Synthetic / Demo Data,2026-08-09T00:00:00
2753,2036,57,15370,active,2026-02-12T08:12:29,0,Synthetic / Demo Data,2026-02-12T00:00:00
2754,2036,76,15371,moisturizer,2026-02-12T11:04:21,0,Synthetic / Demo Data,2026-02-12T00:00:00
2755,2038,102,15396,spf,2026-06-17T07:22:36,1,Synthetic / Demo Data,2026-06-17T00:00:00
2756,2039,21,15398,cleansing,2026-06-27T13:14:22,1,Synthetic / Demo Data,2026-06-27T00:00:00
2757,2040,106,15409,spf,2026-01-13T04:01:24,1,Synthetic / Demo Data,2026-01-13T00:00:00
2758,2044,113,15436,spf,2026-04-09T12:50:48,1,Synthetic / Demo Data,2026-04-09T00:00:00
2759,2044,97,15438,spf,2026-04-09T16:06:23,1,Synthetic / Demo Data,2026-04-09T00:00:00
2760,2045,75,15448,moisturizer,2026-08-07T14:56:30,1,Synthetic / Demo Data,2026-08-07T00:00:00
2761,2045,78,15451,moisturizer,2026-08-08T03:15:24,1,Synthetic / Demo Data,2026-08-08T00:00:00
2762,2045,82,15454,moisturizer,2026-08-08T00:13:16,1,Synthetic / Demo Data,2026-08-08T00:00:00
2763,2047,67,15457,active,2026-05-23T05:45:35,1,Synthetic / Demo Data,2026-05-23T00:00:00
2764,2047,83,15458,moisturizer,2026-05-23T08:29:26,1,Synthetic / Demo Data,2026-05-23T00:00:00
2765,2048,18,15469,cleansing,2026-04-09T07:23:28,1,Synthetic / Demo Data,2026-04-09T00:00:00
2766,2049,112,15485,spf,2026-05-21T18:38:47,1,Synthetic / Demo Data,2026-05-21T00:00:00
2767,2049,76,15486,moisturizer,2026-05-21T12:06:58,1,Synthetic / Demo Data,2026-05-21T00:00:00
2768,2050,116,15492,spf,2026-06-02T00:58:26,1,Synthetic / Demo Data,2026-06-02T00:00:00
2769,2050,17,15499,cleansing,2026-06-03T00:44:10,1,Synthetic / Demo Data,2026-06-03T00:00:00
2770,2051,90,15504,moisturizer,2026-03-10T00:56:29,1,Synthetic / Demo Data,2026-03-10T00:00:00
2771,2051,81,15509,moisturizer,2026-03-17T07:49:33,1,Synthetic / Demo Data,2026-03-17T00:00:00
2772,2051,67,15510,active,2026-03-17T08:08:44,1,Synthetic / Demo Data,2026-03-17T00:00:00
2773,2053,20,15523,cleansing,2026-08-19T03:37:37,1,Synthetic / Demo Data,2026-08-19T00:00:00
2774,2053,54,15524,active,2026-08-18T21:31:12,1,Synthetic / Demo Data,2026-08-18T00:00:00
2775,2053,32,15527,toner,2026-08-18T21:00:15,1,Synthetic / Demo Data,2026-08-18T00:00:00
2776,2053,88,15529,moisturizer,2026-08-23T10:09:48,1,Synthetic / Demo Data,2026-08-23T00:00:00
2777,2054,21,15539,cleansing,2026-03-04T07:37:42,1,Synthetic / Demo Data,2026-03-04T00:00:00
2778,2054,81,15540,moisturizer,2026-03-04T21:34:59,1,Synthetic / Demo Data,2026-03-04T00:00:00
2779,2055,65,15541,active,2026-07-15T07:09:38,1,Synthetic / Demo Data,2026-07-15T00:00:00
2780,2056,78,15549,moisturizer,2026-08-23T00:04:17,1,Synthetic / Demo Data,2026-08-23T00:00:00
2781,2056,116,15552,spf,2026-08-23T04:08:36,1,Synthetic / Demo Data,2026-08-23T00:00:00
2782,2056,19,15554,cleansing,2026-09-01T07:04:39,1,Synthetic / Demo Data,2026-09-01T00:00:00
2783,2056,31,15555,toner,2026-09-01T06:58:22,1,Synthetic / Demo Data,2026-09-01T00:00:00
2784,2056,24,15557,cleansing,2026-09-01T06:54:16,1,Synthetic / Demo Data,2026-09-01T00:00:00
2785,2058,29,15563,toner,2026-06-17T16:27:21,0,Synthetic / Demo Data,2026-06-17T00:00:00
2786,2059,46,15565,toner,2026-02-28T01:50:14,1,Synthetic / Demo Data,2026-02-28T00:00:00
2787,2061,69,15585,active,2026-08-21T14:58:42,1,Synthetic / Demo Data,2026-08-21T00:00:00
2788,2061,6,15586,cleansing,2026-08-21T16:15:41,1,Synthetic / Demo Data,2026-08-21T00:00:00
2789,2061,21,15587,cleansing,2026-08-21T16:29:14,1,Synthetic / Demo Data,2026-08-21T00:00:00
2790,2061,66,15594,active,2026-08-23T23:09:19,0,Synthetic / Demo Data,2026-08-23T00:00:00
2791,2062,37,15595,toner,2026-07-21T11:29:51,1,Synthetic / Demo Data,2026-07-21T00:00:00
2792,2062,66,15600,active,2026-08-03T18:46:23,1,Synthetic / Demo Data,2026-08-03T00:00:00
2793,2063,81,15605,moisturizer,2026-05-02T20:44:24,1,Synthetic / Demo Data,2026-05-02T00:00:00
2794,2063,92,15607,moisturizer,2026-05-02T20:15:52,1,Synthetic / Demo Data,2026-05-02T00:00:00
2795,2063,111,15608,spf,2026-05-02T21:09:58,1,Synthetic / Demo Data,2026-05-02T00:00:00
2796,2063,4,15609,cleansing,2026-05-02T18:17:07,1,Synthetic / Demo Data,2026-05-02T00:00:00
2797,2063,109,15611,spf,2026-05-11T16:24:36,1,Synthetic / Demo Data,2026-05-11T00:00:00
2798,2063,57,15613,active,2026-05-11T15:16:10,1,Synthetic / Demo Data,2026-05-11T00:00:00
2799,2064,67,15623,active,2026-06-06T17:04:07,1,Synthetic / Demo Data,2026-06-06T00:00:00
2800,2068,7,15638,cleansing,2026-04-13T17:02:50,1,Synthetic / Demo Data,2026-04-13T00:00:00
2801,2068,116,15646,spf,2026-05-01T10:36:48,1,Synthetic / Demo Data,2026-05-01T00:00:00
2802,2069,10,15650,cleansing,2026-07-01T03:37:19,1,Synthetic / Demo Data,2026-07-01T00:00:00
2803,2070,56,15656,active,2026-07-15T13:29:47,1,Synthetic / Demo Data,2026-07-15T00:00:00
2804,2073,82,15668,moisturizer,2026-08-22T06:02:52,1,Synthetic / Demo Data,2026-08-22T00:00:00
2805,2073,112,15671,spf,2026-08-25T22:37:51,1,Synthetic / Demo Data,2026-08-25T00:00:00
2806,2075,116,15687,spf,2026-05-26T13:56:13,1,Synthetic / Demo Data,2026-05-26T00:00:00
2807,2075,2,15691,cleansing,2026-05-26T13:41:27,1,Synthetic / Demo Data,2026-05-26T00:00:00
2808,2077,97,15710,spf,2026-02-02T02:02:39,1,Synthetic / Demo Data,2026-02-02T00:00:00
2809,2079,106,15717,spf,2026-04-15T05:22:02,1,Synthetic / Demo Data,2026-04-15T00:00:00
2810,2079,74,15718,moisturizer,2026-04-15T08:43:35,1,Synthetic / Demo Data,2026-04-15T00:00:00
2811,2081,89,15726,moisturizer,2026-05-28T14:31:17,0,Synthetic / Demo Data,2026-05-28T00:00:00
2812,2081,63,15727,active,2026-05-28T15:48:05,1,Synthetic / Demo Data,2026-05-28T00:00:00
2813,2082,101,15737,spf,2026-05-11T02:35:51,1,Synthetic / Demo Data,2026-05-11T00:00:00
2814,2082,16,15739,cleansing,2026-05-11T00:57:59,1,Synthetic / Demo Data,2026-05-11T00:00:00
2815,2082,83,15745,moisturizer,2026-05-14T12:21:49,1,Synthetic / Demo Data,2026-05-14T00:00:00
2816,2083,97,15750,spf,2026-03-05T10:46:56,1,Synthetic / Demo Data,2026-03-05T00:00:00
2817,2083,48,15754,toner,2026-03-11T06:10:38,1,Synthetic / Demo Data,2026-03-11T00:00:00
2818,2086,21,15763,cleansing,2026-03-13T15:35:43,0,Synthetic / Demo Data,2026-03-13T00:00:00
2819,2086,116,15764,spf,2026-03-13T18:48:14,1,Synthetic / Demo Data,2026-03-13T00:00:00
2820,2086,8,15770,cleansing,2026-03-17T18:38:54,1,Synthetic / Demo Data,2026-03-17T00:00:00
2821,2087,81,15774,moisturizer,2026-02-15T15:22:42,1,Synthetic / Demo Data,2026-02-15T00:00:00
2822,2087,76,15776,moisturizer,2026-02-15T17:30:34,1,Synthetic / Demo Data,2026-02-15T00:00:00
2823,2088,59,15782,active,2026-05-19T10:38:01,1,Synthetic / Demo Data,2026-05-19T00:00:00
2824,2091,24,15790,cleansing,2026-06-09T01:19:42,1,Synthetic / Demo Data,2026-06-09T00:00:00
2825,2091,92,15794,moisturizer,2026-06-09T00:34:53,1,Synthetic / Demo Data,2026-06-09T00:00:00
2826,2091,51,15796,active,2026-06-10T15:53:17,0,Synthetic / Demo Data,2026-06-10T00:00:00
2827,2091,116,15800,spf,2026-06-14T09:54:35,1,Synthetic / Demo Data,2026-06-14T00:00:00
2828,2091,81,15801,moisturizer,2026-06-14T10:52:52,1,Synthetic / Demo Data,2026-06-14T00:00:00
2829,2093,111,15817,spf,2026-01-26T20:23:52,1,Synthetic / Demo Data,2026-01-26T00:00:00
2830,2095,74,15821,moisturizer,2026-06-10T10:06:07,1,Synthetic / Demo Data,2026-06-10T00:00:00
2831,2096,11,15829,cleansing,2026-01-19T17:19:22,1,Synthetic / Demo Data,2026-01-19T00:00:00
2832,2096,56,15831,active,2026-01-19T14:05:49,1,Synthetic / Demo Data,2026-01-19T00:00:00
2833,2096,37,15836,toner,2026-01-28T03:44:46,0,Synthetic / Demo Data,2026-01-28T00:00:00
2834,2096,27,15841,toner,2026-01-29T22:34:06,1,Synthetic / Demo Data,2026-01-29T00:00:00
2835,2097,10,15844,cleansing,2026-07-03T01:41:55,0,Synthetic / Demo Data,2026-07-03T00:00:00
2836,2097,27,15846,toner,2026-07-02T23:42:52,1,Synthetic / Demo Data,2026-07-02T00:00:00
2837,2097,97,15851,spf,2026-07-03T10:34:45,1,Synthetic / Demo Data,2026-07-03T00:00:00
2838,2097,17,15852,cleansing,2026-07-03T08:17:41,1,Synthetic / Demo Data,2026-07-03T00:00:00
2839,2097,22,15854,cleansing,2026-07-08T12:02:06,1,Synthetic / Demo Data,2026-07-08T00:00:00
2840,2099,21,15857,cleansing,2026-01-14T19:08:19,1,Synthetic / Demo Data,2026-01-14T00:00:00
2841,2102,34,15868,toner,2026-04-28T18:26:58,1,Synthetic / Demo Data,2026-04-28T00:00:00
2842,2102,48,15871,toner,2026-05-05T07:52:08,0,Synthetic / Demo Data,2026-05-05T00:00:00
2843,2102,82,15872,moisturizer,2026-05-05T06:09:34,1,Synthetic / Demo Data,2026-05-05T00:00:00
2844,2102,45,15874,toner,2026-05-08T04:14:26,1,Synthetic / Demo Data,2026-05-08T00:00:00
2845,2104,22,15889,cleansing,2026-02-04T09:08:37,1,Synthetic / Demo Data,2026-02-04T00:00:00
2846,2105,76,15896,moisturizer,2026-08-14T13:47:21,1,Synthetic / Demo Data,2026-08-14T00:00:00
2847,2105,79,15903,moisturizer,2026-08-24T21:38:59,1,Synthetic / Demo Data,2026-08-24T00:00:00
2848,2106,85,15906,moisturizer,2026-04-18T00:55:07,1,Synthetic / Demo Data,2026-04-18T00:00:00
2849,2106,27,15915,toner,2026-04-23T23:10:56,1,Synthetic / Demo Data,2026-04-23T00:00:00
2850,2107,14,15916,cleansing,2026-04-06T20:44:05,1,Synthetic / Demo Data,2026-04-06T00:00:00
2851,2107,82,15917,moisturizer,2026-04-06T20:18:49,1,Synthetic / Demo Data,2026-04-06T00:00:00
2852,2107,112,15920,spf,2026-04-06T20:18:29,1,Synthetic / Demo Data,2026-04-06T00:00:00
2853,2107,74,15923,moisturizer,2026-04-19T23:04:23,1,Synthetic / Demo Data,2026-04-19T00:00:00
2854,2108,3,15928,cleansing,2026-06-12T21:11:54,1,Synthetic / Demo Data,2026-06-12T00:00:00
2855,2109,55,15934,active,2026-07-25T03:12:33,0,Synthetic / Demo Data,2026-07-25T00:00:00
2856,2109,86,15936,moisturizer,2026-07-25T06:32:00,1,Synthetic / Demo Data,2026-07-25T00:00:00
2857,2109,7,15943,cleansing,2026-07-29T06:25:40,1,Synthetic / Demo Data,2026-07-29T00:00:00
2858,2110,66,15949,active,2026-06-23T01:54:41,1,Synthetic / Demo Data,2026-06-23T00:00:00
2859,2110,36,15950,toner,2026-06-23T00:25:23,1,Synthetic / Demo Data,2026-06-23T00:00:00
2860,2110,77,15953,moisturizer,2026-06-23T01:36:54,1,Synthetic / Demo Data,2026-06-23T00:00:00
2861,2111,87,15967,moisturizer,2026-07-02T00:11:45,1,Synthetic / Demo Data,2026-07-02T00:00:00
2862,2111,114,15969,spf,2026-07-01T18:17:58,0,Synthetic / Demo Data,2026-07-01T00:00:00
2863,2112,21,15974,cleansing,2026-03-14T07:00:11,1,Synthetic / Demo Data,2026-03-14T00:00:00
2864,2112,48,15975,toner,2026-03-14T08:34:52,1,Synthetic / Demo Data,2026-03-14T00:00:00
2865,2112,69,15980,active,2026-03-27T15:36:09,1,Synthetic / Demo Data,2026-03-27T00:00:00
2866,2112,102,15981,spf,2026-03-27T19:24:26,1,Synthetic / Demo Data,2026-03-27T00:00:00
2867,2112,27,15983,toner,2026-04-04T22:31:39,1,Synthetic / Demo Data,2026-04-04T00:00:00
2868,2112,62,15985,active,2026-04-05T02:14:09,1,Synthetic / Demo Data,2026-04-05T00:00:00
2869,2114,68,15991,active,2026-02-09T13:51:59,1,Synthetic / Demo Data,2026-02-09T00:00:00
2870,2122,42,16006,toner,2026-05-16T05:06:51,1,Synthetic / Demo Data,2026-05-16T00:00:00
2871,2122,116,16012,spf,2026-05-17T13:18:26,1,Synthetic / Demo Data,2026-05-17T00:00:00
2872,2122,1,16014,cleansing,2026-05-17T11:32:04,1,Synthetic / Demo Data,2026-05-17T00:00:00
2873,2122,19,16017,cleansing,2026-05-19T08:13:00,1,Synthetic / Demo Data,2026-05-19T00:00:00
2874,2122,6,16018,cleansing,2026-05-19T09:25:58,1,Synthetic / Demo Data,2026-05-19T00:00:00
2875,2125,84,16029,moisturizer,2026-04-29T03:29:28,1,Synthetic / Demo Data,2026-04-29T00:00:00
2876,2125,106,16033,spf,2026-04-29T03:32:36,1,Synthetic / Demo Data,2026-04-29T00:00:00
2877,2125,99,16039,spf,2026-05-15T22:52:25,1,Synthetic / Demo Data,2026-05-15T00:00:00
2878,2129,107,16056,spf,2026-02-22T13:33:21,1,Synthetic / Demo Data,2026-02-22T00:00:00
2879,2130,22,16066,cleansing,2026-03-10T11:12:15,1,Synthetic / Demo Data,2026-03-10T00:00:00
2880,2130,77,16073,moisturizer,2026-03-17T03:21:10,1,Synthetic / Demo Data,2026-03-17T00:00:00
2881,2132,80,16080,moisturizer,2026-07-25T17:37:47,1,Synthetic / Demo Data,2026-07-25T00:00:00
2882,2132,57,16081,active,2026-07-25T21:33:01,1,Synthetic / Demo Data,2026-07-25T00:00:00
2883,2132,17,16082,cleansing,2026-07-25T21:39:16,1,Synthetic / Demo Data,2026-07-25T00:00:00
2884,2132,48,16084,toner,2026-07-30T17:36:10,1,Synthetic / Demo Data,2026-07-30T00:00:00
2885,2132,106,16085,spf,2026-07-30T19:58:43,1,Synthetic / Demo Data,2026-07-30T00:00:00
2886,2132,82,16087,moisturizer,2026-07-30T15:12:12,1,Synthetic / Demo Data,2026-07-30T00:00:00
2887,2133,94,16093,moisturizer,2026-02-21T00:48:31,1,Synthetic / Demo Data,2026-02-21T00:00:00
2888,2133,82,16096,moisturizer,2026-02-21T11:51:29,1,Synthetic / Demo Data,2026-02-21T00:00:00
2889,2133,116,16097,spf,2026-02-21T14:29:18,1,Synthetic / Demo Data,2026-02-21T00:00:00
2890,2133,27,16099,toner,2026-02-23T04:36:23,1,Synthetic / Demo Data,2026-02-23T00:00:00
2891,2133,63,16101,active,2026-02-23T00:47:52,1,Synthetic / Demo Data,2026-02-23T00:00:00
2892,2134,49,16103,active,2026-04-11T18:54:18,1,Synthetic / Demo Data,2026-04-11T00:00:00
2893,2134,74,16113,moisturizer,2026-04-26T17:08:52,1,Synthetic / Demo Data,2026-04-26T00:00:00
2894,2135,75,16119,moisturizer,2026-04-07T07:15:12,1,Synthetic / Demo Data,2026-04-07T00:00:00
2895,2137,49,16133,active,2026-07-07T06:03:26,1,Synthetic / Demo Data,2026-07-07T00:00:00
2896,2137,30,16137,toner,2026-07-10T01:42:04,1,Synthetic / Demo Data,2026-07-10T00:00:00
2897,2140,63,16143,active,2026-06-06T08:47:46,1,Synthetic / Demo Data,2026-06-06T00:00:00
2898,2142,74,16148,moisturizer,2026-01-22T06:54:30,1,Synthetic / Demo Data,2026-01-22T00:00:00
2899,2142,84,16151,moisturizer,2026-02-08T05:01:26,1,Synthetic / Demo Data,2026-02-08T00:00:00
2900,2144,30,16166,toner,2026-02-27T20:45:14,1,Synthetic / Demo Data,2026-02-27T00:00:00
2901,2145,24,16178,cleansing,2026-03-22T09:03:56,1,Synthetic / Demo Data,2026-03-22T00:00:00
2902,2145,106,16180,spf,2026-03-26T22:43:16,1,Synthetic / Demo Data,2026-03-26T00:00:00
2903,2145,81,16182,moisturizer,2026-03-26T20:16:30,1,Synthetic / Demo Data,2026-03-26T00:00:00
2904,2147,76,16185,moisturizer,2026-01-08T23:07:27,1,Synthetic / Demo Data,2026-01-08T00:00:00
2905,2147,11,16194,cleansing,2026-01-17T05:49:46,1,Synthetic / Demo Data,2026-01-17T00:00:00
2906,2149,5,16206,cleansing,2026-08-11T12:10:47,1,Synthetic / Demo Data,2026-08-11T00:00:00
2907,2149,112,16214,spf,2026-08-18T12:40:37,1,Synthetic / Demo Data,2026-08-18T00:00:00
2908,2150,25,16215,toner,2026-07-20T13:05:10,1,Synthetic / Demo Data,2026-07-20T00:00:00
2909,2150,76,16221,moisturizer,2026-07-20T17:50:54,1,Synthetic / Demo Data,2026-07-20T00:00:00
2910,2150,104,16225,spf,2026-07-25T10:51:51,1,Synthetic / Demo Data,2026-07-25T00:00:00
2911,2152,4,16234,cleansing,2026-08-10T11:24:08,1,Synthetic / Demo Data,2026-08-10T00:00:00
2912,2153,55,16243,active,2026-02-22T19:25:47,1,Synthetic / Demo Data,2026-02-22T00:00:00
2913,2153,66,16253,active,2026-03-09T04:35:51,1,Synthetic / Demo Data,2026-03-09T00:00:00
2914,2154,74,16256,moisturizer,2026-09-02T05:22:12,0,Synthetic / Demo Data,2026-09-02T00:00:00
2915,2155,31,16265,toner,2026-05-09T21:37:31,1,Synthetic / Demo Data,2026-05-09T00:00:00
2916,2155,88,16267,moisturizer,2026-05-19T23:09:50,1,Synthetic / Demo Data,2026-05-19T00:00:00
2917,2155,100,16272,spf,2026-05-22T17:57:58,1,Synthetic / Demo Data,2026-05-22T00:00:00
2918,2156,66,16276,active,2026-01-18T18:23:42,1,Synthetic / Demo Data,2026-01-18T00:00:00
2919,2159,81,16282,moisturizer,2026-06-09T00:30:32,1,Synthetic / Demo Data,2026-06-09T00:00:00
2920,2159,6,16284,cleansing,2026-06-09T01:54:10,0,Synthetic / Demo Data,2026-06-09T00:00:00
2921,2159,76,16288,moisturizer,2026-06-22T05:20:06,1,Synthetic / Demo Data,2026-06-22T00:00:00
2922,2159,92,16289,moisturizer,2026-06-22T08:13:18,1,Synthetic / Demo Data,2026-06-22T00:00:00
2923,2160,14,16291,cleansing,2026-02-27T07:47:04,1,Synthetic / Demo Data,2026-02-27T00:00:00
2924,2160,109,16297,spf,2026-03-12T22:20:49,1,Synthetic / Demo Data,2026-03-12T00:00:00
2925,2160,53,16300,active,2026-03-12T21:32:47,1,Synthetic / Demo Data,2026-03-12T00:00:00
2926,2161,57,16303,active,2026-08-24T07:50:49,1,Synthetic / Demo Data,2026-08-24T00:00:00
2927,2164,6,16322,cleansing,2026-06-24T06:17:53,1,Synthetic / Demo Data,2026-06-24T00:00:00
2928,2166,25,16336,toner,2026-08-18T21:04:09,1,Synthetic / Demo Data,2026-08-18T00:00:00
2929,2166,79,16338,moisturizer,2026-08-18T21:33:43,1,Synthetic / Demo Data,2026-08-18T00:00:00
2930,2166,109,16343,spf,2026-08-27T23:23:50,1,Synthetic / Demo Data,2026-08-27T00:00:00
2931,2166,2,16345,cleansing,2026-08-29T01:35:16,1,Synthetic / Demo Data,2026-08-29T00:00:00
2932,2170,66,16372,active,2026-08-22T13:04:10,1,Synthetic / Demo Data,2026-08-22T00:00:00
2933,2170,49,16375,active,2026-08-26T07:13:38,1,Synthetic / Demo Data,2026-08-26T00:00:00
2934,2172,8,16380,cleansing,2026-01-29T11:14:05,1,Synthetic / Demo Data,2026-01-29T00:00:00
2935,2173,14,16388,cleansing,2026-05-02T14:05:06,1,Synthetic / Demo Data,2026-05-02T00:00:00
2936,2176,38,16407,toner,2026-09-05T21:06:06,1,Synthetic / Demo Data,2026-09-05T00:00:00
2937,2176,65,16409,active,2026-09-05T18:37:09,1,Synthetic / Demo Data,2026-09-05T00:00:00
2938,2176,39,16410,toner,2026-09-05T15:39:58,0,Synthetic / Demo Data,2026-09-05T00:00:00
2939,2176,7,16413,cleansing,2026-09-16T04:52:07,1,Synthetic / Demo Data,2026-09-16T00:00:00
2940,2177,56,16420,active,2026-05-14T14:31:10,0,Synthetic / Demo Data,2026-05-14T00:00:00
2941,2177,90,16421,moisturizer,2026-05-14T11:44:21,1,Synthetic / Demo Data,2026-05-14T00:00:00
2942,2178,9,16425,cleansing,2026-04-22T03:03:31,1,Synthetic / Demo Data,2026-04-22T00:00:00
2943,2178,76,16435,moisturizer,2026-04-30T22:26:06,1,Synthetic / Demo Data,2026-04-30T00:00:00
2944,2182,55,16452,active,2026-08-11T10:51:44,1,Synthetic / Demo Data,2026-08-11T00:00:00
2945,2182,74,16454,moisturizer,2026-08-11T11:28:40,1,Synthetic / Demo Data,2026-08-11T00:00:00
2946,2183,116,16457,spf,2026-07-19T03:06:08,1,Synthetic / Demo Data,2026-07-19T00:00:00
2947,2183,102,16458,spf,2026-07-19T03:31:29,1,Synthetic / Demo Data,2026-07-19T00:00:00
2948,2183,72,16460,active,2026-07-19T04:23:29,1,Synthetic / Demo Data,2026-07-19T00:00:00
2949,2186,107,16467,spf,2026-02-10T08:12:19,1,Synthetic / Demo Data,2026-02-10T00:00:00
2950,2186,54,16470,active,2026-02-12T19:22:53,0,Synthetic / Demo Data,2026-02-12T00:00:00
2951,2186,110,16472,spf,2026-02-12T22:29:46,1,Synthetic / Demo Data,2026-02-12T00:00:00
2952,2189,63,16488,active,2026-02-15T10:37:41,1,Synthetic / Demo Data,2026-02-15T00:00:00
2953,2191,112,16492,spf,2026-03-26T18:42:44,1,Synthetic / Demo Data,2026-03-26T00:00:00
2954,2191,107,16495,spf,2026-03-26T14:10:35,1,Synthetic / Demo Data,2026-03-26T00:00:00
2955,2191,27,16496,toner,2026-03-26T18:38:45,1,Synthetic / Demo Data,2026-03-26T00:00:00
2956,2191,60,16500,active,2026-04-07T16:44:10,1,Synthetic / Demo Data,2026-04-07T00:00:00
2957,2192,28,16502,toner,2026-07-18T20:40:07,1,Synthetic / Demo Data,2026-07-18T00:00:00
2958,2192,34,16506,toner,2026-07-18T21:12:05,1,Synthetic / Demo Data,2026-07-18T00:00:00
2959,2192,24,16511,cleansing,2026-07-19T23:24:57,1,Synthetic / Demo Data,2026-07-19T00:00:00
2960,2195,53,16533,active,2026-05-03T03:18:21,1,Synthetic / Demo Data,2026-05-03T00:00:00
2961,2195,63,16537,active,2026-05-12T02:33:41,1,Synthetic / Demo Data,2026-05-12T00:00:00
2962,2196,16,16539,cleansing,2026-04-08T05:15:55,1,Synthetic / Demo Data,2026-04-08T00:00:00
2963,2196,116,16543,spf,2026-04-08T03:10:22,1,Synthetic / Demo Data,2026-04-08T00:00:00
2964,2196,22,16545,cleansing,2026-04-08T22:04:01,1,Synthetic / Demo Data,2026-04-08T00:00:00
2965,2196,8,16549,cleansing,2026-04-13T12:28:29,0,Synthetic / Demo Data,2026-04-13T00:00:00
2966,2196,105,16550,spf,2026-04-13T11:49:08,1,Synthetic / Demo Data,2026-04-13T00:00:00
2967,2196,9,16551,cleansing,2026-04-13T19:19:41,1,Synthetic / Demo Data,2026-04-13T00:00:00
2968,2196,67,16553,active,2026-04-13T15:10:07,1,Synthetic / Demo Data,2026-04-13T00:00:00
2969,2198,37,16567,toner,2026-09-08T08:19:20,1,Synthetic / Demo Data,2026-09-08T00:00:00
2970,2199,34,16572,toner,2026-07-13T00:52:48,0,Synthetic / Demo Data,2026-07-13T00:00:00
2971,2199,116,16575,spf,2026-07-12T22:20:35,1,Synthetic / Demo Data,2026-07-12T00:00:00
2972,2199,74,16581,moisturizer,2026-07-17T00:14:15,0,Synthetic / Demo Data,2026-07-17T00:00:00
2973,2201,48,16593,toner,2026-02-01T05:33:57,1,Synthetic / Demo Data,2026-02-01T00:00:00
2974,2203,97,16599,spf,2026-05-11T15:14:29,0,Synthetic / Demo Data,2026-05-11T00:00:00
2975,2203,74,16604,moisturizer,2026-05-17T23:01:42,1,Synthetic / Demo Data,2026-05-17T00:00:00
2976,2205,74,16616,moisturizer,2026-01-27T15:45:05,1,Synthetic / Demo Data,2026-01-27T00:00:00
2977,2205,116,16617,spf,2026-02-13T05:36:26,1,Synthetic / Demo Data,2026-02-13T00:00:00
2978,2212,17,16631,cleansing,2026-02-24T03:57:21,1,Synthetic / Demo Data,2026-02-24T00:00:00
2979,2212,112,16638,spf,2026-03-03T08:26:20,1,Synthetic / Demo Data,2026-03-03T00:00:00
2980,2212,31,16639,toner,2026-03-03T03:50:02,1,Synthetic / Demo Data,2026-03-03T00:00:00
2981,2217,76,16642,moisturizer,2026-07-30T17:07:49,1,Synthetic / Demo Data,2026-07-30T00:00:00
2982,2217,3,16643,cleansing,2026-07-30T17:09:33,0,Synthetic / Demo Data,2026-07-30T00:00:00
2983,2217,25,16650,toner,2026-08-03T19:50:04,1,Synthetic / Demo Data,2026-08-03T00:00:00
2984,2217,82,16651,moisturizer,2026-08-03T17:44:49,1,Synthetic / Demo Data,2026-08-03T00:00:00
2985,2219,17,16653,cleansing,2026-02-06T08:19:19,1,Synthetic / Demo Data,2026-02-06T00:00:00
2986,2219,35,16664,toner,2026-02-22T03:59:59,1,Synthetic / Demo Data,2026-02-22T00:00:00
2987,2220,15,16666,cleansing,2026-06-09T12:59:35,1,Synthetic / Demo Data,2026-06-09T00:00:00
2988,2222,16,16689,cleansing,2026-05-23T01:00:29,1,Synthetic / Demo Data,2026-05-23T00:00:00
2989,2222,7,16692,cleansing,2026-05-23T17:56:25,0,Synthetic / Demo Data,2026-05-23T00:00:00
2990,2231,44,16735,toner,2026-04-15T21:01:09,1,Synthetic / Demo Data,2026-04-15T00:00:00
2991,2232,106,16740,spf,2026-08-19T09:59:41,1,Synthetic / Demo Data,2026-08-19T00:00:00
2992,2236,40,16755,toner,2026-02-16T13:44:52,1,Synthetic / Demo Data,2026-02-16T00:00:00
2993,2236,17,16758,cleansing,2026-02-21T21:41:40,1,Synthetic / Demo Data,2026-02-21T00:00:00
2994,2236,67,16759,active,2026-02-22T02:01:35,1,Synthetic / Demo Data,2026-02-22T00:00:00
2995,2236,55,16762,active,2026-02-22T00:55:50,1,Synthetic / Demo Data,2026-02-22T00:00:00
2996,2237,21,16766,cleansing,2026-06-24T16:05:59,1,Synthetic / Demo Data,2026-06-24T00:00:00
2997,2237,106,16767,spf,2026-06-24T12:06:10,1,Synthetic / Demo Data,2026-06-24T00:00:00
2998,2238,36,16777,toner,2026-08-22T18:42:03,0,Synthetic / Demo Data,2026-08-22T00:00:00
2999,2238,82,16779,moisturizer,2026-08-22T22:51:03,1,Synthetic / Demo Data,2026-08-22T00:00:00
3000,2238,55,16780,active,2026-08-22T22:11:32,1,Synthetic / Demo Data,2026-08-22T00:00:00
3001,2238,102,16783,spf,2026-08-29T18:50:33,0,Synthetic / Demo Data,2026-08-29T00:00:00
3002,2238,103,16785,spf,2026-08-29T20:09:05,1,Synthetic / Demo Data,2026-08-29T00:00:00
3003,2239,37,16791,toner,2026-02-12T18:09:23,0,Synthetic / Demo Data,2026-02-12T00:00:00
3004,2239,49,16796,active,2026-02-17T02:20:09,1,Synthetic / Demo Data,2026-02-17T00:00:00
3005,2240,94,16808,moisturizer,2026-06-22T23:01:25,1,Synthetic / Demo Data,2026-06-22T00:00:00
3006,2241,17,16816,cleansing,2026-09-06T18:02:26,1,Synthetic / Demo Data,2026-09-06T00:00:00
3007,2243,106,16825,spf,2026-07-07T07:39:07,1,Synthetic / Demo Data,2026-07-07T00:00:00
3008,2245,90,16831,moisturizer,2026-05-10T16:49:36,1,Synthetic / Demo Data,2026-05-10T00:00:00
3009,2248,6,16852,cleansing,2026-06-20T19:48:07,0,Synthetic / Demo Data,2026-06-20T00:00:00
3010,2249,55,16856,active,2026-05-20T05:42:23,1,Synthetic / Demo Data,2026-05-20T00:00:00
3011,2249,62,16861,active,2026-06-06T19:54:44,1,Synthetic / Demo Data,2026-06-06T00:00:00
3012,2250,1,16866,cleansing,2026-07-03T14:00:56,1,Synthetic / Demo Data,2026-07-03T00:00:00
3013,2250,25,16872,toner,2026-07-16T22:08:32,1,Synthetic / Demo Data,2026-07-16T00:00:00
3014,2250,79,16874,moisturizer,2026-07-19T06:30:09,1,Synthetic / Demo Data,2026-07-19T00:00:00
3015,2251,25,16876,toner,2026-04-04T17:39:49,1,Synthetic / Demo Data,2026-04-04T00:00:00
3016,2251,35,16877,toner,2026-04-04T16:43:59,1,Synthetic / Demo Data,2026-04-04T00:00:00
3017,2251,46,16886,toner,2026-04-19T14:56:02,1,Synthetic / Demo Data,2026-04-19T00:00:00
3018,2252,76,16890,moisturizer,2026-02-26T23:17:22,1,Synthetic / Demo Data,2026-02-26T00:00:00
3019,2252,78,16904,moisturizer,2026-03-07T21:50:43,1,Synthetic / Demo Data,2026-03-07T00:00:00
3020,2254,54,16906,active,2026-02-21T22:33:40,1,Synthetic / Demo Data,2026-02-21T00:00:00
3021,2254,72,16913,active,2026-02-24T15:22:52,1,Synthetic / Demo Data,2026-02-24T00:00:00
3022,2255,116,16917,spf,2026-04-05T05:27:46,1,Synthetic / Demo Data,2026-04-05T00:00:00
3023,2256,88,16928,moisturizer,2026-04-10T11:39:37,1,Synthetic / Demo Data,2026-04-10T00:00:00
3024,2256,116,16930,spf,2026-04-10T12:31:37,1,Synthetic / Demo Data,2026-04-10T00:00:00
3025,2256,8,16935,cleansing,2026-04-12T17:56:21,1,Synthetic / Demo Data,2026-04-12T00:00:00
3026,2256,98,16936,spf,2026-04-12T14:02:01,1,Synthetic / Demo Data,2026-04-12T00:00:00
3027,2257,77,16942,moisturizer,2026-03-31T20:17:27,0,Synthetic / Demo Data,2026-03-31T00:00:00
3028,2257,61,16944,active,2026-03-31T21:34:04,1,Synthetic / Demo Data,2026-03-31T00:00:00
3029,2258,109,16958,spf,2026-02-28T01:54:48,1,Synthetic / Demo Data,2026-02-28T00:00:00
3030,2259,118,16959,spf,2026-08-03T20:35:41,1,Synthetic / Demo Data,2026-08-03T00:00:00
3031,2259,63,16962,active,2026-08-03T19:47:29,1,Synthetic / Demo Data,2026-08-03T00:00:00
3032,2259,68,16964,active,2026-08-09T19:24:15,1,Synthetic / Demo Data,2026-08-09T00:00:00
3033,2259,109,16965,spf,2026-08-09T19:09:52,1,Synthetic / Demo Data,2026-08-09T00:00:00
3034,2260,29,16975,toner,2026-01-24T13:15:44,1,Synthetic / Demo Data,2026-01-24T00:00:00
3035,2260,74,16976,moisturizer,2026-01-28T23:51:57,1,Synthetic / Demo Data,2026-01-28T00:00:00
3036,2260,12,16979,cleansing,2026-01-28T18:57:29,1,Synthetic / Demo Data,2026-01-28T00:00:00
3037,2260,9,16982,cleansing,2026-02-03T18:04:06,1,Synthetic / Demo Data,2026-02-03T00:00:00
3038,2261,17,16989,cleansing,2026-07-06T20:12:04,1,Synthetic / Demo Data,2026-07-06T00:00:00
3039,2262,54,16995,active,2026-02-27T14:48:34,1,Synthetic / Demo Data,2026-02-27T00:00:00
3040,2262,1,16998,cleansing,2026-02-27T14:14:03,1,Synthetic / Demo Data,2026-02-27T00:00:00
3041,2262,16,17001,cleansing,2026-03-09T12:46:02,1,Synthetic / Demo Data,2026-03-09T00:00:00
3042,2262,120,17005,spf,2026-03-20T08:46:25,1,Synthetic / Demo Data,2026-03-20T00:00:00
3043,2270,34,17015,toner,2026-01-12T18:03:19,1,Synthetic / Demo Data,2026-01-12T00:00:00
3044,2270,97,17020,spf,2026-01-17T16:20:10,1,Synthetic / Demo Data,2026-01-17T00:00:00
3045,2270,1,17023,cleansing,2026-01-29T00:37:21,1,Synthetic / Demo Data,2026-01-29T00:00:00
3046,2271,27,17025,toner,2026-02-05T22:39:51,1,Synthetic / Demo Data,2026-02-05T00:00:00
3047,2272,7,17038,cleansing,2026-01-29T05:58:03,1,Synthetic / Demo Data,2026-01-29T00:00:00
3048,2273,52,17042,active,2026-04-15T18:24:08,1,Synthetic / Demo Data,2026-04-15T00:00:00
3049,2273,98,17051,spf,2026-05-02T08:04:15,1,Synthetic / Demo Data,2026-05-02T00:00:00
3050,2273,6,17053,cleansing,2026-05-02T04:05:03,1,Synthetic / Demo Data,2026-05-02T00:00:00
3051,2274,20,17064,cleansing,2026-07-10T05:01:20,1,Synthetic / Demo Data,2026-07-10T00:00:00
3052,2275,28,17065,toner,2026-01-23T09:43:09,1,Synthetic / Demo Data,2026-01-23T00:00:00
3053,2275,24,17070,cleansing,2026-01-25T04:25:35,1,Synthetic / Demo Data,2026-01-25T00:00:00
3054,2275,66,17072,active,2026-01-25T00:59:37,1,Synthetic / Demo Data,2026-01-25T00:00:00
3055,2276,63,17083,active,2026-06-02T19:12:40,0,Synthetic / Demo Data,2026-06-02T00:00:00
3056,2278,91,17091,moisturizer,2026-06-15T07:03:35,1,Synthetic / Demo Data,2026-06-15T00:00:00
3057,2279,112,17093,spf,2026-05-12T17:58:23,1,Synthetic / Demo Data,2026-05-12T00:00:00
3058,2279,21,17097,cleansing,2026-05-15T14:11:16,1,Synthetic / Demo Data,2026-05-15T00:00:00
3059,2279,92,17098,moisturizer,2026-05-15T18:47:41,1,Synthetic / Demo Data,2026-05-15T00:00:00
3060,2280,14,17099,cleansing,2026-01-19T04:53:18,1,Synthetic / Demo Data,2026-01-19T00:00:00
3061,2280,17,17105,cleansing,2026-01-28T06:07:08,1,Synthetic / Demo Data,2026-01-28T00:00:00
3062,2280,34,17107,toner,2026-01-28T04:49:31,1,Synthetic / Demo Data,2026-01-28T00:00:00
3063,2280,116,17110,spf,2026-02-07T01:38:34,1,Synthetic / Demo Data,2026-02-07T00:00:00
3064,2283,34,17116,toner,2026-09-18T00:17:19,1,Synthetic / Demo Data,2026-09-18T00:00:00
3065,2283,10,17119,cleansing,2026-09-25T01:30:33,0,Synthetic / Demo Data,2026-09-25T00:00:00
3066,2283,112,17122,spf,2026-09-25T04:13:08,1,Synthetic / Demo Data,2026-09-25T00:00:00
3067,2284,1,17127,cleansing,2026-05-31T07:25:13,1,Synthetic / Demo Data,2026-05-31T00:00:00
3068,2285,27,17133,toner,2026-08-21T03:46:01,1,Synthetic / Demo Data,2026-08-21T00:00:00
3069,2285,14,17137,cleansing,2026-08-21T08:43:21,1,Synthetic / Demo Data,2026-08-21T00:00:00
3070,2286,57,17145,active,2026-08-24T18:08:55,1,Synthetic / Demo Data,2026-08-24T00:00:00
3071,2286,108,17146,spf,2026-08-24T21:02:08,1,Synthetic / Demo Data,2026-08-24T00:00:00
3072,2286,14,17148,cleansing,2026-09-02T16:20:52,1,Synthetic / Demo Data,2026-09-02T00:00:00
3073,2286,86,17153,moisturizer,2026-09-12T05:47:23,1,Synthetic / Demo Data,2026-09-12T00:00:00
3074,2286,5,17154,cleansing,2026-09-12T02:51:57,1,Synthetic / Demo Data,2026-09-12T00:00:00
3075,2288,97,17158,spf,2026-08-14T10:09:19,1,Synthetic / Demo Data,2026-08-14T00:00:00
3076,2288,27,17159,toner,2026-08-14T05:29:31,1,Synthetic / Demo Data,2026-08-14T00:00:00
3077,2290,83,17178,moisturizer,2026-03-30T23:04:23,0,Synthetic / Demo Data,2026-03-30T00:00:00
3078,2290,84,17180,moisturizer,2026-03-30T20:12:46,1,Synthetic / Demo Data,2026-03-30T00:00:00
3079,2290,34,17183,toner,2026-04-02T11:47:18,1,Synthetic / Demo Data,2026-04-02T00:00:00
3080,2295,63,17200,active,2026-03-27T17:49:24,0,Synthetic / Demo Data,2026-03-27T00:00:00
3081,2295,109,17201,spf,2026-03-27T23:48:01,1,Synthetic / Demo Data,2026-03-27T00:00:00
3082,2295,75,17203,moisturizer,2026-03-29T22:09:58,1,Synthetic / Demo Data,2026-03-29T00:00:00
3083,2295,21,17204,cleansing,2026-03-30T04:40:54,1,Synthetic / Demo Data,2026-03-30T00:00:00
3084,2296,4,17209,cleansing,2026-03-01T15:25:56,1,Synthetic / Demo Data,2026-03-01T00:00:00
3085,2296,40,17210,toner,2026-03-01T15:39:30,1,Synthetic / Demo Data,2026-03-01T00:00:00
3086,2296,12,17216,cleansing,2026-03-06T02:15:58,1,Synthetic / Demo Data,2026-03-06T00:00:00
3087,2296,21,17217,cleansing,2026-03-06T05:36:11,1,Synthetic / Demo Data,2026-03-06T00:00:00
3088,2297,92,17221,moisturizer,2026-07-17T20:37:35,1,Synthetic / Demo Data,2026-07-17T00:00:00
3089,2297,116,17222,spf,2026-07-17T20:41:26,1,Synthetic / Demo Data,2026-07-17T00:00:00
3090,2297,77,17223,moisturizer,2026-07-19T12:27:28,1,Synthetic / Demo Data,2026-07-19T00:00:00
3091,2297,21,17225,cleansing,2026-07-19T15:02:04,1,Synthetic / Demo Data,2026-07-19T00:00:00
3092,2297,17,17227,cleansing,2026-07-19T17:38:02,0,Synthetic / Demo Data,2026-07-19T00:00:00
3093,2297,90,17228,moisturizer,2026-08-02T12:44:59,1,Synthetic / Demo Data,2026-08-02T00:00:00
3094,2298,112,17230,spf,2026-06-09T17:06:36,1,Synthetic / Demo Data,2026-06-09T00:00:00
3095,2298,74,17236,moisturizer,2026-06-14T22:55:47,1,Synthetic / Demo Data,2026-06-14T00:00:00
3096,2299,76,17238,moisturizer,2026-06-16T22:07:58,1,Synthetic / Demo Data,2026-06-16T00:00:00
3097,2299,18,17242,cleansing,2026-06-17T02:51:25,1,Synthetic / Demo Data,2026-06-17T00:00:00
3098,2299,69,17243,active,2026-06-17T14:50:34,1,Synthetic / Demo Data,2026-06-17T00:00:00
3099,2299,81,17244,moisturizer,2026-06-17T16:50:12,1,Synthetic / Demo Data,2026-06-17T00:00:00
3100,2299,106,17245,spf,2026-06-17T09:41:23,1,Synthetic / Demo Data,2026-06-17T00:00:00
3101,2301,14,17262,cleansing,2026-02-06T19:27:57,1,Synthetic / Demo Data,2026-02-06T00:00:00
3102,2301,120,17265,spf,2026-02-06T21:35:39,1,Synthetic / Demo Data,2026-02-06T00:00:00
3103,2305,96,17274,moisturizer,2026-06-13T04:13:10,1,Synthetic / Demo Data,2026-06-13T00:00:00
3104,2306,63,17284,active,2026-04-21T02:47:03,0,Synthetic / Demo Data,2026-04-21T00:00:00
3105,2306,18,17286,cleansing,2026-04-21T01:04:30,1,Synthetic / Demo Data,2026-04-21T00:00:00
3106,2306,44,17288,toner,2026-04-24T17:10:41,0,Synthetic / Demo Data,2026-04-24T00:00:00
3107,2306,70,17289,active,2026-04-24T15:20:51,1,Synthetic / Demo Data,2026-04-24T00:00:00
3108,2307,116,17293,spf,2026-07-17T16:12:38,1,Synthetic / Demo Data,2026-07-17T00:00:00
3109,2307,38,17297,toner,2026-07-23T20:42:34,1,Synthetic / Demo Data,2026-07-23T00:00:00
3110,2311,38,17310,toner,2026-06-14T02:27:43,1,Synthetic / Demo Data,2026-06-14T00:00:00
3111,2311,106,17315,spf,2026-06-24T10:37:35,1,Synthetic / Demo Data,2026-06-24T00:00:00
3112,2312,88,17317,moisturizer,2026-01-29T07:45:14,1,Synthetic / Demo Data,2026-01-29T00:00:00
3113,2314,80,17325,moisturizer,2026-03-01T21:56:43,1,Synthetic / Demo Data,2026-03-01T00:00:00
3114,2314,115,17326,spf,2026-03-02T00:01:59,0,Synthetic / Demo Data,2026-03-02T00:00:00
3115,2314,7,17328,cleansing,2026-03-01T19:26:27,0,Synthetic / Demo Data,2026-03-01T00:00:00
3116,2314,1,17332,cleansing,2026-03-06T18:01:19,1,Synthetic / Demo Data,2026-03-06T00:00:00
3117,2315,49,17338,active,2026-06-12T19:13:28,1,Synthetic / Demo Data,2026-06-12T00:00:00
3118,2318,14,17356,cleansing,2026-03-20T02:22:58,1,Synthetic / Demo Data,2026-03-20T00:00:00
3119,2319,54,17366,active,2026-03-18T06:23:00,1,Synthetic / Demo Data,2026-03-18T00:00:00
3120,2320,18,17372,cleansing,2026-05-08T18:07:06,1,Synthetic / Demo Data,2026-05-08T00:00:00
3121,2320,104,17373,spf,2026-05-08T15:12:50,1,Synthetic / Demo Data,2026-05-08T00:00:00
3122,2321,116,17382,spf,2026-08-21T13:19:48,1,Synthetic / Demo Data,2026-08-21T00:00:00
3123,2322,25,17391,toner,2026-01-09T13:29:27,1,Synthetic / Demo Data,2026-01-09T00:00:00
3124,2323,65,17398,active,2026-05-28T16:41:12,1,Synthetic / Demo Data,2026-05-28T00:00:00
3125,2324,74,17406,moisturizer,2026-07-21T16:19:36,1,Synthetic / Demo Data,2026-07-21T00:00:00
3126,2325,110,17418,spf,2026-09-10T18:13:53,1,Synthetic / Demo Data,2026-09-10T00:00:00
3127,2326,39,17427,toner,2026-04-17T04:28:15,1,Synthetic / Demo Data,2026-04-17T00:00:00
3128,2326,21,17430,cleansing,2026-04-17T00:13:15,1,Synthetic / Demo Data,2026-04-17T00:00:00
3129,2326,79,17431,moisturizer,2026-04-24T07:35:00,1,Synthetic / Demo Data,2026-04-24T00:00:00
3130,2326,17,17432,cleansing,2026-04-24T09:07:37,1,Synthetic / Demo Data,2026-04-24T00:00:00
3131,2327,39,17442,toner,2026-03-25T02:02:15,1,Synthetic / Demo Data,2026-03-25T00:00:00
3132,2333,105,17472,spf,2026-07-21T21:49:04,1,Synthetic / Demo Data,2026-07-21T00:00:00
3133,2334,67,17474,active,2026-02-15T12:36:42,1,Synthetic / Demo Data,2026-02-15T00:00:00
3134,2334,31,17477,toner,2026-02-15T11:13:04,1,Synthetic / Demo Data,2026-02-15T00:00:00
3135,2334,110,17478,spf,2026-02-20T06:09:39,1,Synthetic / Demo Data,2026-02-20T00:00:00
3136,2334,68,17481,active,2026-02-20T07:55:31,1,Synthetic / Demo Data,2026-02-20T00:00:00
3137,2337,52,17483,active,2026-02-06T23:00:44,1,Synthetic / Demo Data,2026-02-06T00:00:00
3138,2337,80,17496,moisturizer,2026-02-12T01:03:43,1,Synthetic / Demo Data,2026-02-12T00:00:00
3139,2337,12,17498,cleansing,2026-02-14T07:14:23,1,Synthetic / Demo Data,2026-02-14T00:00:00
3140,2339,40,17510,toner,2026-07-21T12:00:56,1,Synthetic / Demo Data,2026-07-21T00:00:00
3141,2341,78,17522,moisturizer,2026-09-05T07:19:02,1,Synthetic / Demo Data,2026-09-05T00:00:00
3142,2341,82,17525,moisturizer,2026-09-10T09:05:54,1,Synthetic / Demo Data,2026-09-10T00:00:00
3143,2342,116,17531,spf,2026-01-23T19:27:45,1,Synthetic / Demo Data,2026-01-23T00:00:00
3144,2343,61,17544,active,2026-06-30T18:48:01,1,Synthetic / Demo Data,2026-06-30T00:00:00
3145,2343,18,17549,cleansing,2026-07-12T04:35:02,1,Synthetic / Demo Data,2026-07-12T00:00:00
3146,2343,94,17550,moisturizer,2026-07-12T01:49:35,1,Synthetic / Demo Data,2026-07-12T00:00:00
3147,2344,1,17551,cleansing,2026-05-06T22:58:34,1,Synthetic / Demo Data,2026-05-06T00:00:00
3148,2344,115,17558,spf,2026-05-16T18:36:21,0,Synthetic / Demo Data,2026-05-16T00:00:00
3149,2345,94,17561,moisturizer,2026-07-30T01:32:25,1,Synthetic / Demo Data,2026-07-30T00:00:00
3150,2345,25,17563,toner,2026-07-30T02:11:55,1,Synthetic / Demo Data,2026-07-30T00:00:00
3151,2345,24,17566,cleansing,2026-08-01T09:40:58,1,Synthetic / Demo Data,2026-08-01T00:00:00
3152,2346,12,17572,cleansing,2026-06-14T23:43:41,1,Synthetic / Demo Data,2026-06-14T00:00:00
3153,2346,79,17575,moisturizer,2026-06-15T01:20:00,0,Synthetic / Demo Data,2026-06-15T00:00:00
3154,2346,111,17577,spf,2026-06-16T10:41:32,1,Synthetic / Demo Data,2026-06-16T00:00:00
3155,2347,74,17583,moisturizer,2026-04-07T23:34:44,1,Synthetic / Demo Data,2026-04-07T00:00:00
3156,2347,67,17584,active,2026-04-08T00:59:59,0,Synthetic / Demo Data,2026-04-08T00:00:00
3157,2349,84,17598,moisturizer,2026-07-02T15:05:04,1,Synthetic / Demo Data,2026-07-02T00:00:00
3158,2350,51,17602,active,2026-01-04T04:42:47,1,Synthetic / Demo Data,2026-01-04T00:00:00
3159,2350,43,17604,toner,2026-01-25T11:06:20,1,Synthetic / Demo Data,2026-01-25T00:00:00
3160,2350,82,17605,moisturizer,2026-01-25T05:35:40,1,Synthetic / Demo Data,2026-01-25T00:00:00
3161,2351,81,17607,moisturizer,2026-06-30T17:56:37,1,Synthetic / Demo Data,2026-06-30T00:00:00
3162,2351,25,17610,toner,2026-06-30T17:05:51,1,Synthetic / Demo Data,2026-06-30T00:00:00
3163,2352,12,17617,cleansing,2026-06-18T02:30:00,1,Synthetic / Demo Data,2026-06-18T00:00:00
3164,2352,21,17622,cleansing,2026-06-21T16:22:20,1,Synthetic / Demo Data,2026-06-21T00:00:00
3165,2352,66,17623,active,2026-06-21T15:32:13,0,Synthetic / Demo Data,2026-06-21T00:00:00
3166,2354,51,17627,active,2026-07-09T21:17:19,1,Synthetic / Demo Data,2026-07-09T00:00:00
3167,2354,27,17633,toner,2026-07-13T20:04:15,1,Synthetic / Demo Data,2026-07-13T00:00:00
3168,2355,114,17642,spf,2026-05-20T22:43:15,1,Synthetic / Demo Data,2026-05-20T00:00:00
3169,2355,34,17643,toner,2026-05-20T20:34:47,1,Synthetic / Demo Data,2026-05-20T00:00:00
3170,2355,116,17645,spf,2026-05-20T23:36:16,1,Synthetic / Demo Data,2026-05-20T00:00:00
3171,2355,106,17650,spf,2026-05-22T03:20:20,1,Synthetic / Demo Data,2026-05-22T00:00:00
3172,2356,10,17657,cleansing,2026-07-16T18:38:55,1,Synthetic / Demo Data,2026-07-16T00:00:00
3173,2358,109,17661,spf,2026-04-12T02:42:02,0,Synthetic / Demo Data,2026-04-12T00:00:00
3174,2358,12,17662,cleansing,2026-04-11T21:40:27,1,Synthetic / Demo Data,2026-04-11T00:00:00
3175,2359,103,17671,spf,2026-08-07T02:07:53,1,Synthetic / Demo Data,2026-08-07T00:00:00
3176,2359,22,17676,cleansing,2026-08-08T21:37:40,0,Synthetic / Demo Data,2026-08-08T00:00:00
3177,2360,8,17677,cleansing,2026-04-16T06:03:41,1,Synthetic / Demo Data,2026-04-16T00:00:00
3178,2361,82,17690,moisturizer,2026-05-01T00:00:04,1,Synthetic / Demo Data,2026-05-01T00:00:00
3179,2362,21,17698,cleansing,2026-01-25T18:10:05,1,Synthetic / Demo Data,2026-01-25T00:00:00
3180,2363,116,17709,spf,2026-08-14T16:04:14,1,Synthetic / Demo Data,2026-08-14T00:00:00
3181,2365,49,17714,active,2026-07-01T06:48:27,1,Synthetic / Demo Data,2026-07-01T00:00:00
3182,2366,1,17723,cleansing,2026-05-04T09:17:55,1,Synthetic / Demo Data,2026-05-04T00:00:00
3183,2366,63,17728,active,2026-05-21T21:44:15,1,Synthetic / Demo Data,2026-05-21T00:00:00
3184,2367,116,17739,spf,2026-01-23T18:31:22,0,Synthetic / Demo Data,2026-01-23T00:00:00
3185,2368,111,17747,spf,2026-07-06T23:11:21,1,Synthetic / Demo Data,2026-07-06T00:00:00
3186,2368,28,17755,toner,2026-07-12T15:11:40,1,Synthetic / Demo Data,2026-07-12T00:00:00
3187,2368,109,17758,spf,2026-07-12T15:19:09,1,Synthetic / Demo Data,2026-07-12T00:00:00
3188,2369,63,17764,active,2026-03-21T00:46:05,1,Synthetic / Demo Data,2026-03-21T00:00:00
3189,2369,41,17765,toner,2026-03-28T06:48:37,1,Synthetic / Demo Data,2026-03-28T00:00:00
3190,2371,56,17768,active,2026-05-08T02:10:39,1,Synthetic / Demo Data,2026-05-08T00:00:00
3191,2372,63,17785,active,2026-03-02T03:13:00,1,Synthetic / Demo Data,2026-03-02T00:00:00
3192,2372,105,17786,spf,2026-03-02T04:13:05,1,Synthetic / Demo Data,2026-03-02T00:00:00
3193,2372,113,17790,spf,2026-03-06T19:31:29,1,Synthetic / Demo Data,2026-03-06T00:00:00
3194,2372,78,17791,moisturizer,2026-03-06T16:19:38,1,Synthetic / Demo Data,2026-03-06T00:00:00
3195,2372,96,17794,moisturizer,2026-03-06T17:28:07,1,Synthetic / Demo Data,2026-03-06T00:00:00
3196,2373,112,17802,spf,2026-03-07T18:31:38,0,Synthetic / Demo Data,2026-03-07T00:00:00
3197,2373,94,17803,moisturizer,2026-03-21T09:09:22,1,Synthetic / Demo Data,2026-03-21T00:00:00
3198,2374,52,17809,active,2026-05-14T01:21:17,1,Synthetic / Demo Data,2026-05-14T00:00:00
3199,2374,49,17813,active,2026-05-14T09:06:19,1,Synthetic / Demo Data,2026-05-14T00:00:00
3200,2376,20,17823,cleansing,2026-04-17T20:31:55,1,Synthetic / Demo Data,2026-04-17T00:00:00
3201,2376,5,17824,cleansing,2026-04-17T16:22:33,1,Synthetic / Demo Data,2026-04-17T00:00:00
3202,2376,116,17826,spf,2026-04-17T14:58:42,1,Synthetic / Demo Data,2026-04-17T00:00:00
3203,2376,81,17827,moisturizer,2026-04-17T18:16:49,1,Synthetic / Demo Data,2026-04-17T00:00:00
3204,2376,112,17828,spf,2026-04-24T14:47:53,1,Synthetic / Demo Data,2026-04-24T00:00:00
3205,2376,24,17829,cleansing,2026-04-24T18:43:46,1,Synthetic / Demo Data,2026-04-24T00:00:00
3206,2377,5,17840,cleansing,2026-09-09T00:56:18,1,Synthetic / Demo Data,2026-09-09T00:00:00
3207,2378,103,17845,spf,2026-09-06T21:12:44,1,Synthetic / Demo Data,2026-09-06T00:00:00
3208,2378,1,17846,cleansing,2026-09-19T05:27:17,1,Synthetic / Demo Data,2026-09-19T00:00:00
3209,2378,90,17847,moisturizer,2026-09-19T07:25:20,1,Synthetic / Demo Data,2026-09-19T00:00:00
3210,2379,1,17855,cleansing,2026-03-29T03:28:11,1,Synthetic / Demo Data,2026-03-29T00:00:00
3211,2379,56,17858,active,2026-04-11T14:13:12,1,Synthetic / Demo Data,2026-04-11T00:00:00
3212,2380,65,17864,active,2026-03-28T22:14:03,1,Synthetic / Demo Data,2026-03-28T00:00:00
3213,2380,3,17865,cleansing,2026-03-28T21:46:14,1,Synthetic / Demo Data,2026-03-28T00:00:00
3214,2380,55,17867,active,2026-03-29T11:01:23,1,Synthetic / Demo Data,2026-03-29T00:00:00
3215,2380,106,17871,spf,2026-03-29T11:26:35,1,Synthetic / Demo Data,2026-03-29T00:00:00
3216,2381,41,17875,toner,2026-03-18T14:16:47,1,Synthetic / Demo Data,2026-03-18T00:00:00
3217,2381,90,17877,moisturizer,2026-03-18T13:29:16,1,Synthetic / Demo Data,2026-03-18T00:00:00
3218,2381,1,17878,cleansing,2026-03-27T14:04:09,1,Synthetic / Demo Data,2026-03-27T00:00:00
3219,2381,112,17883,spf,2026-04-06T07:23:01,1,Synthetic / Demo Data,2026-04-06T00:00:00
3220,2383,69,17889,active,2026-04-21T08:29:26,1,Synthetic / Demo Data,2026-04-21T00:00:00
3221,2383,97,17891,spf,2026-05-07T06:42:53,1,Synthetic / Demo Data,2026-05-07T00:00:00
3222,2384,77,17897,moisturizer,2026-06-09T13:14:27,1,Synthetic / Demo Data,2026-06-09T00:00:00
3223,2384,24,17901,cleansing,2026-06-21T10:46:22,1,Synthetic / Demo Data,2026-06-21T00:00:00
3224,2384,94,17902,moisturizer,2026-06-21T10:12:31,1,Synthetic / Demo Data,2026-06-21T00:00:00
3225,2385,82,17908,moisturizer,2026-02-05T19:45:51,1,Synthetic / Demo Data,2026-02-05T00:00:00
3226,2386,10,17915,cleansing,2026-05-13T03:06:59,1,Synthetic / Demo Data,2026-05-13T00:00:00
3227,2388,106,17927,spf,2026-02-02T01:57:17,1,Synthetic / Demo Data,2026-02-02T00:00:00
3228,2389,18,17934,cleansing,2026-08-23T22:06:40,0,Synthetic / Demo Data,2026-08-23T00:00:00
3229,2389,40,17938,toner,2026-08-29T14:44:08,1,Synthetic / Demo Data,2026-08-29T00:00:00
3230,2390,116,17944,spf,2026-05-11T02:28:06,1,Synthetic / Demo Data,2026-05-11T00:00:00
3231,2390,19,17949,cleansing,2026-05-27T16:09:24,0,Synthetic / Demo Data,2026-05-27T00:00:00
3232,2391,14,17955,cleansing,2026-05-24T06:20:55,1,Synthetic / Demo Data,2026-05-24T00:00:00
3233,2391,29,17956,toner,2026-05-24T22:57:52,1,Synthetic / Demo Data,2026-05-24T00:00:00
3234,2391,116,17961,spf,2026-05-26T02:13:13,1,Synthetic / Demo Data,2026-05-26T00:00:00
3235,2393,34,17966,toner,2026-04-28T19:56:12,1,Synthetic / Demo Data,2026-04-28T00:00:00
3236,2393,9,17969,cleansing,2026-05-14T02:48:10,1,Synthetic / Demo Data,2026-05-14T00:00:00
3237,2393,60,17970,active,2026-05-14T01:17:17,1,Synthetic / Demo Data,2026-05-14T00:00:00
3238,2393,92,17972,moisturizer,2026-05-13T22:35:06,1,Synthetic / Demo Data,2026-05-13T00:00:00
3239,2393,97,17975,spf,2026-05-14T18:48:08,1,Synthetic / Demo Data,2026-05-14T00:00:00
3240,2393,16,17977,cleansing,2026-05-14T16:41:16,0,Synthetic / Demo Data,2026-05-14T00:00:00
3241,2394,36,17980,toner,2026-02-05T09:53:23,1,Synthetic / Demo Data,2026-02-05T00:00:00
3242,2394,52,17982,active,2026-02-05T09:01:45,1,Synthetic / Demo Data,2026-02-05T00:00:00
3243,2394,84,17987,moisturizer,2026-02-16T19:25:46,0,Synthetic / Demo Data,2026-02-16T00:00:00
3244,2396,110,17999,spf,2026-07-03T09:22:05,1,Synthetic / Demo Data,2026-07-03T00:00:00
3245,2396,116,18000,spf,2026-07-03T08:16:27,1,Synthetic / Demo Data,2026-07-03T00:00:00
3246,2396,106,18005,spf,2026-07-03T19:08:42,1,Synthetic / Demo Data,2026-07-03T00:00:00
3247,2397,110,18011,spf,2026-05-24T06:04:23,1,Synthetic / Demo Data,2026-05-24T00:00:00
3248,2401,89,18033,moisturizer,2026-09-09T09:56:55,1,Synthetic / Demo Data,2026-09-09T00:00:00
3249,2401,65,18036,active,2026-09-14T07:33:07,1,Synthetic / Demo Data,2026-09-14T00:00:00
3250,2404,61,18051,active,2026-03-07T00:22:22,1,Synthetic / Demo Data,2026-03-07T00:00:00
3251,2404,39,18055,toner,2026-03-23T04:44:06,1,Synthetic / Demo Data,2026-03-23T00:00:00
3252,2404,77,18058,moisturizer,2026-03-22T23:03:34,1,Synthetic / Demo Data,2026-03-22T00:00:00
3253,2405,18,18062,cleansing,2026-05-06T16:25:38,1,Synthetic / Demo Data,2026-05-06T00:00:00
3254,2406,116,18071,spf,2026-08-20T16:08:05,1,Synthetic / Demo Data,2026-08-20T00:00:00
3255,2406,112,18076,spf,2026-09-02T14:10:30,1,Synthetic / Demo Data,2026-09-02T00:00:00
3256,2408,74,18077,moisturizer,2026-02-20T04:30:16,1,Synthetic / Demo Data,2026-02-20T00:00:00
3257,2408,69,18080,active,2026-02-20T03:08:17,1,Synthetic / Demo Data,2026-02-20T00:00:00
3258,2408,14,18085,cleansing,2026-03-01T22:54:01,1,Synthetic / Demo Data,2026-03-01T00:00:00
3259,2408,106,18086,spf,2026-03-02T01:25:21,1,Synthetic / Demo Data,2026-03-02T00:00:00
3260,2408,97,18087,spf,2026-03-03T17:16:07,1,Synthetic / Demo Data,2026-03-03T00:00:00
3261,2408,36,18091,toner,2026-03-03T14:34:41,1,Synthetic / Demo Data,2026-03-03T00:00:00
3262,2408,72,18092,active,2026-03-04T02:14:10,1,Synthetic / Demo Data,2026-03-04T00:00:00
3263,2409,22,18093,cleansing,2026-05-16T08:58:01,1,Synthetic / Demo Data,2026-05-16T00:00:00
3264,2409,104,18097,spf,2026-05-16T06:24:12,1,Synthetic / Demo Data,2026-05-16T00:00:00
3265,2413,35,18113,toner,2026-02-24T13:25:44,1,Synthetic / Demo Data,2026-02-24T00:00:00
3266,2415,18,18129,cleansing,2026-02-14T17:10:42,1,Synthetic / Demo Data,2026-02-14T00:00:00
3267,2416,39,18146,toner,2026-08-19T16:56:33,1,Synthetic / Demo Data,2026-08-19T00:00:00
3268,2419,16,18157,cleansing,2026-02-17T01:25:46,1,Synthetic / Demo Data,2026-02-17T00:00:00
3269,2420,82,18163,moisturizer,2026-06-16T23:47:01,1,Synthetic / Demo Data,2026-06-16T00:00:00
3270,2420,62,18167,active,2026-06-22T13:56:33,1,Synthetic / Demo Data,2026-06-22T00:00:00
3271,2422,116,18173,spf,2026-01-23T22:21:52,1,Synthetic / Demo Data,2026-01-23T00:00:00
3272,2422,15,18174,cleansing,2026-01-23T22:47:27,1,Synthetic / Demo Data,2026-01-23T00:00:00
3273,2427,42,18199,toner,2026-06-02T14:56:34,1,Synthetic / Demo Data,2026-06-02T00:00:00
3274,2427,93,18202,moisturizer,2026-06-06T12:51:35,1,Synthetic / Demo Data,2026-06-06T00:00:00
3275,2427,49,18204,active,2026-06-06T08:40:01,1,Synthetic / Demo Data,2026-06-06T00:00:00
3276,2427,85,18205,moisturizer,2026-06-10T11:49:03,1,Synthetic / Demo Data,2026-06-10T00:00:00
3277,2427,100,18208,spf,2026-06-10T15:04:09,1,Synthetic / Demo Data,2026-06-10T00:00:00
3278,2430,16,18217,cleansing,2026-07-11T12:08:44,1,Synthetic / Demo Data,2026-07-11T00:00:00
3279,2430,48,18218,toner,2026-07-11T11:07:13,1,Synthetic / Demo Data,2026-07-11T00:00:00
3280,2431,40,18220,toner,2026-03-21T11:53:56,0,Synthetic / Demo Data,2026-03-21T00:00:00
3281,2431,39,18221,toner,2026-03-21T06:36:10,1,Synthetic / Demo Data,2026-03-21T00:00:00
3282,2432,112,18230,spf,2026-09-20T07:19:32,1,Synthetic / Demo Data,2026-09-20T00:00:00
3283,2432,58,18233,active,2026-09-21T11:37:37,0,Synthetic / Demo Data,2026-09-21T00:00:00
3284,2432,14,18235,cleansing,2026-09-21T10:22:20,0,Synthetic / Demo Data,2026-09-21T00:00:00
3285,2432,46,18238,toner,2026-09-21T18:38:41,1,Synthetic / Demo Data,2026-09-21T00:00:00
3286,2433,94,18243,moisturizer,2026-07-10T11:41:56,1,Synthetic / Demo Data,2026-07-10T00:00:00
3287,2434,12,18252,cleansing,2026-05-01T00:34:24,1,Synthetic / Demo Data,2026-05-01T00:00:00
3288,2434,27,18256,toner,2026-05-01T02:26:47,1,Synthetic / Demo Data,2026-05-01T00:00:00
3289,2434,55,18258,active,2026-05-02T12:05:17,1,Synthetic / Demo Data,2026-05-02T00:00:00
3290,2435,90,18265,moisturizer,2026-03-22T03:44:07,1,Synthetic / Demo Data,2026-03-22T00:00:00
3291,2435,1,18267,cleansing,2026-03-22T04:32:30,1,Synthetic / Demo Data,2026-03-22T00:00:00
3292,2435,63,18270,active,2026-03-31T07:43:27,1,Synthetic / Demo Data,2026-03-31T00:00:00
3293,2437,55,18283,active,2026-06-22T16:10:57,1,Synthetic / Demo Data,2026-06-22T00:00:00
3294,2437,32,18290,toner,2026-07-05T03:09:46,1,Synthetic / Demo Data,2026-07-05T00:00:00
3295,2438,14,18293,cleansing,2026-06-19T06:11:48,1,Synthetic / Demo Data,2026-06-19T00:00:00
3296,2438,120,18297,spf,2026-06-19T07:54:17,0,Synthetic / Demo Data,2026-06-19T00:00:00
3297,2438,22,18299,cleansing,2026-06-22T06:15:38,0,Synthetic / Demo Data,2026-06-22T00:00:00
3298,2438,99,18303,spf,2026-07-05T21:41:37,1,Synthetic / Demo Data,2026-07-05T00:00:00
3299,2438,90,18304,moisturizer,2026-07-05T21:03:06,1,Synthetic / Demo Data,2026-07-05T00:00:00
3300,2439,38,18309,toner,2026-03-31T13:12:13,0,Synthetic / Demo Data,2026-03-31T00:00:00
3301,2441,16,18322,cleansing,2026-02-21T05:21:36,1,Synthetic / Demo Data,2026-02-21T00:00:00
3302,2441,96,18325,moisturizer,2026-02-21T04:48:59,1,Synthetic / Demo Data,2026-02-21T00:00:00
3303,2441,92,18327,moisturizer,2026-02-22T08:50:22,1,Synthetic / Demo Data,2026-02-22T00:00:00
3304,2441,4,18330,cleansing,2026-02-22T12:56:49,1,Synthetic / Demo Data,2026-02-22T00:00:00
3305,2442,116,18334,spf,2026-05-01T04:07:02,1,Synthetic / Demo Data,2026-05-01T00:00:00
3306,2442,89,18339,moisturizer,2026-05-08T06:31:14,1,Synthetic / Demo Data,2026-05-08T00:00:00
3307,2442,104,18343,spf,2026-05-17T22:03:01,1,Synthetic / Demo Data,2026-05-17T00:00:00
3308,2443,66,18350,active,2026-07-27T02:34:02,1,Synthetic / Demo Data,2026-07-27T00:00:00
3309,2443,89,18351,moisturizer,2026-07-27T07:22:04,1,Synthetic / Demo Data,2026-07-27T00:00:00
3310,2443,10,18355,cleansing,2026-08-09T04:51:10,1,Synthetic / Demo Data,2026-08-09T00:00:00
3311,2443,20,18356,cleansing,2026-08-09T02:34:14,1,Synthetic / Demo Data,2026-08-09T00:00:00
3312,2443,1,18357,cleansing,2026-08-09T01:50:47,1,Synthetic / Demo Data,2026-08-09T00:00:00
3313,2443,28,18358,toner,2026-08-09T03:31:27,1,Synthetic / Demo Data,2026-08-09T00:00:00
3314,2444,21,18364,cleansing,2026-07-18T21:09:26,1,Synthetic / Demo Data,2026-07-18T00:00:00
3315,2445,77,18370,moisturizer,2026-07-27T23:30:56,1,Synthetic / Demo Data,2026-07-27T00:00:00
3316,2445,7,18371,cleansing,2026-07-28T02:33:11,1,Synthetic / Demo Data,2026-07-28T00:00:00
3317,2445,6,18374,cleansing,2026-07-27T17:36:24,1,Synthetic / Demo Data,2026-07-27T00:00:00
3318,2445,61,18380,active,2026-08-06T17:44:51,1,Synthetic / Demo Data,2026-08-06T00:00:00
3319,2445,21,18382,cleansing,2026-08-06T15:41:52,1,Synthetic / Demo Data,2026-08-06T00:00:00
3320,2449,20,18384,cleansing,2026-02-08T22:12:50,1,Synthetic / Demo Data,2026-02-08T00:00:00
3321,2450,6,18392,cleansing,2026-04-28T09:51:00,1,Synthetic / Demo Data,2026-04-28T00:00:00
3322,2450,54,18399,active,2026-04-28T18:56:41,1,Synthetic / Demo Data,2026-04-28T00:00:00
3323,2453,90,18404,moisturizer,2026-08-01T20:37:04,1,Synthetic / Demo Data,2026-08-01T00:00:00
3324,2453,57,18411,active,2026-08-01T22:13:29,1,Synthetic / Demo Data,2026-08-01T00:00:00
3325,2453,42,18417,toner,2026-08-05T12:31:51,1,Synthetic / Demo Data,2026-08-05T00:00:00
3326,2453,74,18418,moisturizer,2026-08-18T14:15:34,1,Synthetic / Demo Data,2026-08-18T00:00:00
3327,2455,2,18420,cleansing,2026-04-07T20:07:34,0,Synthetic / Demo Data,2026-04-07T00:00:00
3328,2455,16,18421,cleansing,2026-04-07T16:20:04,1,Synthetic / Demo Data,2026-04-07T00:00:00
3329,2455,106,18423,spf,2026-04-07T22:48:57,1,Synthetic / Demo Data,2026-04-07T00:00:00
3330,2455,74,18424,moisturizer,2026-04-12T14:52:01,1,Synthetic / Demo Data,2026-04-12T00:00:00
3331,2456,58,18428,active,2026-08-08T13:22:28,1,Synthetic / Demo Data,2026-08-08T00:00:00
3332,2456,3,18430,cleansing,2026-08-08T09:06:48,1,Synthetic / Demo Data,2026-08-08T00:00:00
3333,2456,16,18431,cleansing,2026-08-08T12:40:38,1,Synthetic / Demo Data,2026-08-08T00:00:00
3334,2456,80,18433,moisturizer,2026-08-11T02:52:53,1,Synthetic / Demo Data,2026-08-11T00:00:00
3335,2456,40,18437,toner,2026-08-10T20:18:41,1,Synthetic / Demo Data,2026-08-10T00:00:00
3336,2456,7,18439,cleansing,2026-08-21T19:32:11,1,Synthetic / Demo Data,2026-08-21T00:00:00
3337,2458,54,18455,active,2026-02-23T15:14:56,1,Synthetic / Demo Data,2026-02-23T00:00:00
3338,2460,84,18463,moisturizer,2026-07-28T05:30:37,1,Synthetic / Demo Data,2026-07-28T00:00:00
3339,2462,90,18473,moisturizer,2026-02-17T12:42:45,1,Synthetic / Demo Data,2026-02-17T00:00:00
3340,2462,46,18474,toner,2026-02-17T17:09:37,1,Synthetic / Demo Data,2026-02-17T00:00:00
3341,2462,12,18475,cleansing,2026-02-20T12:13:29,1,Synthetic / Demo Data,2026-02-20T00:00:00
3342,2462,83,18482,moisturizer,2026-03-04T20:40:25,1,Synthetic / Demo Data,2026-03-04T00:00:00
3343,2463,16,18486,cleansing,2026-09-07T19:02:00,1,Synthetic / Demo Data,2026-09-07T00:00:00
3344,2463,90,18487,moisturizer,2026-09-07T20:35:44,1,Synthetic / Demo Data,2026-09-07T00:00:00
3345,2466,32,18520,toner,2026-08-01T17:02:09,1,Synthetic / Demo Data,2026-08-01T00:00:00
3346,2468,1,18525,cleansing,2026-02-13T04:04:27,1,Synthetic / Demo Data,2026-02-13T00:00:00
3347,2468,116,18529,spf,2026-02-17T06:05:52,1,Synthetic / Demo Data,2026-02-17T00:00:00
3348,2470,46,18537,toner,2026-06-02T02:45:16,1,Synthetic / Demo Data,2026-06-02T00:00:00
3349,2470,61,18541,active,2026-06-13T05:34:24,0,Synthetic / Demo Data,2026-06-13T00:00:00
3350,2471,106,18544,spf,2026-06-29T21:25:58,1,Synthetic / Demo Data,2026-06-29T00:00:00
3351,2471,21,18553,cleansing,2026-07-04T06:30:28,1,Synthetic / Demo Data,2026-07-04T00:00:00
3352,2471,22,18557,cleansing,2026-07-07T00:57:11,1,Synthetic / Demo Data,2026-07-07T00:00:00
3353,2472,56,18559,active,2026-02-02T06:26:37,1,Synthetic / Demo Data,2026-02-02T00:00:00
3354,2472,89,18560,moisturizer,2026-02-02T06:17:15,1,Synthetic / Demo Data,2026-02-02T00:00:00
3355,2472,74,18561,moisturizer,2026-02-02T04:43:59,1,Synthetic / Demo Data,2026-02-02T00:00:00
3356,2472,116,18563,spf,2026-02-12T13:23:32,1,Synthetic / Demo Data,2026-02-12T00:00:00
3357,2474,66,18578,active,2026-01-19T06:04:42,1,Synthetic / Demo Data,2026-01-19T00:00:00
3358,2474,43,18582,toner,2026-01-31T14:49:23,1,Synthetic / Demo Data,2026-01-31T00:00:00
3359,2476,21,18597,cleansing,2026-08-11T16:29:52,1,Synthetic / Demo Data,2026-08-11T00:00:00
3360,2478,63,18605,active,2026-09-15T10:32:05,0,Synthetic / Demo Data,2026-09-15T00:00:00
3361,2478,1,18606,cleansing,2026-09-15T08:30:31,1,Synthetic / Demo Data,2026-09-15T00:00:00
3362,2478,103,18607,spf,2026-09-15T04:16:37,1,Synthetic / Demo Data,2026-09-15T00:00:00
3363,2479,97,18615,spf,2026-07-14T21:59:06,1,Synthetic / Demo Data,2026-07-14T00:00:00
3364,2479,105,18618,spf,2026-07-14T19:06:03,0,Synthetic / Demo Data,2026-07-14T00:00:00
3365,2479,66,18624,active,2026-07-20T19:54:11,1,Synthetic / Demo Data,2026-07-20T00:00:00
3366,2479,21,18625,cleansing,2026-07-20T20:46:42,1,Synthetic / Demo Data,2026-07-20T00:00:00
3367,2479,116,18627,spf,2026-07-20T21:08:46,1,Synthetic / Demo Data,2026-07-20T00:00:00
3368,2479,94,18628,moisturizer,2026-07-20T21:37:46,1,Synthetic / Demo Data,2026-07-20T00:00:00
3369,2480,82,18630,moisturizer,2026-08-20T12:28:25,1,Synthetic / Demo Data,2026-08-20T00:00:00
3370,2480,54,18634,active,2026-08-24T09:13:19,1,Synthetic / Demo Data,2026-08-24T00:00:00
3371,2482,21,18644,cleansing,2026-07-11T22:42:38,1,Synthetic / Demo Data,2026-07-11T00:00:00
3372,2482,77,18647,moisturizer,2026-07-17T12:28:35,1,Synthetic / Demo Data,2026-07-17T00:00:00
3373,2482,82,18650,moisturizer,2026-07-27T06:56:40,1,Synthetic / Demo Data,2026-07-27T00:00:00
3374,2482,98,18651,spf,2026-07-27T09:11:13,1,Synthetic / Demo Data,2026-07-27T00:00:00
3375,2483,105,18655,spf,2026-01-12T21:10:26,0,Synthetic / Demo Data,2026-01-12T00:00:00
3376,2483,83,18656,moisturizer,2026-01-12T20:01:08,0,Synthetic / Demo Data,2026-01-12T00:00:00
3377,2483,107,18658,spf,2026-01-12T23:58:34,1,Synthetic / Demo Data,2026-01-12T00:00:00
3378,2483,82,18667,moisturizer,2026-01-29T05:58:56,1,Synthetic / Demo Data,2026-01-29T00:00:00
3379,2484,117,18672,spf,2026-03-30T07:54:07,1,Synthetic / Demo Data,2026-03-30T00:00:00
3380,2484,74,18675,moisturizer,2026-04-01T23:01:09,1,Synthetic / Demo Data,2026-04-01T00:00:00
3381,2486,116,18680,spf,2026-06-08T12:08:00,1,Synthetic / Demo Data,2026-06-08T00:00:00
3382,2487,66,18688,active,2026-06-15T13:14:12,1,Synthetic / Demo Data,2026-06-15T00:00:00
3383,2487,72,18689,active,2026-06-15T15:42:14,1,Synthetic / Demo Data,2026-06-15T00:00:00
3384,2487,82,18691,moisturizer,2026-06-15T16:26:29,1,Synthetic / Demo Data,2026-06-15T00:00:00
3385,2487,75,18693,moisturizer,2026-06-24T10:41:58,1,Synthetic / Demo Data,2026-06-24T00:00:00
3386,2487,116,18698,spf,2026-06-28T16:29:30,0,Synthetic / Demo Data,2026-06-28T00:00:00
3387,2489,70,18702,active,2026-08-10T22:07:51,1,Synthetic / Demo Data,2026-08-10T00:00:00
3388,2489,66,18708,active,2026-08-21T12:45:47,1,Synthetic / Demo Data,2026-08-21T00:00:00
3389,2489,112,18709,spf,2026-08-21T14:56:29,0,Synthetic / Demo Data,2026-08-21T00:00:00
3390,2489,48,18710,toner,2026-08-21T09:24:42,1,Synthetic / Demo Data,2026-08-21T00:00:00
3391,2489,7,18712,cleansing,2026-08-23T23:02:30,1,Synthetic / Demo Data,2026-08-23T00:00:00
3392,2490,82,18715,moisturizer,2026-03-04T02:01:41,1,Synthetic / Demo Data,2026-03-04T00:00:00
3393,2491,27,18725,toner,2026-04-08T15:13:11,1,Synthetic / Demo Data,2026-04-08T00:00:00
3394,2491,17,18729,cleansing,2026-04-08T14:27:37,0,Synthetic / Demo Data,2026-04-08T00:00:00
3395,2491,108,18730,spf,2026-04-11T13:38:15,0,Synthetic / Demo Data,2026-04-11T00:00:00
3396,2491,84,18736,moisturizer,2026-04-24T04:24:29,1,Synthetic / Demo Data,2026-04-24T00:00:00
3397,2492,76,18746,moisturizer,2026-01-26T17:48:58,1,Synthetic / Demo Data,2026-01-26T00:00:00
3398,2493,3,18747,cleansing,2026-05-19T08:24:13,1,Synthetic / Demo Data,2026-05-19T00:00:00
3399,2493,25,18748,toner,2026-05-19T06:14:00,1,Synthetic / Demo Data,2026-05-19T00:00:00
3400,2493,12,18750,cleansing,2026-05-19T05:02:51,1,Synthetic / Demo Data,2026-05-19T00:00:00
3401,2494,108,18764,spf,2026-08-01T19:04:59,1,Synthetic / Demo Data,2026-08-01T00:00:00
3402,2494,60,18767,active,2026-08-01T20:58:28,1,Synthetic / Demo Data,2026-08-01T00:00:00
3403,2494,79,18773,moisturizer,2026-08-15T08:36:04,1,Synthetic / Demo Data,2026-08-15T00:00:00
3404,2495,116,18777,spf,2026-05-26T11:51:11,1,Synthetic / Demo Data,2026-05-26T00:00:00
3405,2495,106,18779,spf,2026-06-03T01:13:37,1,Synthetic / Demo Data,2026-06-03T00:00:00
3406,2498,16,18791,cleansing,2026-08-21T11:18:59,1,Synthetic / Demo Data,2026-08-21T00:00:00
3407,2498,20,18792,cleansing,2026-08-21T13:21:16,1,Synthetic / Demo Data,2026-08-21T00:00:00
3408,2498,7,18795,cleansing,2026-09-01T12:08:29,1,Synthetic / Demo Data,2026-09-01T00:00:00
3409,2500,92,18809,moisturizer,2026-04-23T15:57:33,1,Synthetic / Demo Data,2026-04-23T00:00:00
3410,2500,14,18810,cleansing,2026-04-23T14:03:50,1,Synthetic / Demo Data,2026-04-23T00:00:00
3411,2501,108,18831,spf,2026-03-09T02:14:24,1,Synthetic / Demo Data,2026-03-09T00:00:00
3412,2501,38,18833,toner,2026-03-17T07:25:35,0,Synthetic / Demo Data,2026-03-17T00:00:00
3413,2502,26,18841,toner,2026-07-07T09:49:45,1,Synthetic / Demo Data,2026-07-07T00:00:00
3414,2503,73,18848,moisturizer,2026-01-24T21:03:46,1,Synthetic / Demo Data,2026-01-24T00:00:00
3415,2503,90,18851,moisturizer,2026-02-02T00:53:41,1,Synthetic / Demo Data,2026-02-02T00:00:00
3416,2505,120,18868,spf,2026-05-05T04:41:09,1,Synthetic / Demo Data,2026-05-05T00:00:00
3417,2505,105,18870,spf,2026-05-05T03:13:06,1,Synthetic / Demo Data,2026-05-05T00:00:00
3418,2505,94,18872,moisturizer,2026-05-09T00:11:06,1,Synthetic / Demo Data,2026-05-09T00:00:00
3419,2506,48,18879,toner,2026-09-20T11:50:46,1,Synthetic / Demo Data,2026-09-20T00:00:00
3420,2506,94,18884,moisturizer,2026-09-24T03:41:04,1,Synthetic / Demo Data,2026-09-24T00:00:00
3421,2506,8,18885,cleansing,2026-09-24T00:33:49,1,Synthetic / Demo Data,2026-09-24T00:00:00
3422,2507,14,18888,cleansing,2026-07-10T07:16:27,1,Synthetic / Demo Data,2026-07-10T00:00:00
3423,2507,55,18894,active,2026-07-16T01:10:41,1,Synthetic / Demo Data,2026-07-16T00:00:00
3424,2507,117,18896,spf,2026-07-16T01:28:04,1,Synthetic / Demo Data,2026-07-16T00:00:00
3425,2509,39,18912,toner,2026-06-06T08:25:38,1,Synthetic / Demo Data,2026-06-06T00:00:00
3426,2509,19,18915,cleansing,2026-06-10T08:27:24,1,Synthetic / Demo Data,2026-06-10T00:00:00
3427,2514,112,18953,spf,2026-04-23T02:03:42,1,Synthetic / Demo Data,2026-04-23T00:00:00
3428,2518,120,18958,spf,2026-03-31T03:21:08,1,Synthetic / Demo Data,2026-03-31T00:00:00
3429,2518,116,18959,spf,2026-03-31T06:53:37,1,Synthetic / Demo Data,2026-03-31T00:00:00
3430,2518,16,18961,cleansing,2026-03-31T08:50:48,1,Synthetic / Demo Data,2026-03-31T00:00:00
3431,2518,69,18963,active,2026-04-09T01:18:47,1,Synthetic / Demo Data,2026-04-09T00:00:00
3432,2518,15,18964,cleansing,2026-04-08T21:25:05,1,Synthetic / Demo Data,2026-04-08T00:00:00
3433,2518,57,18965,active,2026-04-08T17:50:30,1,Synthetic / Demo Data,2026-04-08T00:00:00
3434,2518,89,18966,moisturizer,2026-04-08T19:36:15,1,Synthetic / Demo Data,2026-04-08T00:00:00
3435,2518,112,18970,spf,2026-04-13T11:22:59,1,Synthetic / Demo Data,2026-04-13T00:00:00
3436,2519,77,18971,moisturizer,2026-02-16T17:52:58,1,Synthetic / Demo Data,2026-02-16T00:00:00
3437,2519,112,18981,spf,2026-03-04T09:23:03,1,Synthetic / Demo Data,2026-03-04T00:00:00
3438,2520,17,18986,cleansing,2026-04-02T01:19:37,1,Synthetic / Demo Data,2026-04-02T00:00:00
3439,2521,107,18995,spf,2026-08-16T18:28:56,1,Synthetic / Demo Data,2026-08-16T00:00:00
3440,2521,85,19004,moisturizer,2026-09-07T11:24:56,0,Synthetic / Demo Data,2026-09-07T00:00:00
3441,2524,83,19022,moisturizer,2026-07-24T18:38:19,1,Synthetic / Demo Data,2026-07-24T00:00:00
3442,2525,80,19030,moisturizer,2026-04-23T06:33:01,1,Synthetic / Demo Data,2026-04-23T00:00:00
3443,2525,85,19031,moisturizer,2026-04-23T04:53:13,1,Synthetic / Demo Data,2026-04-23T00:00:00
3444,2525,21,19033,cleansing,2026-04-23T06:40:29,1,Synthetic / Demo Data,2026-04-23T00:00:00
3445,2528,56,19042,active,2026-05-05T13:07:39,1,Synthetic / Demo Data,2026-05-05T00:00:00
3446,2528,113,19045,spf,2026-05-05T16:55:20,1,Synthetic / Demo Data,2026-05-05T00:00:00
3447,2529,81,19055,moisturizer,2026-07-13T00:52:04,1,Synthetic / Demo Data,2026-07-13T00:00:00
3448,2531,92,19062,moisturizer,2026-03-21T21:51:22,1,Synthetic / Demo Data,2026-03-21T00:00:00
3449,2531,10,19068,cleansing,2026-03-22T08:24:08,1,Synthetic / Demo Data,2026-03-22T00:00:00
3450,2533,66,19084,active,2026-01-20T23:50:52,1,Synthetic / Demo Data,2026-01-20T00:00:00
3451,2533,112,19085,spf,2026-01-21T00:00:28,1,Synthetic / Demo Data,2026-01-21T00:00:00
3452,2533,17,19087,cleansing,2026-01-20T23:09:28,1,Synthetic / Demo Data,2026-01-20T00:00:00
3453,2533,83,19089,moisturizer,2026-01-28T09:03:46,1,Synthetic / Demo Data,2026-01-28T00:00:00
3454,2533,103,19094,spf,2026-01-28T20:00:31,1,Synthetic / Demo Data,2026-01-28T00:00:00
3455,2536,7,19101,cleansing,2026-05-03T12:30:50,1,Synthetic / Demo Data,2026-05-03T00:00:00
3456,2536,1,19103,cleansing,2026-05-03T11:57:43,1,Synthetic / Demo Data,2026-05-03T00:00:00
3457,2537,63,19104,active,2026-04-07T09:18:15,1,Synthetic / Demo Data,2026-04-07T00:00:00
3458,2537,34,19109,toner,2026-04-14T01:06:18,1,Synthetic / Demo Data,2026-04-14T00:00:00
3459,2541,120,19116,spf,2026-05-07T03:08:28,1,Synthetic / Demo Data,2026-05-07T00:00:00
3460,2543,4,19122,cleansing,2026-06-26T05:01:20,1,Synthetic / Demo Data,2026-06-26T00:00:00
3461,2543,61,19125,active,2026-06-26T03:12:47,1,Synthetic / Demo Data,2026-06-26T00:00:00
3462,2544,14,19129,cleansing,2026-02-21T17:32:36,1,Synthetic / Demo Data,2026-02-21T00:00:00
3463,2544,80,19133,moisturizer,2026-03-04T02:14:25,1,Synthetic / Demo Data,2026-03-04T00:00:00
3464,2545,66,19135,active,2026-08-03T02:53:23,1,Synthetic / Demo Data,2026-08-03T00:00:00
3465,2545,107,19139,spf,2026-08-02T20:57:13,1,Synthetic / Demo Data,2026-08-02T00:00:00
3466,2547,17,19143,cleansing,2026-05-14T09:58:08,1,Synthetic / Demo Data,2026-05-14T00:00:00
3467,2547,67,19145,active,2026-05-14T10:18:51,1,Synthetic / Demo Data,2026-05-14T00:00:00
3468,2547,57,19146,active,2026-05-14T10:34:14,1,Synthetic / Demo Data,2026-05-14T00:00:00
3469,2547,1,19147,cleansing,2026-05-26T02:54:23,1,Synthetic / Demo Data,2026-05-26T00:00:00
3470,2547,18,19148,cleansing,2026-05-26T01:50:31,1,Synthetic / Demo Data,2026-05-26T00:00:00
3471,2547,97,19150,spf,2026-05-26T01:47:35,1,Synthetic / Demo Data,2026-05-26T00:00:00
3472,2548,1,19153,cleansing,2026-02-18T06:56:35,1,Synthetic / Demo Data,2026-02-18T00:00:00
3473,2548,65,19155,active,2026-02-18T04:06:35,1,Synthetic / Demo Data,2026-02-18T00:00:00
3474,2548,37,19159,toner,2026-03-03T11:10:07,1,Synthetic / Demo Data,2026-03-03T00:00:00
3475,2548,69,19160,active,2026-03-03T11:52:03,1,Synthetic / Demo Data,2026-03-03T00:00:00
3476,2549,16,19165,cleansing,2026-05-01T16:44:44,1,Synthetic / Demo Data,2026-05-01T00:00:00
3477,2549,21,19170,cleansing,2026-05-16T00:22:42,1,Synthetic / Demo Data,2026-05-16T00:00:00
3478,2549,69,19171,active,2026-05-15T23:39:47,0,Synthetic / Demo Data,2026-05-15T00:00:00
3479,2550,63,19174,active,2026-05-20T20:00:42,1,Synthetic / Demo Data,2026-05-20T00:00:00
3480,2550,97,19180,spf,2026-06-04T11:15:09,1,Synthetic / Demo Data,2026-06-04T00:00:00
3481,2550,12,19181,cleansing,2026-06-04T16:10:12,0,Synthetic / Demo Data,2026-06-04T00:00:00
3482,2551,55,19190,active,2026-08-16T13:14:23,1,Synthetic / Demo Data,2026-08-16T00:00:00
3483,2551,69,19192,active,2026-08-16T19:31:27,1,Synthetic / Demo Data,2026-08-16T00:00:00
3484,2551,93,19193,moisturizer,2026-08-16T13:59:21,1,Synthetic / Demo Data,2026-08-16T00:00:00
3485,2551,107,19195,spf,2026-08-17T20:08:07,1,Synthetic / Demo Data,2026-08-17T00:00:00
3486,2551,25,19198,toner,2026-08-17T22:54:05,1,Synthetic / Demo Data,2026-08-17T00:00:00
3487,2551,87,19200,moisturizer,2026-09-01T09:24:58,1,Synthetic / Demo Data,2026-09-01T00:00:00
3488,2552,43,19201,toner,2026-07-04T12:31:06,1,Synthetic / Demo Data,2026-07-04T00:00:00
3489,2552,2,19202,cleansing,2026-07-04T12:01:53,1,Synthetic / Demo Data,2026-07-04T00:00:00
3490,2552,65,19203,active,2026-07-04T17:32:11,1,Synthetic / Demo Data,2026-07-04T00:00:00
3491,2553,12,19220,cleansing,2026-06-06T05:38:33,1,Synthetic / Demo Data,2026-06-06T00:00:00
3492,2557,6,19242,cleansing,2026-05-03T02:23:48,1,Synthetic / Demo Data,2026-05-03T00:00:00
3493,2559,109,19251,spf,2026-07-13T00:41:29,1,Synthetic / Demo Data,2026-07-13T00:00:00
3494,2561,2,19258,cleansing,2026-06-30T08:14:06,1,Synthetic / Demo Data,2026-06-30T00:00:00
3495,2562,68,19265,active,2026-06-17T23:08:24,1,Synthetic / Demo Data,2026-06-17T00:00:00
3496,2562,103,19266,spf,2026-06-18T05:49:50,1,Synthetic / Demo Data,2026-06-18T00:00:00
3497,2564,49,19289,active,2026-08-04T12:39:01,1,Synthetic / Demo Data,2026-08-04T00:00:00
3498,2566,1,19294,cleansing,2026-08-06T14:14:58,1,Synthetic / Demo Data,2026-08-06T00:00:00
3499,2566,57,19297,active,2026-08-15T10:52:13,1,Synthetic / Demo Data,2026-08-15T00:00:00
3500,2566,68,19299,active,2026-08-15T09:05:28,1,Synthetic / Demo Data,2026-08-15T00:00:00
3501,2568,106,19306,spf,2026-01-27T15:35:01,1,Synthetic / Demo Data,2026-01-27T00:00:00
3502,2568,38,19310,toner,2026-02-02T20:14:02,0,Synthetic / Demo Data,2026-02-02T00:00:00
3503,2568,21,19311,cleansing,2026-02-02T17:00:20,1,Synthetic / Demo Data,2026-02-02T00:00:00
3504,2570,77,19330,moisturizer,2026-03-03T10:22:11,1,Synthetic / Demo Data,2026-03-03T00:00:00
3505,2570,39,19331,toner,2026-03-03T11:19:48,1,Synthetic / Demo Data,2026-03-03T00:00:00
3506,2570,32,19335,toner,2026-03-05T02:43:58,1,Synthetic / Demo Data,2026-03-05T00:00:00
3507,2573,94,19356,moisturizer,2026-02-22T23:45:03,1,Synthetic / Demo Data,2026-02-22T00:00:00
3508,2575,111,19370,spf,2026-03-26T18:55:59,1,Synthetic / Demo Data,2026-03-26T00:00:00
3509,2575,40,19375,toner,2026-04-08T20:33:37,1,Synthetic / Demo Data,2026-04-08T00:00:00
3510,2576,82,19376,moisturizer,2026-04-15T03:16:06,1,Synthetic / Demo Data,2026-04-15T00:00:00
3511,2576,28,19385,toner,2026-04-30T05:44:23,1,Synthetic / Demo Data,2026-04-30T00:00:00
3512,2578,28,19387,toner,2026-01-11T08:45:17,1,Synthetic / Demo Data,2026-01-11T00:00:00
3513,2578,50,19388,active,2026-01-11T16:31:10,1,Synthetic / Demo Data,2026-01-11T00:00:00
3514,2579,57,19402,active,2026-07-16T08:06:41,1,Synthetic / Demo Data,2026-07-16T00:00:00
3515,2580,96,19404,moisturizer,2026-05-20T21:31:30,1,Synthetic / Demo Data,2026-05-20T00:00:00
3516,2580,92,19407,moisturizer,2026-05-20T22:54:47,1,Synthetic / Demo Data,2026-05-20T00:00:00
3517,2580,116,19409,spf,2026-05-23T05:50:06,1,Synthetic / Demo Data,2026-05-23T00:00:00
3518,2584,42,19424,toner,2026-03-08T03:11:45,0,Synthetic / Demo Data,2026-03-08T00:00:00
3519,2584,39,19426,toner,2026-03-07T23:11:35,1,Synthetic / Demo Data,2026-03-07T00:00:00
3520,2585,51,19438,active,2026-08-02T12:42:38,1,Synthetic / Demo Data,2026-08-02T00:00:00
3521,2589,57,19471,active,2026-02-28T14:29:01,1,Synthetic / Demo Data,2026-02-28T00:00:00
3522,2590,34,19477,toner,2026-03-17T23:26:08,1,Synthetic / Demo Data,2026-03-17T00:00:00
3523,2590,39,19479,toner,2026-03-18T07:36:05,1,Synthetic / Demo Data,2026-03-18T00:00:00
3524,2590,37,19480,toner,2026-03-18T09:07:11,1,Synthetic / Demo Data,2026-03-18T00:00:00
3525,2590,17,19482,cleansing,2026-03-25T06:06:05,1,Synthetic / Demo Data,2026-03-25T00:00:00
3526,2591,116,19488,spf,2026-08-17T09:04:07,1,Synthetic / Demo Data,2026-08-17T00:00:00
3527,2591,120,19492,spf,2026-08-23T18:39:19,1,Synthetic / Demo Data,2026-08-23T00:00:00
3528,2592,11,19504,cleansing,2026-09-04T03:53:58,1,Synthetic / Demo Data,2026-09-04T00:00:00
3529,2593,6,19509,cleansing,2026-05-26T18:20:54,1,Synthetic / Demo Data,2026-05-26T00:00:00
3530,2593,81,19514,moisturizer,2026-06-14T14:30:31,1,Synthetic / Demo Data,2026-06-14T00:00:00
3531,2593,100,19515,spf,2026-06-14T11:03:15,1,Synthetic / Demo Data,2026-06-14T00:00:00
3532,2595,51,19521,active,2026-01-23T22:38:35,1,Synthetic / Demo Data,2026-01-23T00:00:00
3533,2597,80,19536,moisturizer,2026-01-28T07:05:01,1,Synthetic / Demo Data,2026-01-28T00:00:00
3534,2599,17,19549,cleansing,2026-08-09T04:08:18,1,Synthetic / Demo Data,2026-08-09T00:00:00
3535,2599,2,19552,cleansing,2026-08-22T16:20:26,1,Synthetic / Demo Data,2026-08-22T00:00:00
3536,2600,37,19554,toner,2026-04-11T06:05:55,1,Synthetic / Demo Data,2026-04-11T00:00:00
3537,2606,32,19571,toner,2026-01-25T06:12:18,1,Synthetic / Demo Data,2026-01-25T00:00:00
3538,2607,18,19580,cleansing,2026-06-23T18:29:40,0,Synthetic / Demo Data,2026-06-23T00:00:00
3539,2607,31,19581,toner,2026-06-23T16:49:59,1,Synthetic / Demo Data,2026-06-23T00:00:00
3540,2607,8,19583,cleansing,2026-07-06T05:19:53,1,Synthetic / Demo Data,2026-07-06T00:00:00
3541,2607,94,19586,moisturizer,2026-07-06T01:41:52,1,Synthetic / Demo Data,2026-07-06T00:00:00
3542,2608,67,19589,active,2026-08-19T14:13:34,1,Synthetic / Demo Data,2026-08-19T00:00:00
3543,2608,116,19590,spf,2026-08-19T10:35:21,1,Synthetic / Demo Data,2026-08-19T00:00:00
3544,2608,104,19592,spf,2026-08-19T08:59:02,1,Synthetic / Demo Data,2026-08-19T00:00:00
3545,2608,94,19593,moisturizer,2026-08-26T21:26:14,1,Synthetic / Demo Data,2026-08-26T00:00:00
3546,2608,9,19594,cleansing,2026-08-26T17:26:40,1,Synthetic / Demo Data,2026-08-26T00:00:00
3547,2608,66,19597,active,2026-08-26T18:27:08,1,Synthetic / Demo Data,2026-08-26T00:00:00
3548,2609,112,19604,spf,2026-08-28T18:53:42,1,Synthetic / Demo Data,2026-08-28T00:00:00
3549,2611,103,19609,spf,2026-04-24T03:28:40,1,Synthetic / Demo Data,2026-04-24T00:00:00
3550,2611,76,19610,moisturizer,2026-04-24T08:59:00,1,Synthetic / Demo Data,2026-04-24T00:00:00
3551,2611,105,19613,spf,2026-04-24T04:32:04,1,Synthetic / Demo Data,2026-04-24T00:00:00
3552,2613,21,19621,cleansing,2026-04-26T21:40:28,1,Synthetic / Demo Data,2026-04-26T00:00:00
3553,2613,92,19622,moisturizer,2026-04-26T20:41:55,1,Synthetic / Demo Data,2026-04-26T00:00:00
3554,2615,116,19639,spf,2026-04-13T08:17:33,1,Synthetic / Demo Data,2026-04-13T00:00:00
3555,2615,88,19641,moisturizer,2026-04-13T07:44:43,1,Synthetic / Demo Data,2026-04-13T00:00:00
3556,2615,78,19642,moisturizer,2026-04-13T13:12:20,1,Synthetic / Demo Data,2026-04-13T00:00:00
3557,2615,106,19646,spf,2026-04-14T11:16:52,1,Synthetic / Demo Data,2026-04-14T00:00:00
3558,2615,16,19648,cleansing,2026-04-27T07:18:45,0,Synthetic / Demo Data,2026-04-27T00:00:00
3559,2616,19,19655,cleansing,2026-04-12T03:57:03,1,Synthetic / Demo Data,2026-04-12T00:00:00
3560,2616,114,19658,spf,2026-04-16T15:53:25,1,Synthetic / Demo Data,2026-04-16T00:00:00
3561,2617,7,19662,cleansing,2026-07-13T04:54:48,1,Synthetic / Demo Data,2026-07-13T00:00:00
3562,2617,63,19663,active,2026-07-13T06:49:36,1,Synthetic / Demo Data,2026-07-13T00:00:00
3563,2617,65,19667,active,2026-07-17T12:49:36,1,Synthetic / Demo Data,2026-07-17T00:00:00
3564,2617,76,19668,moisturizer,2026-07-17T09:52:25,1,Synthetic / Demo Data,2026-07-17T00:00:00
3565,2617,111,19673,spf,2026-07-26T11:01:05,0,Synthetic / Demo Data,2026-07-26T00:00:00
3566,2617,102,19674,spf,2026-07-26T12:18:29,1,Synthetic / Demo Data,2026-07-26T00:00:00
3567,2618,2,19681,cleansing,2026-06-15T23:55:32,1,Synthetic / Demo Data,2026-06-15T00:00:00
3568,2621,116,19697,spf,2026-08-07T03:08:39,1,Synthetic / Demo Data,2026-08-07T00:00:00
3569,2621,72,19698,active,2026-08-07T04:57:04,1,Synthetic / Demo Data,2026-08-07T00:00:00
3570,2621,110,19703,spf,2026-08-14T16:15:06,1,Synthetic / Demo Data,2026-08-14T00:00:00
3571,2624,112,19719,spf,2026-07-12T05:10:10,1,Synthetic / Demo Data,2026-07-12T00:00:00
3572,2624,14,19728,cleansing,2026-07-25T12:24:12,1,Synthetic / Demo Data,2026-07-25T00:00:00
3573,2626,116,19730,spf,2026-06-12T15:27:49,1,Synthetic / Demo Data,2026-06-12T00:00:00
3574,2626,84,19734,moisturizer,2026-06-28T11:00:33,1,Synthetic / Demo Data,2026-06-28T00:00:00
3575,2628,21,19738,cleansing,2026-04-10T21:16:15,1,Synthetic / Demo Data,2026-04-10T00:00:00
3576,2629,27,19745,toner,2026-03-13T14:23:43,1,Synthetic / Demo Data,2026-03-13T00:00:00
3577,2629,44,19753,toner,2026-03-22T09:50:41,1,Synthetic / Demo Data,2026-03-22T00:00:00
3578,2630,24,19755,cleansing,2026-06-10T15:52:26,1,Synthetic / Demo Data,2026-06-10T00:00:00
3579,2631,76,19766,moisturizer,2026-03-20T02:57:46,1,Synthetic / Demo Data,2026-03-20T00:00:00
3580,2631,68,19770,active,2026-03-22T07:22:26,1,Synthetic / Demo Data,2026-03-22T00:00:00
3581,2631,78,19774,moisturizer,2026-03-22T11:28:28,1,Synthetic / Demo Data,2026-03-22T00:00:00
3582,2632,36,19777,toner,2026-02-05T22:50:59,1,Synthetic / Demo Data,2026-02-05T00:00:00
3583,2633,96,19792,moisturizer,2026-03-30T20:07:26,1,Synthetic / Demo Data,2026-03-30T00:00:00
3584,2636,75,19794,moisturizer,2026-01-14T02:16:32,1,Synthetic / Demo Data,2026-01-14T00:00:00
3585,2638,35,19804,toner,2026-04-24T10:13:46,1,Synthetic / Demo Data,2026-04-24T00:00:00
3586,2638,40,19813,toner,2026-04-30T12:58:59,1,Synthetic / Demo Data,2026-04-30T00:00:00
3587,2638,12,19814,cleansing,2026-05-04T13:19:22,1,Synthetic / Demo Data,2026-05-04T00:00:00
3588,2638,117,19817,spf,2026-05-04T08:01:24,1,Synthetic / Demo Data,2026-05-04T00:00:00
3589,2639,66,19820,active,2026-06-09T15:57:27,1,Synthetic / Demo Data,2026-06-09T00:00:00
3590,2639,103,19826,spf,2026-06-19T10:31:45,1,Synthetic / Demo Data,2026-06-19T00:00:00
3591,2641,86,19834,moisturizer,2026-04-23T13:47:44,1,Synthetic / Demo Data,2026-04-23T00:00:00
3592,2643,72,19841,active,2026-06-27T13:32:16,1,Synthetic / Demo Data,2026-06-27T00:00:00
3593,2645,30,19850,toner,2026-04-29T18:52:42,1,Synthetic / Demo Data,2026-04-29T00:00:00
3594,2647,10,19857,cleansing,2026-03-14T21:05:54,1,Synthetic / Demo Data,2026-03-14T00:00:00
3595,2647,5,19860,cleansing,2026-03-20T07:46:15,0,Synthetic / Demo Data,2026-03-20T00:00:00
3596,2647,76,19865,moisturizer,2026-03-25T04:32:46,1,Synthetic / Demo Data,2026-03-25T00:00:00
3597,2650,6,19874,cleansing,2026-08-11T06:19:09,0,Synthetic / Demo Data,2026-08-11T00:00:00
3598,2650,2,19879,cleansing,2026-08-26T00:45:33,1,Synthetic / Demo Data,2026-08-26T00:00:00
3599,2651,17,19882,cleansing,2026-05-28T13:22:19,1,Synthetic / Demo Data,2026-05-28T00:00:00
3600,2651,106,19884,spf,2026-05-28T11:21:13,1,Synthetic / Demo Data,2026-05-28T00:00:00
3601,2651,72,19886,active,2026-06-02T06:17:18,1,Synthetic / Demo Data,2026-06-02T00:00:00
3602,2651,97,19888,spf,2026-06-02T03:47:05,1,Synthetic / Demo Data,2026-06-02T00:00:00
3603,2651,24,19890,cleansing,2026-06-02T05:33:08,1,Synthetic / Demo Data,2026-06-02T00:00:00
3604,2652,10,19899,cleansing,2026-07-19T15:01:46,1,Synthetic / Demo Data,2026-07-19T00:00:00
3605,2653,105,19905,spf,2026-01-22T18:38:48,1,Synthetic / Demo Data,2026-01-22T00:00:00
3606,2653,27,19912,toner,2026-01-23T02:32:54,1,Synthetic / Demo Data,2026-01-23T00:00:00
3607,2653,77,19917,moisturizer,2026-01-23T19:40:58,1,Synthetic / Demo Data,2026-01-23T00:00:00
3608,2654,97,19922,spf,2026-07-02T22:44:44,1,Synthetic / Demo Data,2026-07-02T00:00:00
3609,2655,54,19932,active,2026-05-10T12:36:35,1,Synthetic / Demo Data,2026-05-10T00:00:00
3610,2655,82,19934,moisturizer,2026-05-10T13:02:22,1,Synthetic / Demo Data,2026-05-10T00:00:00
3611,2655,117,19938,spf,2026-05-18T04:41:13,1,Synthetic / Demo Data,2026-05-18T00:00:00
3612,2657,16,19946,cleansing,2026-07-28T17:23:49,1,Synthetic / Demo Data,2026-07-28T00:00:00
3613,2657,100,19950,spf,2026-08-11T00:19:43,1,Synthetic / Demo Data,2026-08-11T00:00:00
3614,2658,17,19960,cleansing,2026-08-12T20:15:59,0,Synthetic / Demo Data,2026-08-12T00:00:00
3615,2658,97,19961,spf,2026-08-12T15:13:38,1,Synthetic / Demo Data,2026-08-12T00:00:00
3616,2661,56,19973,active,2026-07-16T16:57:12,1,Synthetic / Demo Data,2026-07-16T00:00:00
3617,2664,97,20004,spf,2026-01-15T06:15:25,1,Synthetic / Demo Data,2026-01-15T00:00:00
3618,2666,19,20008,cleansing,2026-05-09T13:43:30,1,Synthetic / Demo Data,2026-05-09T00:00:00
3619,2666,120,20013,spf,2026-05-11T04:58:42,1,Synthetic / Demo Data,2026-05-11T00:00:00
3620,2666,83,20016,moisturizer,2026-05-11T06:17:53,0,Synthetic / Demo Data,2026-05-11T00:00:00
3621,2666,75,20017,moisturizer,2026-05-11T02:33:54,1,Synthetic / Demo Data,2026-05-11T00:00:00
3622,2666,41,20018,toner,2026-05-17T12:48:44,1,Synthetic / Demo Data,2026-05-17T00:00:00
3623,2667,21,20019,cleansing,2026-04-18T03:47:47,0,Synthetic / Demo Data,2026-04-18T00:00:00
3624,2670,37,20028,toner,2026-04-06T10:35:26,1,Synthetic / Demo Data,2026-04-06T00:00:00
3625,2670,1,20029,cleansing,2026-04-06T13:22:43,1,Synthetic / Demo Data,2026-04-06T00:00:00
3626,2670,90,20030,moisturizer,2026-04-06T09:13:34,1,Synthetic / Demo Data,2026-04-06T00:00:00
3627,2670,66,20031,active,2026-04-06T11:48:49,1,Synthetic / Demo Data,2026-04-06T00:00:00
3628,2671,12,20042,cleansing,2026-09-04T01:13:39,1,Synthetic / Demo Data,2026-09-04T00:00:00
3629,2672,7,20051,cleansing,2026-04-29T08:35:32,1,Synthetic / Demo Data,2026-04-29T00:00:00
3630,2673,80,20062,moisturizer,2026-02-19T06:30:53,1,Synthetic / Demo Data,2026-02-19T00:00:00
3631,2673,94,20064,moisturizer,2026-02-22T00:11:42,1,Synthetic / Demo Data,2026-02-22T00:00:00
3632,2674,105,20067,spf,2026-03-02T17:28:38,1,Synthetic / Demo Data,2026-03-02T00:00:00
3633,2676,9,20083,cleansing,2026-03-29T23:33:11,1,Synthetic / Demo Data,2026-03-29T00:00:00
3634,2676,65,20087,active,2026-03-29T19:07:27,0,Synthetic / Demo Data,2026-03-29T00:00:00
3635,2676,41,20090,toner,2026-04-01T12:23:51,0,Synthetic / Demo Data,2026-04-01T00:00:00
3636,2677,74,20095,moisturizer,2026-08-15T12:47:38,1,Synthetic / Demo Data,2026-08-15T00:00:00
3637,2677,103,20098,spf,2026-08-15T15:53:24,1,Synthetic / Demo Data,2026-08-15T00:00:00
3638,2677,82,20099,moisturizer,2026-08-16T18:13:05,1,Synthetic / Demo Data,2026-08-16T00:00:00
3639,2677,116,20103,spf,2026-08-16T19:24:34,1,Synthetic / Demo Data,2026-08-16T00:00:00
3640,2679,106,20124,spf,2026-05-01T15:02:22,1,Synthetic / Demo Data,2026-05-01T00:00:00
3641,2683,99,20149,spf,2026-02-04T03:37:37,1,Synthetic / Demo Data,2026-02-04T00:00:00
3642,2683,39,20155,toner,2026-02-13T07:01:37,0,Synthetic / Demo Data,2026-02-13T00:00:00
3643,2684,21,20159,cleansing,2026-02-23T04:29:36,1,Synthetic / Demo Data,2026-02-23T00:00:00
3644,2684,100,20164,spf,2026-03-03T20:16:16,1,Synthetic / Demo Data,2026-03-03T00:00:00
3645,2684,14,20166,cleansing,2026-03-03T20:35:50,1,Synthetic / Demo Data,2026-03-03T00:00:00
3646,2686,26,20170,toner,2026-02-22T11:11:41,1,Synthetic / Demo Data,2026-02-22T00:00:00
3647,2686,82,20177,moisturizer,2026-02-25T11:08:25,1,Synthetic / Demo Data,2026-02-25T00:00:00
3648,2686,51,20181,active,2026-03-07T02:21:10,1,Synthetic / Demo Data,2026-03-07T00:00:00
3649,2687,38,20186,toner,2026-01-12T17:00:42,1,Synthetic / Demo Data,2026-01-12T00:00:00
3650,2687,55,20187,active,2026-01-12T14:46:33,1,Synthetic / Demo Data,2026-01-12T00:00:00
3651,2687,1,20188,cleansing,2026-01-24T16:17:13,1,Synthetic / Demo Data,2026-01-24T00:00:00
3652,2687,31,20189,toner,2026-01-24T18:22:21,1,Synthetic / Demo Data,2026-01-24T00:00:00
3653,2687,20,20190,cleansing,2026-01-24T17:01:04,1,Synthetic / Demo Data,2026-01-24T00:00:00
3654,2687,53,20194,active,2026-01-28T14:30:44,1,Synthetic / Demo Data,2026-01-28T00:00:00
3655,2687,16,20197,cleansing,2026-01-28T17:13:01,1,Synthetic / Demo Data,2026-01-28T00:00:00
3656,2689,111,20202,spf,2026-05-20T09:00:33,1,Synthetic / Demo Data,2026-05-20T00:00:00
3657,2689,116,20206,spf,2026-05-20T15:55:09,1,Synthetic / Demo Data,2026-05-20T00:00:00
3658,2691,45,20220,toner,2026-07-21T04:34:53,1,Synthetic / Demo Data,2026-07-21T00:00:00
3659,2691,113,20222,spf,2026-07-21T04:10:13,0,Synthetic / Demo Data,2026-07-21T00:00:00
3660,2691,89,20224,moisturizer,2026-07-28T14:52:26,1,Synthetic / Demo Data,2026-07-28T00:00:00
3661,2691,97,20225,spf,2026-07-28T14:28:27,1,Synthetic / Demo Data,2026-07-28T00:00:00
3662,2691,63,20229,active,2026-08-04T06:30:18,1,Synthetic / Demo Data,2026-08-04T00:00:00
3663,2692,25,20239,toner,2026-06-15T23:40:09,0,Synthetic / Demo Data,2026-06-15T00:00:00
3664,2693,112,20250,spf,2026-01-19T21:59:29,1,Synthetic / Demo Data,2026-01-19T00:00:00
3665,2693,24,20251,cleansing,2026-01-19T17:39:16,1,Synthetic / Demo Data,2026-01-19T00:00:00
3666,2693,32,20253,toner,2026-01-27T02:11:02,1,Synthetic / Demo Data,2026-01-27T00:00:00
3667,2693,116,20255,spf,2026-01-27T02:39:52,1,Synthetic / Demo Data,2026-01-27T00:00:00
3668,2699,116,20280,spf,2026-04-09T00:57:50,1,Synthetic / Demo Data,2026-04-09T00:00:00
3669,2699,40,20287,toner,2026-04-18T09:31:47,1,Synthetic / Demo Data,2026-04-18T00:00:00
3670,2700,21,20294,cleansing,2026-06-04T05:20:03,1,Synthetic / Demo Data,2026-06-04T00:00:00
3671,2700,51,20295,active,2026-06-04T02:07:40,1,Synthetic / Demo Data,2026-06-04T00:00:00
3672,2701,111,20310,spf,2026-05-11T20:37:45,1,Synthetic / Demo Data,2026-05-11T00:00:00
3673,2701,12,20311,cleansing,2026-05-15T16:04:06,1,Synthetic / Demo Data,2026-05-15T00:00:00
3674,2702,79,20326,moisturizer,2026-09-03T12:11:30,1,Synthetic / Demo Data,2026-09-03T00:00:00
3675,2703,106,20332,spf,2026-07-29T19:48:16,1,Synthetic / Demo Data,2026-07-29T00:00:00
3676,2703,63,20336,active,2026-08-08T11:23:29,1,Synthetic / Demo Data,2026-08-08T00:00:00
3677,2704,34,20339,toner,2026-08-30T18:22:00,1,Synthetic / Demo Data,2026-08-30T00:00:00
3678,2704,46,20341,toner,2026-08-30T16:41:15,0,Synthetic / Demo Data,2026-08-30T00:00:00
3679,2704,19,20342,cleansing,2026-09-05T13:10:25,1,Synthetic / Demo Data,2026-09-05T00:00:00
3680,2707,81,20352,moisturizer,2026-02-26T12:13:50,1,Synthetic / Demo Data,2026-02-26T00:00:00
3681,2707,16,20353,cleansing,2026-03-02T18:19:43,1,Synthetic / Demo Data,2026-03-02T00:00:00
3682,2707,21,20354,cleansing,2026-03-02T18:30:49,1,Synthetic / Demo Data,2026-03-02T00:00:00
3683,2707,74,20357,moisturizer,2026-03-02T19:27:34,0,Synthetic / Demo Data,2026-03-02T00:00:00
3684,2710,14,20374,cleansing,2026-07-14T04:39:17,1,Synthetic / Demo Data,2026-07-14T00:00:00
3685,2710,81,20382,moisturizer,2026-07-22T13:17:48,1,Synthetic / Demo Data,2026-07-22T00:00:00
3686,2711,84,20394,moisturizer,2026-04-30T06:26:03,1,Synthetic / Demo Data,2026-04-30T00:00:00
3687,2712,106,20402,spf,2026-02-14T21:38:02,1,Synthetic / Demo Data,2026-02-14T00:00:00
3688,2714,113,20411,spf,2026-09-17T18:40:19,0,Synthetic / Demo Data,2026-09-17T00:00:00
3689,2714,82,20415,moisturizer,2026-09-17T21:12:03,1,Synthetic / Demo Data,2026-09-17T00:00:00
3690,2714,63,20416,active,2026-09-17T22:17:02,1,Synthetic / Demo Data,2026-09-17T00:00:00
3691,2714,66,20421,active,2026-09-19T22:37:50,1,Synthetic / Demo Data,2026-09-19T00:00:00
3692,2715,21,20431,cleansing,2026-07-30T03:59:39,1,Synthetic / Demo Data,2026-07-30T00:00:00
3693,2719,100,20440,spf,2026-04-26T23:39:38,1,Synthetic / Demo Data,2026-04-26T00:00:00
3694,2724,72,20473,active,2026-09-07T04:55:05,1,Synthetic / Demo Data,2026-09-07T00:00:00
3695,2724,40,20476,toner,2026-09-07T22:24:36,1,Synthetic / Demo Data,2026-09-07T00:00:00
3696,2725,116,20484,spf,2026-01-23T22:23:42,1,Synthetic / Demo Data,2026-01-23T00:00:00
3697,2725,106,20488,spf,2026-01-23T22:34:38,1,Synthetic / Demo Data,2026-01-23T00:00:00
3698,2726,1,20490,cleansing,2026-03-04T17:18:39,1,Synthetic / Demo Data,2026-03-04T00:00:00
3699,2728,14,20505,cleansing,2026-06-18T15:03:16,1,Synthetic / Demo Data,2026-06-18T00:00:00
3700,2729,24,20519,cleansing,2026-07-29T23:47:03,1,Synthetic / Demo Data,2026-07-29T00:00:00
3701,2729,70,20520,active,2026-08-07T16:55:11,1,Synthetic / Demo Data,2026-08-07T00:00:00
3702,2729,2,20522,cleansing,2026-08-07T18:22:50,1,Synthetic / Demo Data,2026-08-07T00:00:00
3703,2729,55,20523,active,2026-08-07T19:17:51,1,Synthetic / Demo Data,2026-08-07T00:00:00
3704,2731,49,20527,active,2026-05-28T19:19:31,1,Synthetic / Demo Data,2026-05-28T00:00:00
3705,2731,108,20529,spf,2026-06-11T18:27:00,1,Synthetic / Demo Data,2026-06-11T00:00:00
3706,2732,27,20533,toner,2026-05-14T19:34:42,1,Synthetic / Demo Data,2026-05-14T00:00:00
3707,2732,112,20534,spf,2026-05-14T20:21:00,1,Synthetic / Demo Data,2026-05-14T00:00:00
3708,2732,62,20539,active,2026-05-29T00:24:04,1,Synthetic / Demo Data,2026-05-29T00:00:00
3709,2734,1,20543,cleansing,2026-08-17T12:52:28,1,Synthetic / Demo Data,2026-08-17T00:00:00
3710,2734,25,20546,toner,2026-08-31T03:42:51,1,Synthetic / Demo Data,2026-08-31T00:00:00
3711,2734,106,20550,spf,2026-08-31T07:41:08,1,Synthetic / Demo Data,2026-08-31T00:00:00
3712,2735,56,20556,active,2026-06-02T07:13:45,1,Synthetic / Demo Data,2026-06-02T00:00:00
3713,2735,82,20562,moisturizer,2026-06-05T02:41:33,1,Synthetic / Demo Data,2026-06-05T00:00:00
3714,2735,94,20564,moisturizer,2026-06-05T01:23:11,1,Synthetic / Demo Data,2026-06-05T00:00:00
3715,2735,107,20565,spf,2026-06-04T22:11:47,1,Synthetic / Demo Data,2026-06-04T00:00:00
3716,2737,22,20583,cleansing,2026-05-20T20:49:46,0,Synthetic / Demo Data,2026-05-20T00:00:00
3717,2737,26,20585,toner,2026-05-20T17:04:22,1,Synthetic / Demo Data,2026-05-20T00:00:00
3718,2737,37,20587,toner,2026-05-20T23:21:30,1,Synthetic / Demo Data,2026-05-20T00:00:00
3719,2738,17,20590,cleansing,2026-01-07T09:08:21,1,Synthetic / Demo Data,2026-01-07T00:00:00
3720,2738,93,20592,moisturizer,2026-01-07T07:02:54,1,Synthetic / Demo Data,2026-01-07T00:00:00
3721,2738,74,20593,moisturizer,2026-01-08T14:27:24,1,Synthetic / Demo Data,2026-01-08T00:00:00
3722,2738,83,20600,moisturizer,2026-01-22T11:44:08,1,Synthetic / Demo Data,2026-01-22T00:00:00
3723,2739,83,20606,moisturizer,2026-09-14T22:31:56,1,Synthetic / Demo Data,2026-09-14T00:00:00
3724,2740,10,20610,cleansing,2026-03-04T02:00:00,1,Synthetic / Demo Data,2026-03-04T00:00:00
3725,2742,14,20622,cleansing,2026-07-09T14:53:14,1,Synthetic / Demo Data,2026-07-09T00:00:00
3726,2742,100,20623,spf,2026-07-09T15:41:48,1,Synthetic / Demo Data,2026-07-09T00:00:00
3727,2742,94,20629,moisturizer,2026-07-16T14:20:09,0,Synthetic / Demo Data,2026-07-16T00:00:00
3728,2742,107,20630,spf,2026-07-16T11:11:52,1,Synthetic / Demo Data,2026-07-16T00:00:00
3729,2742,2,20631,cleansing,2026-07-16T09:42:10,1,Synthetic / Demo Data,2026-07-16T00:00:00
3730,2743,89,20636,moisturizer,2026-04-23T06:08:35,1,Synthetic / Demo Data,2026-04-23T00:00:00
3731,2743,81,20638,moisturizer,2026-04-24T20:27:12,1,Synthetic / Demo Data,2026-04-24T00:00:00
3732,2745,1,20648,cleansing,2026-03-02T22:18:09,0,Synthetic / Demo Data,2026-03-02T00:00:00
3733,2745,45,20649,toner,2026-03-02T21:32:34,1,Synthetic / Demo Data,2026-03-02T00:00:00
3734,2745,116,20650,spf,2026-03-02T20:16:51,1,Synthetic / Demo Data,2026-03-02T00:00:00
3735,2745,18,20652,cleansing,2026-03-02T23:30:35,1,Synthetic / Demo Data,2026-03-02T00:00:00
3736,2746,20,20659,cleansing,2026-01-18T13:49:25,1,Synthetic / Demo Data,2026-01-18T00:00:00
3737,2746,55,20661,active,2026-01-18T14:46:47,1,Synthetic / Demo Data,2026-01-18T00:00:00
3738,2746,112,20671,spf,2026-02-01T06:20:24,1,Synthetic / Demo Data,2026-02-01T00:00:00
3739,2748,67,20684,active,2026-06-25T15:29:50,1,Synthetic / Demo Data,2026-06-25T00:00:00
3740,2748,12,20685,cleansing,2026-06-25T14:40:51,1,Synthetic / Demo Data,2026-06-25T00:00:00
3741,2750,73,20690,moisturizer,2026-05-28T23:58:03,1,Synthetic / Demo Data,2026-05-28T00:00:00
3742,2750,32,20692,toner,2026-05-29T01:07:36,1,Synthetic / Demo Data,2026-05-29T00:00:00
3743,2751,53,20706,active,2026-04-18T21:00:42,1,Synthetic / Demo Data,2026-04-18T00:00:00
3744,2754,118,20722,spf,2026-03-02T08:03:42,1,Synthetic / Demo Data,2026-03-02T00:00:00
3745,2757,69,20745,active,2026-05-22T05:21:36,0,Synthetic / Demo Data,2026-05-22T00:00:00
3746,2757,12,20749,cleansing,2026-05-25T14:12:57,0,Synthetic / Demo Data,2026-05-25T00:00:00
3747,2760,17,20760,cleansing,2026-06-24T20:36:11,1,Synthetic / Demo Data,2026-06-24T00:00:00
3748,2760,113,20761,spf,2026-06-24T20:23:05,1,Synthetic / Demo Data,2026-06-24T00:00:00
3749,2761,62,20774,active,2026-08-03T05:48:57,1,Synthetic / Demo Data,2026-08-03T00:00:00
3750,2761,115,20776,spf,2026-08-06T15:46:23,1,Synthetic / Demo Data,2026-08-06T00:00:00
3751,2763,29,20792,toner,2026-04-26T08:59:50,1,Synthetic / Demo Data,2026-04-26T00:00:00
3752,2765,3,20797,cleansing,2026-08-04T03:14:17,1,Synthetic / Demo Data,2026-08-04T00:00:00
3753,2767,76,20809,moisturizer,2026-03-07T17:09:22,1,Synthetic / Demo Data,2026-03-07T00:00:00
3754,2767,27,20810,toner,2026-03-07T19:08:08,1,Synthetic / Demo Data,2026-03-07T00:00:00
3755,2767,112,20814,spf,2026-03-11T10:25:37,1,Synthetic / Demo Data,2026-03-11T00:00:00
3756,2767,113,20817,spf,2026-03-11T08:58:43,1,Synthetic / Demo Data,2026-03-11T00:00:00
3757,2770,84,20833,moisturizer,2026-07-03T03:49:28,1,Synthetic / Demo Data,2026-07-03T00:00:00
3758,2771,77,20845,moisturizer,2026-05-24T03:27:36,1,Synthetic / Demo Data,2026-05-24T00:00:00
3759,2772,116,20854,spf,2026-05-25T07:19:00,1,Synthetic / Demo Data,2026-05-25T00:00:00
3760,2772,12,20857,cleansing,2026-05-25T11:22:43,1,Synthetic / Demo Data,2026-05-25T00:00:00
3761,2773,21,20862,cleansing,2026-02-28T13:48:02,1,Synthetic / Demo Data,2026-02-28T00:00:00
3762,2773,1,20863,cleansing,2026-02-28T17:10:14,1,Synthetic / Demo Data,2026-02-28T00:00:00
3763,2773,116,20873,spf,2026-03-10T14:54:56,1,Synthetic / Demo Data,2026-03-10T00:00:00
3764,2774,116,20877,spf,2026-03-10T08:39:25,1,Synthetic / Demo Data,2026-03-10T00:00:00
3765,2774,63,20886,active,2026-03-30T12:59:46,1,Synthetic / Demo Data,2026-03-30T00:00:00
3766,2776,67,20895,active,2026-06-24T00:20:09,1,Synthetic / Demo Data,2026-06-24T00:00:00
3767,2777,113,20899,spf,2026-05-22T13:40:04,1,Synthetic / Demo Data,2026-05-22T00:00:00
3768,2777,96,20902,moisturizer,2026-05-22T16:02:55,1,Synthetic / Demo Data,2026-05-22T00:00:00
3769,2778,81,20915,moisturizer,2026-01-26T17:10:27,1,Synthetic / Demo Data,2026-01-26T00:00:00
3770,2779,90,20919,moisturizer,2026-03-27T18:10:12,1,Synthetic / Demo Data,2026-03-27T00:00:00
3771,2780,41,20930,toner,2026-02-13T11:38:04,1,Synthetic / Demo Data,2026-02-13T00:00:00
3772,2780,66,20933,active,2026-02-17T18:56:19,1,Synthetic / Demo Data,2026-02-17T00:00:00
3773,2780,10,20936,cleansing,2026-02-17T14:19:34,1,Synthetic / Demo Data,2026-02-17T00:00:00
3774,2782,31,20953,toner,2026-01-10T04:58:25,1,Synthetic / Demo Data,2026-01-10T00:00:00
3775,2782,82,20955,moisturizer,2026-01-12T03:48:21,1,Synthetic / Demo Data,2026-01-12T00:00:00
3776,2782,9,20957,cleansing,2026-01-12T04:52:32,1,Synthetic / Demo Data,2026-01-12T00:00:00
3777,2783,99,20959,spf,2026-04-10T15:05:06,0,Synthetic / Demo Data,2026-04-10T00:00:00
3778,2783,55,20963,active,2026-04-10T19:43:53,1,Synthetic / Demo Data,2026-04-10T00:00:00
3779,2783,112,20966,spf,2026-04-14T18:49:16,1,Synthetic / Demo Data,2026-04-14T00:00:00
3780,2785,112,20971,spf,2026-03-19T11:49:18,0,Synthetic / Demo Data,2026-03-19T00:00:00
3781,2787,1,20979,cleansing,2026-02-07T02:25:49,1,Synthetic / Demo Data,2026-02-07T00:00:00
3782,2787,116,20985,spf,2026-02-21T09:26:19,1,Synthetic / Demo Data,2026-02-21T00:00:00
3783,2789,22,20995,cleansing,2026-08-13T10:47:00,1,Synthetic / Demo Data,2026-08-13T00:00:00
3784,2790,66,21006,active,2026-08-25T11:58:54,1,Synthetic / Demo Data,2026-08-25T00:00:00
3785,2791,77,21015,moisturizer,2026-07-10T11:36:35,1,Synthetic / Demo Data,2026-07-10T00:00:00
3786,2791,112,21018,spf,2026-07-15T11:58:55,0,Synthetic / Demo Data,2026-07-15T00:00:00
3787,2793,82,21023,moisturizer,2026-08-30T10:52:39,1,Synthetic / Demo Data,2026-08-30T00:00:00
3788,2793,63,21027,active,2026-09-16T19:37:22,1,Synthetic / Demo Data,2026-09-16T00:00:00
3789,2793,116,21029,spf,2026-09-16T17:45:57,1,Synthetic / Demo Data,2026-09-16T00:00:00
3790,2793,49,21030,active,2026-09-16T15:02:08,0,Synthetic / Demo Data,2026-09-16T00:00:00
3791,2795,21,21035,cleansing,2026-06-13T07:59:35,1,Synthetic / Demo Data,2026-06-13T00:00:00
3792,2795,61,21037,active,2026-06-13T10:18:40,1,Synthetic / Demo Data,2026-06-13T00:00:00
3793,2795,106,21038,spf,2026-06-13T11:49:56,1,Synthetic / Demo Data,2026-06-13T00:00:00
3794,2796,72,21043,active,2026-09-01T14:50:21,1,Synthetic / Demo Data,2026-09-01T00:00:00
3795,2796,3,21050,cleansing,2026-09-14T11:14:58,1,Synthetic / Demo Data,2026-09-14T00:00:00
3796,2797,35,21058,toner,2026-03-15T02:37:09,1,Synthetic / Demo Data,2026-03-15T00:00:00
3797,2799,73,21072,moisturizer,2026-08-21T12:21:47,1,Synthetic / Demo Data,2026-08-21T00:00:00
3798,2799,77,21076,moisturizer,2026-08-28T00:16:48,1,Synthetic / Demo Data,2026-08-28T00:00:00
3799,2799,48,21082,toner,2026-09-01T05:11:31,1,Synthetic / Demo Data,2026-09-01T00:00:00
3800,2804,116,21083,spf,2026-07-14T11:02:27,1,Synthetic / Demo Data,2026-07-14T00:00:00
3801,2804,29,21084,toner,2026-07-14T09:52:40,0,Synthetic / Demo Data,2026-07-14T00:00:00
3802,2804,63,21086,active,2026-07-14T07:55:27,1,Synthetic / Demo Data,2026-07-14T00:00:00
3803,2804,113,21089,spf,2026-07-15T03:13:56,1,Synthetic / Demo Data,2026-07-15T00:00:00
3804,2804,21,21090,cleansing,2026-07-15T00:47:03,0,Synthetic / Demo Data,2026-07-15T00:00:00
3805,2804,40,21091,toner,2026-07-15T04:02:40,1,Synthetic / Demo Data,2026-07-15T00:00:00
3806,2805,19,21099,cleansing,2026-08-06T13:00:22,1,Synthetic / Demo Data,2026-08-06T00:00:00
3807,2805,78,21103,moisturizer,2026-08-14T10:43:51,1,Synthetic / Demo Data,2026-08-14T00:00:00
3808,2807,50,21117,active,2026-06-26T08:03:45,1,Synthetic / Demo Data,2026-06-26T00:00:00
3809,2809,92,21131,moisturizer,2026-02-07T01:19:25,1,Synthetic / Demo Data,2026-02-07T00:00:00
3810,2810,2,21137,cleansing,2026-07-24T11:07:19,1,Synthetic / Demo Data,2026-07-24T00:00:00
3811,2810,3,21141,cleansing,2026-08-01T21:59:05,1,Synthetic / Demo Data,2026-08-01T00:00:00
3812,2812,88,21151,moisturizer,2026-01-17T10:20:31,1,Synthetic / Demo Data,2026-01-17T00:00:00
3813,2813,81,21170,moisturizer,2026-04-28T09:05:38,1,Synthetic / Demo Data,2026-04-28T00:00:00
3814,2815,43,21182,toner,2026-05-10T07:13:58,1,Synthetic / Demo Data,2026-05-10T00:00:00
3815,2818,109,21195,spf,2026-04-27T21:33:09,1,Synthetic / Demo Data,2026-04-27T00:00:00
3816,2818,116,21199,spf,2026-04-30T05:03:38,1,Synthetic / Demo Data,2026-04-30T00:00:00
3817,2818,51,21205,active,2026-04-30T08:36:10,1,Synthetic / Demo Data,2026-04-30T00:00:00
3818,2818,93,21208,moisturizer,2026-04-30T06:56:17,1,Synthetic / Demo Data,2026-04-30T00:00:00
3819,2819,18,21216,cleansing,2026-07-28T09:06:08,1,Synthetic / Demo Data,2026-07-28T00:00:00
3820,2822,110,21222,spf,2026-03-24T22:49:34,1,Synthetic / Demo Data,2026-03-24T00:00:00
3821,2822,75,21223,moisturizer,2026-03-25T03:33:30,1,Synthetic / Demo Data,2026-03-25T00:00:00
3822,2822,48,21226,toner,2026-03-24T21:53:18,1,Synthetic / Demo Data,2026-03-24T00:00:00
3823,2825,25,21245,toner,2026-04-11T23:15:08,1,Synthetic / Demo Data,2026-04-11T00:00:00
3824,2826,21,21250,cleansing,2026-02-17T16:12:50,1,Synthetic / Demo Data,2026-02-17T00:00:00
3825,2826,104,21252,spf,2026-02-17T10:35:02,1,Synthetic / Demo Data,2026-02-17T00:00:00
3826,2826,16,21260,cleansing,2026-02-27T01:38:27,1,Synthetic / Demo Data,2026-02-27T00:00:00
3827,2826,106,21262,spf,2026-02-27T02:05:08,1,Synthetic / Demo Data,2026-02-27T00:00:00
3828,2827,38,21274,toner,2026-02-16T08:43:03,1,Synthetic / Demo Data,2026-02-16T00:00:00
3829,2832,116,21281,spf,2026-04-08T12:41:06,1,Synthetic / Demo Data,2026-04-08T00:00:00
3830,2832,12,21282,cleansing,2026-04-08T13:27:17,1,Synthetic / Demo Data,2026-04-08T00:00:00
3831,2833,10,21284,cleansing,2026-07-27T17:29:09,1,Synthetic / Demo Data,2026-07-27T00:00:00
3832,2833,49,21285,active,2026-07-27T18:49:47,1,Synthetic / Demo Data,2026-07-27T00:00:00
3833,2833,44,21290,toner,2026-07-28T12:12:11,1,Synthetic / Demo Data,2026-07-28T00:00:00
3834,2833,106,21291,spf,2026-07-28T08:59:01,1,Synthetic / Demo Data,2026-07-28T00:00:00
3835,2834,1,21296,cleansing,2026-04-27T03:54:17,1,Synthetic / Demo Data,2026-04-27T00:00:00
3836,2834,12,21297,cleansing,2026-04-27T00:06:14,1,Synthetic / Demo Data,2026-04-27T00:00:00
3837,2834,114,21300,spf,2026-04-26T22:39:35,1,Synthetic / Demo Data,2026-04-26T00:00:00
3838,2834,112,21301,spf,2026-05-05T06:14:15,1,Synthetic / Demo Data,2026-05-05T00:00:00
3839,2834,40,21302,toner,2026-05-05T09:32:16,1,Synthetic / Demo Data,2026-05-05T00:00:00
3840,2837,94,21317,moisturizer,2026-05-25T22:36:52,1,Synthetic / Demo Data,2026-05-25T00:00:00
3841,2837,76,21321,moisturizer,2026-05-25T20:43:41,1,Synthetic / Demo Data,2026-05-25T00:00:00
3842,2839,4,21324,cleansing,2026-07-09T02:15:12,1,Synthetic / Demo Data,2026-07-09T00:00:00
3843,2839,50,21327,active,2026-07-19T05:56:52,1,Synthetic / Demo Data,2026-07-19T00:00:00
3844,2839,19,21328,cleansing,2026-07-19T07:05:21,1,Synthetic / Demo Data,2026-07-19T00:00:00
3845,2841,16,21334,cleansing,2026-04-20T20:38:07,1,Synthetic / Demo Data,2026-04-20T00:00:00
3846,2841,34,21335,toner,2026-04-20T19:43:52,1,Synthetic / Demo Data,2026-04-20T00:00:00
3847,2841,82,21340,moisturizer,2026-04-25T20:57:10,1,Synthetic / Demo Data,2026-04-25T00:00:00
3848,2843,79,21343,moisturizer,2026-08-01T05:50:44,1,Synthetic / Demo Data,2026-08-01T00:00:00
3849,2845,61,21354,active,2026-02-04T14:19:44,1,Synthetic / Demo Data,2026-02-04T00:00:00
3850,2845,55,21355,active,2026-02-04T14:37:18,0,Synthetic / Demo Data,2026-02-04T00:00:00
3851,2846,24,21363,cleansing,2026-04-10T11:30:01,1,Synthetic / Demo Data,2026-04-10T00:00:00
3852,2846,51,21366,active,2026-04-21T09:37:17,0,Synthetic / Demo Data,2026-04-21T00:00:00
3853,2847,96,21369,moisturizer,2026-05-16T12:38:12,1,Synthetic / Demo Data,2026-05-16T00:00:00
3854,2847,112,21372,spf,2026-05-16T12:56:27,1,Synthetic / Demo Data,2026-05-16T00:00:00
3855,2847,116,21373,spf,2026-05-16T13:37:48,0,Synthetic / Demo Data,2026-05-16T00:00:00
3856,2847,21,21375,cleansing,2026-05-30T17:17:39,1,Synthetic / Demo Data,2026-05-30T00:00:00
3857,2848,2,21388,cleansing,2026-09-09T14:32:23,1,Synthetic / Demo Data,2026-09-09T00:00:00
3858,2848,64,21391,active,2026-09-09T13:26:49,1,Synthetic / Demo Data,2026-09-09T00:00:00
3859,2850,69,21394,active,2026-06-23T11:33:40,1,Synthetic / Demo Data,2026-06-23T00:00:00
3860,2850,24,21397,cleansing,2026-06-23T10:26:32,1,Synthetic / Demo Data,2026-06-23T00:00:00
3861,2850,13,21403,cleansing,2026-06-24T12:52:34,1,Synthetic / Demo Data,2026-06-24T00:00:00
3862,2851,54,21410,active,2026-05-19T11:07:04,1,Synthetic / Demo Data,2026-05-19T00:00:00
3863,2851,106,21411,spf,2026-05-19T13:07:51,0,Synthetic / Demo Data,2026-05-19T00:00:00
3864,2851,116,21415,spf,2026-06-01T23:46:24,1,Synthetic / Demo Data,2026-06-01T00:00:00
3865,2852,77,21421,moisturizer,2026-04-06T09:01:13,0,Synthetic / Demo Data,2026-04-06T00:00:00
3866,2852,84,21422,moisturizer,2026-04-16T12:09:05,1,Synthetic / Demo Data,2026-04-16T00:00:00
3867,2852,113,21423,spf,2026-04-16T14:20:17,1,Synthetic / Demo Data,2026-04-16T00:00:00
3868,2852,116,21424,spf,2026-04-16T16:00:32,1,Synthetic / Demo Data,2026-04-16T00:00:00
3869,2856,62,21442,active,2026-05-06T11:05:48,1,Synthetic / Demo Data,2026-05-06T00:00:00
3870,2856,51,21448,active,2026-05-09T02:45:41,1,Synthetic / Demo Data,2026-05-09T00:00:00
3871,2857,40,21462,toner,2026-02-26T02:38:07,1,Synthetic / Demo Data,2026-02-26T00:00:00
3872,2858,21,21468,cleansing,2026-01-10T03:31:07,1,Synthetic / Demo Data,2026-01-10T00:00:00
3873,2858,1,21469,cleansing,2026-01-10T00:24:40,1,Synthetic / Demo Data,2026-01-10T00:00:00
3874,2858,27,21471,toner,2026-01-10T11:59:50,1,Synthetic / Demo Data,2026-01-10T00:00:00
3875,2858,83,21475,moisturizer,2026-01-10T09:53:38,1,Synthetic / Demo Data,2026-01-10T00:00:00
3876,2860,112,21483,spf,2026-05-30T06:06:40,1,Synthetic / Demo Data,2026-05-30T00:00:00
3877,2861,93,21488,moisturizer,2026-05-01T00:01:06,1,Synthetic / Demo Data,2026-05-01T00:00:00
3878,2861,21,21489,cleansing,2026-05-03T02:33:31,1,Synthetic / Demo Data,2026-05-03T00:00:00
3879,2861,110,21491,spf,2026-05-03T01:38:46,1,Synthetic / Demo Data,2026-05-03T00:00:00
3880,2861,111,21497,spf,2026-05-16T14:38:10,1,Synthetic / Demo Data,2026-05-16T00:00:00
3881,2862,17,21499,cleansing,2026-03-20T12:56:46,1,Synthetic / Demo Data,2026-03-20T00:00:00
3882,2862,116,21503,spf,2026-03-20T14:20:11,1,Synthetic / Demo Data,2026-03-20T00:00:00
3883,2864,97,21526,spf,2026-02-20T17:06:40,1,Synthetic / Demo Data,2026-02-20T00:00:00
3884,2866,110,21528,spf,2026-09-02T15:49:14,1,Synthetic / Demo Data,2026-09-02T00:00:00
3885,2866,75,21529,moisturizer,2026-09-02T11:36:22,1,Synthetic / Demo Data,2026-09-02T00:00:00
3886,2866,34,21532,toner,2026-09-03T15:14:52,0,Synthetic / Demo Data,2026-09-03T00:00:00
3887,2866,56,21535,active,2026-09-03T16:40:15,1,Synthetic / Demo Data,2026-09-03T00:00:00
3888,2866,92,21538,moisturizer,2026-09-07T23:40:04,0,Synthetic / Demo Data,2026-09-07T00:00:00
3889,2866,1,21542,cleansing,2026-09-09T17:44:01,0,Synthetic / Demo Data,2026-09-09T00:00:00
3890,2866,21,21543,cleansing,2026-09-09T15:59:16,1,Synthetic / Demo Data,2026-09-09T00:00:00
3891,2868,1,21553,cleansing,2026-06-19T15:30:36,1,Synthetic / Demo Data,2026-06-19T00:00:00
3892,2870,51,21562,active,2026-01-30T23:48:38,1,Synthetic / Demo Data,2026-01-30T00:00:00
3893,2871,109,21580,spf,2026-06-11T08:10:10,1,Synthetic / Demo Data,2026-06-11T00:00:00
3894,2871,75,21584,moisturizer,2026-06-15T12:15:21,0,Synthetic / Demo Data,2026-06-15T00:00:00
3895,2871,63,21585,active,2026-06-15T16:38:32,1,Synthetic / Demo Data,2026-06-15T00:00:00
3896,2871,21,21587,cleansing,2026-06-17T01:54:20,1,Synthetic / Demo Data,2026-06-17T00:00:00
3897,2872,112,21589,spf,2026-06-19T20:35:44,1,Synthetic / Demo Data,2026-06-19T00:00:00
3898,2876,113,21618,spf,2026-04-14T17:36:52,1,Synthetic / Demo Data,2026-04-14T00:00:00
3899,2876,11,21621,cleansing,2026-04-22T08:33:01,1,Synthetic / Demo Data,2026-04-22T00:00:00
3900,2878,116,21636,spf,2026-03-21T19:33:49,1,Synthetic / Demo Data,2026-03-21T00:00:00
3901,2878,12,21637,cleansing,2026-03-21T14:14:36,1,Synthetic / Demo Data,2026-03-21T00:00:00
3902,2882,14,21659,cleansing,2026-05-11T16:46:48,1,Synthetic / Demo Data,2026-05-11T00:00:00
3903,2882,118,21660,spf,2026-05-11T16:37:39,1,Synthetic / Demo Data,2026-05-11T00:00:00
3904,2885,14,21664,cleansing,2026-04-06T00:22:38,1,Synthetic / Demo Data,2026-04-06T00:00:00
3905,2885,21,21666,cleansing,2026-04-05T20:52:57,1,Synthetic / Demo Data,2026-04-05T00:00:00
3906,2888,57,21672,active,2026-06-12T05:38:33,1,Synthetic / Demo Data,2026-06-12T00:00:00
3907,2889,77,21679,moisturizer,2026-01-23T23:29:14,1,Synthetic / Demo Data,2026-01-23T00:00:00
3908,2891,74,21697,moisturizer,2026-08-13T12:54:12,1,Synthetic / Demo Data,2026-08-13T00:00:00
3909,2892,104,21710,spf,2026-03-23T00:29:37,0,Synthetic / Demo Data,2026-03-23T00:00:00
3910,2894,66,21716,active,2026-08-08T13:06:34,0,Synthetic / Demo Data,2026-08-08T00:00:00
3911,2895,55,21723,active,2026-02-19T01:11:35,1,Synthetic / Demo Data,2026-02-19T00:00:00
3912,2895,34,21726,toner,2026-02-19T01:15:39,1,Synthetic / Demo Data,2026-02-19T00:00:00
3913,2900,58,21737,active,2026-03-18T20:17:57,1,Synthetic / Demo Data,2026-03-18T00:00:00
3914,2901,60,21752,active,2026-07-10T05:26:53,1,Synthetic / Demo Data,2026-07-10T00:00:00
3915,2902,2,21759,cleansing,2026-09-02T19:22:16,1,Synthetic / Demo Data,2026-09-02T00:00:00
3916,2905,67,21795,active,2026-04-21T13:22:26,1,Synthetic / Demo Data,2026-04-21T00:00:00
3917,2905,112,21798,spf,2026-04-21T16:41:04,1,Synthetic / Demo Data,2026-04-21T00:00:00
3918,2905,27,21799,toner,2026-05-05T16:25:41,1,Synthetic / Demo Data,2026-05-05T00:00:00
3919,2906,82,21803,moisturizer,2026-06-06T14:10:06,0,Synthetic / Demo Data,2026-06-06T00:00:00
3920,2906,38,21809,toner,2026-06-14T09:51:47,1,Synthetic / Demo Data,2026-06-14T00:00:00
3921,2908,70,21824,active,2026-06-06T22:27:43,1,Synthetic / Demo Data,2026-06-06T00:00:00
3922,2908,40,21828,toner,2026-06-09T17:53:50,1,Synthetic / Demo Data,2026-06-09T00:00:00
3923,2909,116,21837,spf,2026-07-22T19:34:34,1,Synthetic / Demo Data,2026-07-22T00:00:00
3924,2909,96,21839,moisturizer,2026-07-22T17:23:11,1,Synthetic / Demo Data,2026-07-22T00:00:00
3925,2909,81,21842,moisturizer,2026-08-04T14:13:51,1,Synthetic / Demo Data,2026-08-04T00:00:00
3926,2910,113,21846,spf,2026-03-04T13:27:39,1,Synthetic / Demo Data,2026-03-04T00:00:00
3927,2910,24,21847,cleansing,2026-03-04T12:40:50,1,Synthetic / Demo Data,2026-03-04T00:00:00
3928,2910,116,21853,spf,2026-03-08T10:45:45,1,Synthetic / Demo Data,2026-03-08T00:00:00
3929,2910,106,21856,spf,2026-03-08T08:36:29,1,Synthetic / Demo Data,2026-03-08T00:00:00
3930,2911,4,21860,cleansing,2026-09-02T00:25:21,1,Synthetic / Demo Data,2026-09-02T00:00:00
3931,2913,12,21874,cleansing,2026-02-09T14:15:09,1,Synthetic / Demo Data,2026-02-09T00:00:00
3932,2913,82,21879,moisturizer,2026-02-13T19:00:55,1,Synthetic / Demo Data,2026-02-13T00:00:00
3933,2913,56,21881,active,2026-02-13T16:47:01,1,Synthetic / Demo Data,2026-02-13T00:00:00
3934,2914,51,21883,active,2026-07-29T15:03:19,1,Synthetic / Demo Data,2026-07-29T00:00:00
3935,2914,7,21886,cleansing,2026-07-29T16:04:55,1,Synthetic / Demo Data,2026-07-29T00:00:00
3936,2914,21,21887,cleansing,2026-08-03T20:14:01,1,Synthetic / Demo Data,2026-08-03T00:00:00
3937,2914,39,21891,toner,2026-08-03T22:04:03,1,Synthetic / Demo Data,2026-08-03T00:00:00
3938,2914,106,21895,spf,2026-08-04T09:26:39,0,Synthetic / Demo Data,2026-08-04T00:00:00
3939,2914,77,21898,moisturizer,2026-08-13T00:27:08,1,Synthetic / Demo Data,2026-08-13T00:00:00
3940,2915,81,21904,moisturizer,2026-03-03T10:20:31,1,Synthetic / Demo Data,2026-03-03T00:00:00
3941,2916,14,21912,cleansing,2026-02-20T07:24:12,1,Synthetic / Demo Data,2026-02-20T00:00:00
3942,2919,9,21928,cleansing,2026-03-11T18:38:28,0,Synthetic / Demo Data,2026-03-11T00:00:00
3943,2919,21,21930,cleansing,2026-03-11T13:34:57,1,Synthetic / Demo Data,2026-03-11T00:00:00
3944,2919,77,21932,moisturizer,2026-03-11T16:44:12,1,Synthetic / Demo Data,2026-03-11T00:00:00
3945,2922,37,21956,toner,2026-06-03T03:49:46,1,Synthetic / Demo Data,2026-06-03T00:00:00
3946,2924,86,21978,moisturizer,2026-05-31T09:13:35,1,Synthetic / Demo Data,2026-05-31T00:00:00
3947,2924,82,21982,moisturizer,2026-05-31T13:14:34,1,Synthetic / Demo Data,2026-05-31T00:00:00
3948,2925,17,21984,cleansing,2026-05-20T05:57:02,1,Synthetic / Demo Data,2026-05-20T00:00:00
3949,2925,106,21987,spf,2026-05-20T07:09:45,1,Synthetic / Demo Data,2026-05-20T00:00:00
3950,2926,55,21993,active,2026-03-18T03:45:13,1,Synthetic / Demo Data,2026-03-18T00:00:00
3951,2926,111,21995,spf,2026-03-18T01:30:52,1,Synthetic / Demo Data,2026-03-18T00:00:00
3952,2926,12,21996,cleansing,2026-03-18T03:35:04,1,Synthetic / Demo Data,2026-03-18T00:00:00
3953,2926,118,21999,spf,2026-03-22T14:50:36,1,Synthetic / Demo Data,2026-03-22T00:00:00
3954,2926,97,22002,spf,2026-04-02T01:29:16,1,Synthetic / Demo Data,2026-04-02T00:00:00
3955,2926,30,22005,toner,2026-04-01T23:30:02,1,Synthetic / Demo Data,2026-04-01T00:00:00
3956,2927,27,22012,toner,2026-07-07T18:56:19,1,Synthetic / Demo Data,2026-07-07T00:00:00
3957,2930,70,22023,active,2026-02-25T16:02:26,1,Synthetic / Demo Data,2026-02-25T00:00:00
3958,2930,14,22024,cleansing,2026-02-25T17:06:54,1,Synthetic / Demo Data,2026-02-25T00:00:00
3959,2930,82,22029,moisturizer,2026-03-18T00:10:24,1,Synthetic / Demo Data,2026-03-18T00:00:00
3960,2931,4,22031,cleansing,2026-03-14T21:33:05,0,Synthetic / Demo Data,2026-03-14T00:00:00
3961,2931,106,22035,spf,2026-03-17T18:30:38,1,Synthetic / Demo Data,2026-03-17T00:00:00
3962,2931,116,22040,spf,2026-03-30T08:32:41,1,Synthetic / Demo Data,2026-03-30T00:00:00
3963,2931,22,22044,cleansing,2026-03-30T07:11:06,1,Synthetic / Demo Data,2026-03-30T00:00:00
3964,2932,112,22049,spf,2026-03-10T16:22:03,1,Synthetic / Demo Data,2026-03-10T00:00:00
3965,2933,21,22053,cleansing,2026-06-25T09:05:27,1,Synthetic / Demo Data,2026-06-25T00:00:00
3966,2933,45,22054,toner,2026-06-25T07:28:23,1,Synthetic / Demo Data,2026-06-25T00:00:00
3967,2933,14,22059,cleansing,2026-07-08T02:03:34,0,Synthetic / Demo Data,2026-07-08T00:00:00
3968,2934,9,22064,cleansing,2026-03-18T23:32:52,1,Synthetic / Demo Data,2026-03-18T00:00:00
3969,2934,45,22065,toner,2026-03-18T20:40:39,1,Synthetic / Demo Data,2026-03-18T00:00:00
3970,2935,76,22073,moisturizer,2026-04-26T19:40:02,1,Synthetic / Demo Data,2026-04-26T00:00:00
3971,2936,94,22084,moisturizer,2026-05-19T23:16:13,1,Synthetic / Demo Data,2026-05-19T00:00:00
3972,2936,75,22086,moisturizer,2026-05-19T23:59:06,0,Synthetic / Demo Data,2026-05-19T00:00:00
3973,2936,90,22087,moisturizer,2026-05-19T22:36:16,1,Synthetic / Demo Data,2026-05-19T00:00:00
3974,2938,116,22103,spf,2026-08-26T06:30:46,1,Synthetic / Demo Data,2026-08-26T00:00:00
3975,2940,34,22113,toner,2026-02-05T23:19:53,1,Synthetic / Demo Data,2026-02-05T00:00:00
3976,2943,104,22123,spf,2026-09-02T03:10:07,1,Synthetic / Demo Data,2026-09-02T00:00:00
3977,2944,92,22136,moisturizer,2026-06-15T18:11:45,1,Synthetic / Demo Data,2026-06-15T00:00:00
3978,2947,25,22153,toner,2026-06-03T18:14:48,1,Synthetic / Demo Data,2026-06-03T00:00:00
3979,2948,67,22165,active,2026-08-12T09:24:39,1,Synthetic / Demo Data,2026-08-12T00:00:00
3980,2950,48,22193,toner,2026-03-28T06:22:35,1,Synthetic / Demo Data,2026-03-28T00:00:00
3981,2951,84,22195,moisturizer,2026-08-21T15:00:54,1,Synthetic / Demo Data,2026-08-21T00:00:00
3982,2951,43,22196,toner,2026-08-21T13:44:35,1,Synthetic / Demo Data,2026-08-21T00:00:00
3983,2954,80,22203,moisturizer,2026-07-09T14:37:21,1,Synthetic / Demo Data,2026-07-09T00:00:00
3984,2954,32,22206,toner,2026-07-09T13:57:49,1,Synthetic / Demo Data,2026-07-09T00:00:00
3985,2954,21,22207,cleansing,2026-07-09T14:33:30,1,Synthetic / Demo Data,2026-07-09T00:00:00
3986,2954,67,22210,active,2026-07-10T22:40:24,1,Synthetic / Demo Data,2026-07-10T00:00:00
3987,2956,11,22216,cleansing,2026-04-24T17:45:36,1,Synthetic / Demo Data,2026-04-24T00:00:00
3988,2956,49,22222,active,2026-05-12T04:50:10,1,Synthetic / Demo Data,2026-05-12T00:00:00
3989,2958,77,22236,moisturizer,2026-05-03T12:42:08,1,Synthetic / Demo Data,2026-05-03T00:00:00
3990,2959,67,22243,active,2026-06-17T16:41:59,0,Synthetic / Demo Data,2026-06-17T00:00:00
3991,2960,17,22257,cleansing,2026-05-31T02:19:12,1,Synthetic / Demo Data,2026-05-31T00:00:00
3992,2960,30,22260,toner,2026-06-13T02:33:23,1,Synthetic / Demo Data,2026-06-13T00:00:00
3993,2962,14,22268,cleansing,2026-07-31T02:47:35,1,Synthetic / Demo Data,2026-07-31T00:00:00
3994,2963,82,22271,moisturizer,2026-03-30T03:50:27,1,Synthetic / Demo Data,2026-03-30T00:00:00
3995,2963,32,22276,toner,2026-04-01T02:27:35,1,Synthetic / Demo Data,2026-04-01T00:00:00
3996,2967,5,22298,cleansing,2026-02-17T14:45:19,1,Synthetic / Demo Data,2026-02-17T00:00:00
3997,2970,69,22324,active,2026-04-12T23:02:20,1,Synthetic / Demo Data,2026-04-12T00:00:00
3998,2970,86,22325,moisturizer,2026-04-12T18:24:41,1,Synthetic / Demo Data,2026-04-12T00:00:00
3999,2970,1,22328,cleansing,2026-04-17T05:42:51,1,Synthetic / Demo Data,2026-04-17T00:00:00
4000,2970,108,22331,spf,2026-04-17T05:17:59,1,Synthetic / Demo Data,2026-04-17T00:00:00
4001,2975,28,22342,toner,2026-06-02T00:01:54,1,Synthetic / Demo Data,2026-06-02T00:00:00
4002,2979,17,22368,cleansing,2026-07-27T21:36:50,1,Synthetic / Demo Data,2026-07-27T00:00:00
4003,2981,46,22375,toner,2026-05-13T14:18:28,1,Synthetic / Demo Data,2026-05-13T00:00:00
4004,2983,116,22385,spf,2026-07-02T00:30:34,1,Synthetic / Demo Data,2026-07-02T00:00:00
4005,2985,86,22394,moisturizer,2026-02-12T14:59:44,1,Synthetic / Demo Data,2026-02-12T00:00:00
4006,2985,92,22395,moisturizer,2026-02-12T13:14:21,1,Synthetic / Demo Data,2026-02-12T00:00:00
4007,2985,116,22400,spf,2026-02-14T13:54:14,1,Synthetic / Demo Data,2026-02-14T00:00:00
4008,2986,111,22403,spf,2026-07-13T08:45:02,1,Synthetic / Demo Data,2026-07-13T00:00:00
4009,2986,53,22406,active,2026-07-13T14:44:54,1,Synthetic / Demo Data,2026-07-13T00:00:00
4010,2986,79,22407,moisturizer,2026-07-23T20:42:04,0,Synthetic / Demo Data,2026-07-23T00:00:00
4011,2986,109,22409,spf,2026-07-23T21:38:47,1,Synthetic / Demo Data,2026-07-23T00:00:00
4012,2987,82,22420,moisturizer,2026-04-11T03:43:03,1,Synthetic / Demo Data,2026-04-11T00:00:00
4013,2987,11,22422,cleansing,2026-04-11T08:47:42,1,Synthetic / Demo Data,2026-04-11T00:00:00
4014,2988,11,22435,cleansing,2026-05-02T01:58:27,1,Synthetic / Demo Data,2026-05-02T00:00:00
4015,2989,112,22438,spf,2026-02-02T16:37:17,1,Synthetic / Demo Data,2026-02-02T00:00:00
4016,2989,97,22442,spf,2026-02-07T14:00:48,1,Synthetic / Demo Data,2026-02-07T00:00:00
4017,2991,31,22446,toner,2026-03-17T18:22:22,1,Synthetic / Demo Data,2026-03-17T00:00:00
4018,2992,18,22458,cleansing,2026-06-20T13:57:04,1,Synthetic / Demo Data,2026-06-20T00:00:00
4019,2993,90,22473,moisturizer,2026-06-23T07:33:26,1,Synthetic / Demo Data,2026-06-23T00:00:00
4020,2993,82,22478,moisturizer,2026-06-23T21:15:55,1,Synthetic / Demo Data,2026-06-23T00:00:00
4021,2993,43,22480,toner,2026-06-23T19:49:15,1,Synthetic / Demo Data,2026-06-23T00:00:00
4022,2994,96,22482,moisturizer,2026-05-02T11:10:56,1,Synthetic / Demo Data,2026-05-02T00:00:00
4023,2995,36,22490,toner,2026-06-17T06:32:35,0,Synthetic / Demo Data,2026-06-17T00:00:00
4024,2995,100,22494,spf,2026-06-29T23:24:14,1,Synthetic / Demo Data,2026-06-29T00:00:00
4025,2995,80,22495,moisturizer,2026-06-29T23:55:27,1,Synthetic / Demo Data,2026-06-29T00:00:00
4026,2998,81,22507,moisturizer,2026-08-26T04:16:25,1,Synthetic / Demo Data,2026-08-26T00:00:00
4027,2998,27,22509,toner,2026-08-27T15:31:56,1,Synthetic / Demo Data,2026-08-27T00:00:00
4028,2998,110,22510,spf,2026-08-27T12:39:15,1,Synthetic / Demo Data,2026-08-27T00:00:00
4029,2999,94,22519,moisturizer,2026-03-03T08:16:19,1,Synthetic / Demo Data,2026-03-03T00:00:00
4030,3002,97,22545,spf,2026-05-15T04:40:23,1,Synthetic / Demo Data,2026-05-15T00:00:00
4031,3002,40,22552,toner,2026-05-17T16:58:08,1,Synthetic / Demo Data,2026-05-17T00:00:00
4032,3002,106,22554,spf,2026-05-29T06:46:25,1,Synthetic / Demo Data,2026-05-29T00:00:00
4033,3003,27,22564,toner,2026-03-17T13:14:44,1,Synthetic / Demo Data,2026-03-17T00:00:00
4034,3004,21,22567,cleansing,2026-03-27T22:36:07,1,Synthetic / Demo Data,2026-03-27T00:00:00
4035,3004,112,22568,spf,2026-03-28T02:51:47,1,Synthetic / Demo Data,2026-03-28T00:00:00
4036,3006,14,22581,cleansing,2026-08-13T21:35:34,1,Synthetic / Demo Data,2026-08-13T00:00:00
4037,3007,66,22591,active,2026-05-01T06:47:45,1,Synthetic / Demo Data,2026-05-01T00:00:00
4038,3014,92,22607,moisturizer,2026-03-26T10:58:21,1,Synthetic / Demo Data,2026-03-26T00:00:00
4039,3014,79,22608,moisturizer,2026-03-26T10:18:53,1,Synthetic / Demo Data,2026-03-26T00:00:00
4040,3014,17,22610,cleansing,2026-03-26T10:21:02,1,Synthetic / Demo Data,2026-03-26T00:00:00
4041,3014,110,22613,spf,2026-03-29T19:21:41,1,Synthetic / Demo Data,2026-03-29T00:00:00
4042,3014,85,22616,moisturizer,2026-03-29T18:41:06,1,Synthetic / Demo Data,2026-03-29T00:00:00
4043,3015,61,22622,active,2026-01-20T07:32:31,1,Synthetic / Demo Data,2026-01-20T00:00:00
4044,3015,45,22626,toner,2026-02-10T07:53:40,1,Synthetic / Demo Data,2026-02-10T00:00:00
4045,3015,16,22627,cleansing,2026-02-10T06:49:30,1,Synthetic / Demo Data,2026-02-10T00:00:00
4046,3016,34,22635,toner,2026-06-14T14:35:13,1,Synthetic / Demo Data,2026-06-14T00:00:00
4047,3017,77,22645,moisturizer,2026-02-12T01:00:15,1,Synthetic / Demo Data,2026-02-12T00:00:00
4048,3018,17,22648,cleansing,2026-02-25T00:38:18,1,Synthetic / Demo Data,2026-02-25T00:00:00
4049,3018,21,22657,cleansing,2026-02-25T01:28:05,1,Synthetic / Demo Data,2026-02-25T00:00:00
4050,3019,6,22662,cleansing,2026-01-25T20:29:04,1,Synthetic / Demo Data,2026-01-25T00:00:00
4051,3021,34,22670,toner,2026-09-04T00:05:05,0,Synthetic / Demo Data,2026-09-04T00:00:00
4052,3021,82,22674,moisturizer,2026-09-08T18:21:10,1,Synthetic / Demo Data,2026-09-08T00:00:00
4053,3022,17,22680,cleansing,2026-08-22T02:03:44,1,Synthetic / Demo Data,2026-08-22T00:00:00
4054,3022,42,22688,toner,2026-09-04T18:14:56,1,Synthetic / Demo Data,2026-09-04T00:00:00
4055,3022,73,22690,moisturizer,2026-09-08T06:08:50,1,Synthetic / Demo Data,2026-09-08T00:00:00
4056,3022,1,22691,cleansing,2026-09-08T05:33:43,1,Synthetic / Demo Data,2026-09-08T00:00:00
4057,3023,1,22694,cleansing,2026-06-03T22:19:52,1,Synthetic / Demo Data,2026-06-03T00:00:00
4058,3025,74,22710,moisturizer,2026-03-23T06:24:18,1,Synthetic / Demo Data,2026-03-23T00:00:00
4059,3027,43,22728,toner,2026-01-30T04:35:39,1,Synthetic / Demo Data,2026-01-30T00:00:00
4060,3027,39,22731,toner,2026-01-30T01:58:03,1,Synthetic / Demo Data,2026-01-30T00:00:00
4061,3028,1,22734,cleansing,2026-08-07T16:29:21,1,Synthetic / Demo Data,2026-08-07T00:00:00
4062,3028,113,22735,spf,2026-08-07T15:27:09,1,Synthetic / Demo Data,2026-08-07T00:00:00
4063,3028,10,22742,cleansing,2026-08-08T02:35:46,1,Synthetic / Demo Data,2026-08-08T00:00:00
4064,3030,76,22754,moisturizer,2026-08-21T09:43:49,1,Synthetic / Demo Data,2026-08-21T00:00:00
4065,3030,70,22757,active,2026-08-30T14:55:53,1,Synthetic / Demo Data,2026-08-30T00:00:00
4066,3031,113,22760,spf,2026-02-22T12:24:39,1,Synthetic / Demo Data,2026-02-22T00:00:00
4067,3031,77,22768,moisturizer,2026-03-15T14:01:12,1,Synthetic / Demo Data,2026-03-15T00:00:00
4068,3032,45,22770,toner,2026-02-23T07:45:07,1,Synthetic / Demo Data,2026-02-23T00:00:00
4069,3032,92,22773,moisturizer,2026-02-23T04:55:38,1,Synthetic / Demo Data,2026-02-23T00:00:00
4070,3032,103,22774,spf,2026-02-24T23:05:06,1,Synthetic / Demo Data,2026-02-24T00:00:00
4071,3034,21,22791,cleansing,2026-01-22T10:57:49,1,Synthetic / Demo Data,2026-01-22T00:00:00
4072,3034,112,22794,spf,2026-02-03T13:29:48,1,Synthetic / Demo Data,2026-02-03T00:00:00
4073,3035,21,22798,cleansing,2026-04-24T23:36:12,1,Synthetic / Demo Data,2026-04-24T00:00:00
4074,3036,13,22804,cleansing,2026-05-18T00:49:47,1,Synthetic / Demo Data,2026-05-18T00:00:00
4075,3036,76,22805,moisturizer,2026-05-18T03:55:49,1,Synthetic / Demo Data,2026-05-18T00:00:00
4076,3036,24,22809,cleansing,2026-05-18T19:00:11,0,Synthetic / Demo Data,2026-05-18T00:00:00
4077,3036,14,22814,cleansing,2026-05-25T07:10:24,1,Synthetic / Demo Data,2026-05-25T00:00:00
4078,3037,17,22818,cleansing,2026-03-20T10:21:12,1,Synthetic / Demo Data,2026-03-20T00:00:00
4079,3038,116,22830,spf,2026-02-02T07:26:24,1,Synthetic / Demo Data,2026-02-02T00:00:00
4080,3039,48,22836,toner,2026-07-26T04:43:31,0,Synthetic / Demo Data,2026-07-26T00:00:00
4081,3039,112,22840,spf,2026-07-27T13:07:23,1,Synthetic / Demo Data,2026-07-27T00:00:00
4082,3041,67,22847,active,2026-07-22T16:07:43,1,Synthetic / Demo Data,2026-07-22T00:00:00
4083,3041,36,22851,toner,2026-07-22T15:15:24,1,Synthetic / Demo Data,2026-07-22T00:00:00
4084,3042,21,22858,cleansing,2026-07-26T01:59:21,1,Synthetic / Demo Data,2026-07-26T00:00:00
4085,3042,70,22860,active,2026-08-01T18:55:08,0,Synthetic / Demo Data,2026-08-01T00:00:00
4086,3042,113,22863,spf,2026-08-01T23:36:16,1,Synthetic / Demo Data,2026-08-01T00:00:00
4087,3045,76,22867,moisturizer,2026-03-09T22:50:56,1,Synthetic / Demo Data,2026-03-09T00:00:00
4088,3045,82,22870,moisturizer,2026-03-15T13:17:28,1,Synthetic / Demo Data,2026-03-15T00:00:00
4089,3046,61,22875,active,2026-06-04T23:50:43,1,Synthetic / Demo Data,2026-06-04T00:00:00
4090,3046,27,22876,toner,2026-06-05T04:48:45,0,Synthetic / Demo Data,2026-06-05T00:00:00
4091,3046,6,22879,cleansing,2026-06-26T02:58:00,1,Synthetic / Demo Data,2026-06-26T00:00:00
4092,3047,114,22883,spf,2026-03-10T11:29:06,1,Synthetic / Demo Data,2026-03-10T00:00:00
4093,3047,43,22886,toner,2026-03-10T10:28:51,1,Synthetic / Demo Data,2026-03-10T00:00:00
4094,3047,79,22888,moisturizer,2026-03-27T14:00:06,1,Synthetic / Demo Data,2026-03-27T00:00:00
4095,3048,7,22891,cleansing,2026-06-24T06:11:12,1,Synthetic / Demo Data,2026-06-24T00:00:00
4096,3048,16,22893,cleansing,2026-06-24T02:24:13,1,Synthetic / Demo Data,2026-06-24T00:00:00
4097,3048,113,22901,spf,2026-07-01T05:48:04,1,Synthetic / Demo Data,2026-07-01T00:00:00
4098,3048,12,22902,cleansing,2026-07-01T01:02:43,1,Synthetic / Demo Data,2026-07-01T00:00:00
4099,3050,22,22905,cleansing,2026-02-15T12:03:12,1,Synthetic / Demo Data,2026-02-15T00:00:00
4100,3050,14,22912,cleansing,2026-02-18T08:39:36,1,Synthetic / Demo Data,2026-02-18T00:00:00
4101,3050,112,22913,spf,2026-02-26T09:30:00,1,Synthetic / Demo Data,2026-02-26T00:00:00
4102,3050,82,22914,moisturizer,2026-02-26T08:22:52,1,Synthetic / Demo Data,2026-02-26T00:00:00
4103,3053,114,22933,spf,2026-01-18T03:35:00,0,Synthetic / Demo Data,2026-01-18T00:00:00
4104,3053,35,22934,toner,2026-01-29T02:56:54,1,Synthetic / Demo Data,2026-01-29T00:00:00
4105,3056,17,22948,cleansing,2026-06-06T13:34:57,1,Synthetic / Demo Data,2026-06-06T00:00:00
4106,3056,4,22949,cleansing,2026-06-06T16:12:01,1,Synthetic / Demo Data,2026-06-06T00:00:00
4107,3057,45,22956,toner,2026-02-11T15:14:23,1,Synthetic / Demo Data,2026-02-11T00:00:00
4108,3057,91,22958,moisturizer,2026-02-11T13:03:27,1,Synthetic / Demo Data,2026-02-11T00:00:00
4109,3057,34,22960,toner,2026-02-11T15:05:57,1,Synthetic / Demo Data,2026-02-11T00:00:00
4110,3057,106,22964,spf,2026-02-19T13:02:04,1,Synthetic / Demo Data,2026-02-19T00:00:00
4111,3057,65,22965,active,2026-02-19T13:24:11,1,Synthetic / Demo Data,2026-02-19T00:00:00
4112,3058,88,22966,moisturizer,2026-03-24T06:33:29,1,Synthetic / Demo Data,2026-03-24T00:00:00
4113,3058,3,22967,cleansing,2026-03-24T04:40:05,0,Synthetic / Demo Data,2026-03-24T00:00:00
4114,3058,107,22968,spf,2026-03-24T06:07:40,1,Synthetic / Demo Data,2026-03-24T00:00:00
4115,3058,45,22975,toner,2026-03-28T23:07:34,1,Synthetic / Demo Data,2026-03-28T00:00:00
4116,3060,48,22977,toner,2026-03-08T03:23:02,1,Synthetic / Demo Data,2026-03-08T00:00:00
4117,3062,31,22990,toner,2026-06-05T23:47:22,0,Synthetic / Demo Data,2026-06-05T00:00:00
4118,3063,116,23003,spf,2026-04-08T18:54:23,1,Synthetic / Demo Data,2026-04-08T00:00:00
4119,3064,112,23006,spf,2026-08-22T20:34:25,1,Synthetic / Demo Data,2026-08-22T00:00:00
4120,3066,90,23016,moisturizer,2026-02-20T21:35:17,1,Synthetic / Demo Data,2026-02-20T00:00:00
4121,3066,40,23017,toner,2026-02-20T18:08:00,0,Synthetic / Demo Data,2026-02-20T00:00:00
4122,3066,21,23018,cleansing,2026-02-20T20:52:09,1,Synthetic / Demo Data,2026-02-20T00:00:00
4123,3066,63,23019,active,2026-03-04T07:22:57,1,Synthetic / Demo Data,2026-03-04T00:00:00
4124,3066,31,23021,toner,2026-03-04T01:26:28,1,Synthetic / Demo Data,2026-03-04T00:00:00
4125,3067,105,23023,spf,2026-02-22T08:47:28,1,Synthetic / Demo Data,2026-02-22T00:00:00
4126,3067,55,23024,active,2026-02-22T07:55:43,1,Synthetic / Demo Data,2026-02-22T00:00:00
4127,3067,104,23029,spf,2026-02-22T14:32:08,1,Synthetic / Demo Data,2026-02-22T00:00:00
4128,3068,28,23036,toner,2026-08-12T21:29:40,1,Synthetic / Demo Data,2026-08-12T00:00:00
4129,3071,24,23075,cleansing,2026-06-29T09:52:39,1,Synthetic / Demo Data,2026-06-29T00:00:00
4130,3073,98,23076,spf,2026-06-08T01:07:00,0,Synthetic / Demo Data,2026-06-08T00:00:00
4131,3073,63,23083,active,2026-06-14T11:57:50,1,Synthetic / Demo Data,2026-06-14T00:00:00
4132,3074,19,23090,cleansing,2026-01-20T09:51:16,1,Synthetic / Demo Data,2026-01-20T00:00:00
4133,3074,105,23093,spf,2026-01-27T23:12:22,0,Synthetic / Demo Data,2026-01-27T00:00:00
4134,3077,17,23097,cleansing,2026-04-24T09:57:27,1,Synthetic / Demo Data,2026-04-24T00:00:00
4135,3077,1,23098,cleansing,2026-04-24T05:51:15,1,Synthetic / Demo Data,2026-04-24T00:00:00
4136,3077,21,23101,cleansing,2026-05-06T07:34:21,1,Synthetic / Demo Data,2026-05-06T00:00:00
4137,3077,80,23102,moisturizer,2026-05-06T11:04:36,1,Synthetic / Demo Data,2026-05-06T00:00:00
4138,3081,56,23125,active,2026-03-15T09:02:48,1,Synthetic / Demo Data,2026-03-15T00:00:00
4139,3081,24,23133,cleansing,2026-03-20T23:29:13,1,Synthetic / Demo Data,2026-03-20T00:00:00
4140,3083,82,23146,moisturizer,2026-05-22T06:00:08,1,Synthetic / Demo Data,2026-05-22T00:00:00
4141,3083,18,23149,cleansing,2026-05-30T22:00:44,1,Synthetic / Demo Data,2026-05-30T00:00:00
4142,3083,5,23151,cleansing,2026-05-30T22:27:46,1,Synthetic / Demo Data,2026-05-30T00:00:00
4143,3086,99,23156,spf,2026-07-21T09:44:48,1,Synthetic / Demo Data,2026-07-21T00:00:00
4144,3086,116,23157,spf,2026-07-22T18:39:37,1,Synthetic / Demo Data,2026-07-22T00:00:00
4145,3086,120,23161,spf,2026-07-22T23:07:56,1,Synthetic / Demo Data,2026-07-22T00:00:00
4146,3089,60,23167,active,2026-02-16T14:34:24,1,Synthetic / Demo Data,2026-02-16T00:00:00
4147,3090,112,23179,spf,2026-05-09T12:18:34,1,Synthetic / Demo Data,2026-05-09T00:00:00
4148,3091,66,23185,active,2026-06-13T16:52:13,1,Synthetic / Demo Data,2026-06-13T00:00:00
4149,3091,76,23187,moisturizer,2026-06-20T10:58:16,1,Synthetic / Demo Data,2026-06-20T00:00:00
4150,3093,74,23198,moisturizer,2026-05-14T03:07:50,1,Synthetic / Demo Data,2026-05-14T00:00:00
4151,3097,107,23220,spf,2026-02-02T00:13:22,1,Synthetic / Demo Data,2026-02-02T00:00:00
4152,3097,63,23227,active,2026-02-08T11:22:13,1,Synthetic / Demo Data,2026-02-08T00:00:00
4153,3099,19,23232,cleansing,2026-01-09T18:22:35,1,Synthetic / Demo Data,2026-01-09T00:00:00
4154,3099,84,23234,moisturizer,2026-01-09T13:36:29,1,Synthetic / Demo Data,2026-01-09T00:00:00
4155,3100,70,23237,active,2026-08-29T00:39:26,1,Synthetic / Demo Data,2026-08-29T00:00:00
4156,3100,27,23238,toner,2026-08-28T19:01:55,0,Synthetic / Demo Data,2026-08-28T00:00:00
4157,3100,76,23243,moisturizer,2026-09-12T12:58:44,1,Synthetic / Demo Data,2026-09-12T00:00:00
4158,3100,103,23247,spf,2026-09-14T09:55:41,1,Synthetic / Demo Data,2026-09-14T00:00:00
4159,3102,82,23260,moisturizer,2026-01-12T09:48:46,1,Synthetic / Demo Data,2026-01-12T00:00:00
4160,3102,20,23266,cleansing,2026-01-26T15:48:24,1,Synthetic / Demo Data,2026-01-26T00:00:00
4161,3102,94,23269,moisturizer,2026-02-02T07:29:38,1,Synthetic / Demo Data,2026-02-02T00:00:00
4162,3102,35,23270,toner,2026-02-02T08:10:25,1,Synthetic / Demo Data,2026-02-02T00:00:00
4163,3104,94,23280,moisturizer,2026-08-18T12:24:32,1,Synthetic / Demo Data,2026-08-18T00:00:00
4164,3104,82,23282,moisturizer,2026-08-25T16:09:18,1,Synthetic / Demo Data,2026-08-25T00:00:00
4165,3106,17,23287,cleansing,2026-02-11T06:09:23,1,Synthetic / Demo Data,2026-02-11T00:00:00
4166,3106,51,23293,active,2026-02-15T12:22:54,1,Synthetic / Demo Data,2026-02-15T00:00:00
4167,3109,31,23300,toner,2026-02-13T13:25:50,1,Synthetic / Demo Data,2026-02-13T00:00:00
4168,3109,51,23302,active,2026-02-20T19:35:02,1,Synthetic / Demo Data,2026-02-20T00:00:00
4169,3114,66,23313,active,2026-02-05T19:21:41,1,Synthetic / Demo Data,2026-02-05T00:00:00
4170,3114,63,23317,active,2026-02-05T23:34:43,1,Synthetic / Demo Data,2026-02-05T00:00:00
4171,3114,34,23318,toner,2026-02-16T00:21:21,1,Synthetic / Demo Data,2026-02-16T00:00:00
4172,3114,56,23321,active,2026-02-15T22:56:34,1,Synthetic / Demo Data,2026-02-15T00:00:00
4173,3114,10,23323,cleansing,2026-02-17T22:00:55,1,Synthetic / Demo Data,2026-02-17T00:00:00
4174,3117,86,23341,moisturizer,2026-02-17T09:18:09,1,Synthetic / Demo Data,2026-02-17T00:00:00
4175,3117,36,23342,toner,2026-02-17T07:49:01,0,Synthetic / Demo Data,2026-02-17T00:00:00
4176,3117,87,23343,moisturizer,2026-02-17T16:47:49,1,Synthetic / Demo Data,2026-02-17T00:00:00
4177,3117,21,23345,cleansing,2026-02-17T14:23:37,0,Synthetic / Demo Data,2026-02-17T00:00:00
4178,3118,51,23346,active,2026-02-15T08:15:28,1,Synthetic / Demo Data,2026-02-15T00:00:00
4179,3118,54,23351,active,2026-02-28T06:25:53,1,Synthetic / Demo Data,2026-02-28T00:00:00
4180,3121,82,23358,moisturizer,2026-04-12T12:52:39,1,Synthetic / Demo Data,2026-04-12T00:00:00
4181,3121,39,23359,toner,2026-04-12T12:41:33,1,Synthetic / Demo Data,2026-04-12T00:00:00
4182,3122,106,23365,spf,2026-05-03T03:04:07,1,Synthetic / Demo Data,2026-05-03T00:00:00
4183,3122,116,23370,spf,2026-05-06T16:53:50,1,Synthetic / Demo Data,2026-05-06T00:00:00
4184,3123,56,23376,active,2026-07-13T00:28:32,1,Synthetic / Demo Data,2026-07-13T00:00:00
4185,3123,99,23377,spf,2026-07-12T16:30:34,1,Synthetic / Demo Data,2026-07-12T00:00:00
4186,3123,2,23381,cleansing,2026-07-19T06:50:34,1,Synthetic / Demo Data,2026-07-19T00:00:00
4187,3125,28,23388,toner,2026-05-05T06:30:29,1,Synthetic / Demo Data,2026-05-05T00:00:00
4188,3125,84,23391,moisturizer,2026-05-10T02:23:00,1,Synthetic / Demo Data,2026-05-10T00:00:00
4189,3125,82,23392,moisturizer,2026-05-10T00:24:43,1,Synthetic / Demo Data,2026-05-10T00:00:00
4190,3125,37,23393,toner,2026-05-09T23:14:00,1,Synthetic / Demo Data,2026-05-09T00:00:00
4191,3125,83,23397,moisturizer,2026-05-12T04:08:40,1,Synthetic / Demo Data,2026-05-12T00:00:00
4192,3127,99,23398,spf,2026-03-19T09:45:31,1,Synthetic / Demo Data,2026-03-19T00:00:00
4193,3127,31,23406,toner,2026-03-26T04:14:08,1,Synthetic / Demo Data,2026-03-26T00:00:00
4194,3128,99,23410,spf,2026-06-17T00:24:51,1,Synthetic / Demo Data,2026-06-17T00:00:00
4195,3128,55,23422,active,2026-07-04T04:38:28,1,Synthetic / Demo Data,2026-07-04T00:00:00
4196,3130,96,23441,moisturizer,2026-06-02T05:27:46,1,Synthetic / Demo Data,2026-06-02T00:00:00
4197,3132,80,23445,moisturizer,2026-03-23T18:42:33,1,Synthetic / Demo Data,2026-03-23T00:00:00
4198,3132,65,23448,active,2026-03-23T18:03:52,1,Synthetic / Demo Data,2026-03-23T00:00:00
4199,3132,103,23451,spf,2026-03-28T23:09:46,1,Synthetic / Demo Data,2026-03-28T00:00:00
4200,3132,70,23454,active,2026-04-07T03:15:03,0,Synthetic / Demo Data,2026-04-07T00:00:00
4201,3132,112,23455,spf,2026-04-07T02:21:47,1,Synthetic / Demo Data,2026-04-07T00:00:00
4202,3135,1,23461,cleansing,2026-03-02T05:59:11,1,Synthetic / Demo Data,2026-03-02T00:00:00
4203,3135,14,23462,cleansing,2026-03-02T07:37:50,0,Synthetic / Demo Data,2026-03-02T00:00:00
4204,3135,104,23469,spf,2026-03-22T05:09:17,1,Synthetic / Demo Data,2026-03-22T00:00:00
4205,3135,28,23470,toner,2026-03-22T04:38:41,1,Synthetic / Demo Data,2026-03-22T00:00:00
4206,3135,88,23472,moisturizer,2026-03-22T03:24:24,1,Synthetic / Demo Data,2026-03-22T00:00:00
4207,3139,63,23483,active,2026-06-14T09:35:14,1,Synthetic / Demo Data,2026-06-14T00:00:00
4208,3141,97,23491,spf,2026-01-26T18:53:24,1,Synthetic / Demo Data,2026-01-26T00:00:00
4209,3141,78,23493,moisturizer,2026-01-26T16:51:36,1,Synthetic / Demo Data,2026-01-26T00:00:00
4210,3145,66,23512,active,2026-01-31T15:23:49,1,Synthetic / Demo Data,2026-01-31T00:00:00
4211,3145,120,23516,spf,2026-01-31T17:20:03,1,Synthetic / Demo Data,2026-01-31T00:00:00
4212,3146,3,23524,cleansing,2026-08-16T16:27:46,1,Synthetic / Demo Data,2026-08-16T00:00:00
4213,3146,1,23525,cleansing,2026-08-16T20:17:53,1,Synthetic / Demo Data,2026-08-16T00:00:00
4214,3146,86,23527,moisturizer,2026-08-18T02:07:59,1,Synthetic / Demo Data,2026-08-18T00:00:00
4215,3146,40,23529,toner,2026-08-18T05:25:15,1,Synthetic / Demo Data,2026-08-18T00:00:00
4216,3146,66,23531,active,2026-09-05T16:49:30,1,Synthetic / Demo Data,2026-09-05T00:00:00
4217,3148,112,23532,spf,2026-01-17T16:31:37,1,Synthetic / Demo Data,2026-01-17T00:00:00
4218,3148,118,23539,spf,2026-01-26T01:39:32,1,Synthetic / Demo Data,2026-01-26T00:00:00
4219,3149,64,23546,active,2026-02-02T06:42:02,1,Synthetic / Demo Data,2026-02-02T00:00:00
4220,3149,74,23549,moisturizer,2026-02-02T12:03:03,1,Synthetic / Demo Data,2026-02-02T00:00:00
4221,3154,106,23577,spf,2026-02-10T12:39:48,1,Synthetic / Demo Data,2026-02-10T00:00:00
4222,3154,5,23578,cleansing,2026-02-10T15:19:29,1,Synthetic / Demo Data,2026-02-10T00:00:00
4223,3156,106,23582,spf,2026-06-13T17:36:03,1,Synthetic / Demo Data,2026-06-13T00:00:00
4224,3156,45,23585,toner,2026-06-13T18:20:26,1,Synthetic / Demo Data,2026-06-13T00:00:00
4225,3156,63,23592,active,2026-06-28T16:12:49,1,Synthetic / Demo Data,2026-06-28T00:00:00
4226,3159,93,23595,moisturizer,2026-04-14T10:39:56,1,Synthetic / Demo Data,2026-04-14T00:00:00
4227,3159,76,23596,moisturizer,2026-04-14T12:47:02,1,Synthetic / Demo Data,2026-04-14T00:00:00
4228,3159,67,23603,active,2026-04-21T00:06:41,1,Synthetic / Demo Data,2026-04-21T00:00:00
4229,3159,52,23604,active,2026-04-27T18:56:41,1,Synthetic / Demo Data,2026-04-27T00:00:00
4230,3159,97,23606,spf,2026-04-27T23:30:11,1,Synthetic / Demo Data,2026-04-27T00:00:00
4231,3163,55,23613,active,2026-06-29T22:59:57,1,Synthetic / Demo Data,2026-06-29T00:00:00
4232,3168,38,23625,toner,2026-07-29T23:37:27,1,Synthetic / Demo Data,2026-07-29T00:00:00
4233,3168,116,23629,spf,2026-07-29T20:30:09,1,Synthetic / Demo Data,2026-07-29T00:00:00
4234,3169,34,23636,toner,2026-02-02T15:02:42,1,Synthetic / Demo Data,2026-02-02T00:00:00
4235,3169,82,23640,moisturizer,2026-02-22T02:00:39,1,Synthetic / Demo Data,2026-02-22T00:00:00
4236,3174,18,23676,cleansing,2026-09-17T14:43:44,1,Synthetic / Demo Data,2026-09-17T00:00:00
4237,3175,21,23686,cleansing,2026-07-11T21:21:38,1,Synthetic / Demo Data,2026-07-11T00:00:00
4238,3175,110,23692,spf,2026-07-16T01:11:27,1,Synthetic / Demo Data,2026-07-16T00:00:00
4239,3175,70,23693,active,2026-07-16T00:17:55,1,Synthetic / Demo Data,2026-07-16T00:00:00
4240,3176,27,23699,toner,2026-03-16T13:51:24,0,Synthetic / Demo Data,2026-03-16T00:00:00
4241,3176,19,23702,cleansing,2026-03-16T12:19:17,1,Synthetic / Demo Data,2026-03-16T00:00:00
4242,3176,69,23705,active,2026-03-17T12:19:27,1,Synthetic / Demo Data,2026-03-17T00:00:00
4243,3176,17,23706,cleansing,2026-03-17T13:33:36,1,Synthetic / Demo Data,2026-03-17T00:00:00
4244,3176,116,23707,spf,2026-03-17T17:09:47,1,Synthetic / Demo Data,2026-03-17T00:00:00
4245,3178,21,23724,cleansing,2026-06-20T04:13:42,1,Synthetic / Demo Data,2026-06-20T00:00:00
4246,3178,24,23725,cleansing,2026-06-20T15:57:14,1,Synthetic / Demo Data,2026-06-20T00:00:00
4247,3179,7,23730,cleansing,2026-03-31T23:48:57,1,Synthetic / Demo Data,2026-03-31T00:00:00
4248,3181,116,23746,spf,2026-02-22T19:17:06,1,Synthetic / Demo Data,2026-02-22T00:00:00
4249,3183,9,23749,cleansing,2026-02-12T18:14:14,1,Synthetic / Demo Data,2026-02-12T00:00:00
4250,3183,32,23758,toner,2026-02-21T21:59:52,1,Synthetic / Demo Data,2026-02-21T00:00:00
4251,3185,97,23768,spf,2026-09-10T22:23:38,1,Synthetic / Demo Data,2026-09-10T00:00:00
4252,3185,106,23771,spf,2026-09-13T21:54:15,1,Synthetic / Demo Data,2026-09-13T00:00:00
4253,3185,40,23772,toner,2026-09-13T19:08:17,1,Synthetic / Demo Data,2026-09-13T00:00:00
4254,3187,49,23776,active,2026-01-24T05:32:15,1,Synthetic / Demo Data,2026-01-24T00:00:00
4255,3187,115,23778,spf,2026-01-24T05:59:11,1,Synthetic / Demo Data,2026-01-24T00:00:00
4256,3187,38,23779,toner,2026-01-24T07:16:02,1,Synthetic / Demo Data,2026-01-24T00:00:00
4257,3187,5,23782,cleansing,2026-01-24T07:41:14,1,Synthetic / Demo Data,2026-01-24T00:00:00
4258,3188,21,23787,cleansing,2026-09-03T20:57:10,1,Synthetic / Demo Data,2026-09-03T00:00:00
4259,3188,55,23790,active,2026-09-04T02:11:59,1,Synthetic / Demo Data,2026-09-04T00:00:00
4260,3189,79,23793,moisturizer,2026-04-08T20:44:57,1,Synthetic / Demo Data,2026-04-08T00:00:00
4261,3189,17,23800,cleansing,2026-04-12T19:33:49,1,Synthetic / Demo Data,2026-04-12T00:00:00
4262,3190,62,23808,active,2026-03-27T01:15:17,1,Synthetic / Demo Data,2026-03-27T00:00:00
4263,3190,74,23809,moisturizer,2026-03-26T23:25:20,1,Synthetic / Demo Data,2026-03-26T00:00:00
4264,3190,54,23811,active,2026-03-27T04:00:27,1,Synthetic / Demo Data,2026-03-27T00:00:00
4265,3190,117,23814,spf,2026-04-10T23:43:40,0,Synthetic / Demo Data,2026-04-10T00:00:00
4266,3190,81,23817,moisturizer,2026-04-13T17:35:39,1,Synthetic / Demo Data,2026-04-13T00:00:00
4267,3191,97,23826,spf,2026-05-24T09:25:26,0,Synthetic / Demo Data,2026-05-24T00:00:00
4268,3191,46,23829,toner,2026-05-24T16:27:26,1,Synthetic / Demo Data,2026-05-24T00:00:00
4269,3192,1,23830,cleansing,2026-02-23T08:50:33,1,Synthetic / Demo Data,2026-02-23T00:00:00
4270,3192,90,23837,moisturizer,2026-02-25T15:48:10,1,Synthetic / Demo Data,2026-02-25T00:00:00
4271,3193,63,23840,active,2026-03-18T01:56:55,1,Synthetic / Demo Data,2026-03-18T00:00:00
4272,3193,20,23843,cleansing,2026-03-18T04:26:46,1,Synthetic / Demo Data,2026-03-18T00:00:00
4273,3194,66,23848,active,2026-03-29T07:11:00,1,Synthetic / Demo Data,2026-03-29T00:00:00
4274,3194,116,23854,spf,2026-04-04T17:21:22,1,Synthetic / Demo Data,2026-04-04T00:00:00
4275,3195,22,23856,cleansing,2026-04-08T11:47:57,1,Synthetic / Demo Data,2026-04-08T00:00:00
4276,3197,50,23875,active,2026-04-04T03:32:29,1,Synthetic / Demo Data,2026-04-04T00:00:00
4277,3197,114,23883,spf,2026-04-06T09:59:27,1,Synthetic / Demo Data,2026-04-06T00:00:00
4278,3197,13,23886,cleansing,2026-04-07T18:57:40,1,Synthetic / Demo Data,2026-04-07T00:00:00
4279,3202,14,23919,cleansing,2026-03-04T07:35:20,1,Synthetic / Demo Data,2026-03-04T00:00:00
4280,3204,112,23925,spf,2026-06-25T10:31:16,1,Synthetic / Demo Data,2026-06-25T00:00:00
4281,3205,56,23934,active,2026-07-15T07:17:15,1,Synthetic / Demo Data,2026-07-15T00:00:00
4282,3205,116,23941,spf,2026-08-02T04:59:30,1,Synthetic / Demo Data,2026-08-02T00:00:00
4283,3207,12,23947,cleansing,2026-05-16T07:59:45,1,Synthetic / Demo Data,2026-05-16T00:00:00
4284,3209,40,23952,toner,2026-08-17T21:26:02,1,Synthetic / Demo Data,2026-08-17T00:00:00
4285,3210,82,23955,moisturizer,2026-02-10T05:12:36,1,Synthetic / Demo Data,2026-02-10T00:00:00
4286,3211,24,23969,cleansing,2026-01-27T02:19:41,0,Synthetic / Demo Data,2026-01-27T00:00:00
4287,3211,9,23971,cleansing,2026-01-31T15:43:22,1,Synthetic / Demo Data,2026-01-31T00:00:00
4288,3211,31,23972,toner,2026-01-31T22:13:33,1,Synthetic / Demo Data,2026-01-31T00:00:00
4289,3211,102,23974,spf,2026-01-31T20:58:14,1,Synthetic / Demo Data,2026-01-31T00:00:00
4290,3212,116,23979,spf,2026-08-23T23:19:01,1,Synthetic / Demo Data,2026-08-23T00:00:00
4291,3213,6,23986,cleansing,2026-08-06T11:48:36,1,Synthetic / Demo Data,2026-08-06T00:00:00
4292,3213,45,23988,toner,2026-08-06T12:38:33,1,Synthetic / Demo Data,2026-08-06T00:00:00
4293,3213,51,23994,active,2026-08-11T21:59:16,1,Synthetic / Demo Data,2026-08-11T00:00:00
4294,3216,54,23998,active,2026-06-08T09:39:06,1,Synthetic / Demo Data,2026-06-08T00:00:00
4295,3216,96,23999,moisturizer,2026-06-08T10:39:54,1,Synthetic / Demo Data,2026-06-08T00:00:00
4296,3217,2,24011,cleansing,2026-07-03T07:02:59,0,Synthetic / Demo Data,2026-07-03T00:00:00
4297,3217,10,24013,cleansing,2026-07-03T08:31:31,1,Synthetic / Demo Data,2026-07-03T00:00:00
4298,3218,78,24014,moisturizer,2026-03-24T17:48:41,1,Synthetic / Demo Data,2026-03-24T00:00:00
4299,3218,65,24016,active,2026-03-24T11:37:55,1,Synthetic / Demo Data,2026-03-24T00:00:00
4300,3218,54,24020,active,2026-03-30T06:20:59,1,Synthetic / Demo Data,2026-03-30T00:00:00
4301,3222,27,24023,toner,2026-03-14T16:21:04,1,Synthetic / Demo Data,2026-03-14T00:00:00
4302,3222,116,24026,spf,2026-03-16T13:54:16,1,Synthetic / Demo Data,2026-03-16T00:00:00
4303,3222,109,24030,spf,2026-03-16T16:10:21,0,Synthetic / Demo Data,2026-03-16T00:00:00
4304,3222,9,24031,cleansing,2026-03-18T02:17:45,1,Synthetic / Demo Data,2026-03-18T00:00:00
4305,3222,7,24034,cleansing,2026-03-18T04:54:07,0,Synthetic / Demo Data,2026-03-18T00:00:00
4306,3222,12,24036,cleansing,2026-03-19T22:34:02,1,Synthetic / Demo Data,2026-03-19T00:00:00
4307,3223,28,24038,toner,2026-05-09T13:36:51,1,Synthetic / Demo Data,2026-05-09T00:00:00
4308,3223,2,24041,cleansing,2026-05-09T12:37:44,1,Synthetic / Demo Data,2026-05-09T00:00:00
4309,3223,22,24042,cleansing,2026-05-16T08:49:45,1,Synthetic / Demo Data,2026-05-16T00:00:00
4310,3223,106,24044,spf,2026-05-16T10:34:24,1,Synthetic / Demo Data,2026-05-16T00:00:00
4311,3225,103,24059,spf,2026-05-24T12:17:42,1,Synthetic / Demo Data,2026-05-24T00:00:00
4312,3227,94,24072,moisturizer,2026-06-08T15:14:15,0,Synthetic / Demo Data,2026-06-08T00:00:00
4313,3227,80,24073,moisturizer,2026-06-08T11:12:39,1,Synthetic / Demo Data,2026-06-08T00:00:00
4314,3227,82,24074,moisturizer,2026-06-08T15:29:34,1,Synthetic / Demo Data,2026-06-08T00:00:00
4315,3227,86,24075,moisturizer,2026-06-17T23:36:22,1,Synthetic / Demo Data,2026-06-17T00:00:00
4316,3228,40,24082,toner,2026-05-15T04:06:20,1,Synthetic / Demo Data,2026-05-15T00:00:00
4317,3228,3,24086,cleansing,2026-05-15T14:06:16,1,Synthetic / Demo Data,2026-05-15T00:00:00
4318,3228,61,24089,active,2026-05-17T01:26:30,1,Synthetic / Demo Data,2026-05-17T00:00:00
4319,3230,65,24090,active,2026-07-06T13:07:22,1,Synthetic / Demo Data,2026-07-06T00:00:00
4320,3230,51,24096,active,2026-07-14T10:32:43,1,Synthetic / Demo Data,2026-07-14T00:00:00
4321,3230,34,24101,toner,2026-07-15T15:53:32,1,Synthetic / Demo Data,2026-07-15T00:00:00
4322,3233,1,24102,cleansing,2026-08-10T06:24:46,1,Synthetic / Demo Data,2026-08-10T00:00:00
4323,3233,82,24104,moisturizer,2026-08-10T01:56:19,1,Synthetic / Demo Data,2026-08-10T00:00:00
4324,3233,7,24108,cleansing,2026-08-12T11:47:36,1,Synthetic / Demo Data,2026-08-12T00:00:00
4325,3233,106,24110,spf,2026-08-12T12:54:38,1,Synthetic / Demo Data,2026-08-12T00:00:00
4326,3233,105,24112,spf,2026-08-13T15:09:23,1,Synthetic / Demo Data,2026-08-13T00:00:00
4327,3235,30,24117,toner,2026-01-23T03:51:44,1,Synthetic / Demo Data,2026-01-23T00:00:00
4328,3235,53,24120,active,2026-02-09T08:27:31,1,Synthetic / Demo Data,2026-02-09T00:00:00
4329,3235,25,24123,toner,2026-02-09T13:18:51,1,Synthetic / Demo Data,2026-02-09T00:00:00
4330,3236,27,24125,toner,2026-04-09T03:27:04,1,Synthetic / Demo Data,2026-04-09T00:00:00
4331,3237,34,24133,toner,2026-04-20T12:11:05,1,Synthetic / Demo Data,2026-04-20T00:00:00
4332,3237,12,24134,cleansing,2026-04-20T15:30:08,1,Synthetic / Demo Data,2026-04-20T00:00:00
4333,3237,13,24136,cleansing,2026-04-20T17:20:46,1,Synthetic / Demo Data,2026-04-20T00:00:00
4334,3238,89,24149,moisturizer,2026-01-31T05:56:18,1,Synthetic / Demo Data,2026-01-31T00:00:00
4335,3238,100,24150,spf,2026-01-31T04:21:35,1,Synthetic / Demo Data,2026-01-31T00:00:00
4336,3238,2,24151,cleansing,2026-01-31T11:59:43,1,Synthetic / Demo Data,2026-01-31T00:00:00
4337,3239,42,24155,toner,2026-02-11T20:37:54,1,Synthetic / Demo Data,2026-02-11T00:00:00
4338,3239,70,24159,active,2026-02-12T14:04:13,1,Synthetic / Demo Data,2026-02-12T00:00:00
4339,3240,17,24163,cleansing,2026-08-08T08:21:50,1,Synthetic / Demo Data,2026-08-08T00:00:00
4340,3242,61,24176,active,2026-05-03T14:07:59,1,Synthetic / Demo Data,2026-05-03T00:00:00
4341,3242,45,24179,toner,2026-05-03T18:38:42,1,Synthetic / Demo Data,2026-05-03T00:00:00
4342,3242,21,24184,cleansing,2026-05-08T23:25:45,1,Synthetic / Demo Data,2026-05-08T00:00:00
4343,3242,99,24186,spf,2026-05-19T21:38:20,1,Synthetic / Demo Data,2026-05-19T00:00:00
4344,3244,11,24204,cleansing,2026-06-11T08:23:12,1,Synthetic / Demo Data,2026-06-11T00:00:00
4345,3244,25,24205,toner,2026-06-11T04:10:53,1,Synthetic / Demo Data,2026-06-11T00:00:00
4346,3244,108,24206,spf,2026-06-11T02:58:42,1,Synthetic / Demo Data,2026-06-11T00:00:00
4347,3244,67,24208,active,2026-06-17T19:45:52,1,Synthetic / Demo Data,2026-06-17T00:00:00
4348,3244,116,24209,spf,2026-06-17T20:54:48,1,Synthetic / Demo Data,2026-06-17T00:00:00
4349,3244,61,24211,active,2026-06-17T14:52:33,0,Synthetic / Demo Data,2026-06-17T00:00:00
4350,3245,45,24217,toner,2026-08-27T19:27:55,1,Synthetic / Demo Data,2026-08-27T00:00:00
4351,3245,83,24218,moisturizer,2026-08-27T21:09:47,1,Synthetic / Demo Data,2026-08-27T00:00:00
4352,3247,14,24230,cleansing,2026-03-27T02:57:29,1,Synthetic / Demo Data,2026-03-27T00:00:00
4353,3254,97,24279,spf,2026-03-13T01:51:45,1,Synthetic / Demo Data,2026-03-13T00:00:00
4354,3254,116,24280,spf,2026-03-13T04:45:30,0,Synthetic / Demo Data,2026-03-13T00:00:00
4355,3254,34,24281,toner,2026-03-12T21:30:11,1,Synthetic / Demo Data,2026-03-12T00:00:00
4356,3254,120,24282,spf,2026-03-12T22:58:27,0,Synthetic / Demo Data,2026-03-12T00:00:00
4357,3254,40,24285,toner,2026-03-19T02:36:01,0,Synthetic / Demo Data,2026-03-19T00:00:00
4358,3258,12,24310,cleansing,2026-01-04T14:01:57,1,Synthetic / Demo Data,2026-01-04T00:00:00
4359,3259,27,24315,toner,2026-06-09T23:42:44,1,Synthetic / Demo Data,2026-06-09T00:00:00
4360,3260,18,24329,cleansing,2026-07-10T00:20:20,1,Synthetic / Demo Data,2026-07-10T00:00:00
4361,3261,116,24338,spf,2026-06-24T10:42:49,1,Synthetic / Demo Data,2026-06-24T00:00:00
4362,3261,55,24341,active,2026-06-24T10:28:29,1,Synthetic / Demo Data,2026-06-24T00:00:00
4363,3261,104,24345,spf,2026-07-05T15:00:08,1,Synthetic / Demo Data,2026-07-05T00:00:00
4364,3262,116,24352,spf,2026-06-29T16:44:41,1,Synthetic / Demo Data,2026-06-29T00:00:00
4365,3262,14,24355,cleansing,2026-06-29T16:26:27,1,Synthetic / Demo Data,2026-06-29T00:00:00
4366,3262,110,24356,spf,2026-06-29T19:46:25,1,Synthetic / Demo Data,2026-06-29T00:00:00
4367,3263,38,24366,toner,2026-02-22T10:48:01,1,Synthetic / Demo Data,2026-02-22T00:00:00
4368,3263,6,24368,cleansing,2026-02-24T08:51:59,0,Synthetic / Demo Data,2026-02-24T00:00:00
4369,3263,34,24369,toner,2026-02-24T08:23:22,1,Synthetic / Demo Data,2026-02-24T00:00:00
4370,3264,99,24370,spf,2026-07-24T05:15:00,1,Synthetic / Demo Data,2026-07-24T00:00:00
4371,3264,82,24379,moisturizer,2026-07-25T01:09:36,1,Synthetic / Demo Data,2026-07-25T00:00:00
4372,3265,49,24386,active,2026-09-09T00:23:47,1,Synthetic / Demo Data,2026-09-09T00:00:00
4373,3265,69,24387,active,2026-09-09T04:36:34,1,Synthetic / Demo Data,2026-09-09T00:00:00
4374,3267,69,24389,active,2026-02-08T18:46:29,1,Synthetic / Demo Data,2026-02-08T00:00:00
4375,3267,82,24392,moisturizer,2026-02-08T17:12:52,1,Synthetic / Demo Data,2026-02-08T00:00:00
4376,3267,110,24395,spf,2026-02-19T03:12:39,1,Synthetic / Demo Data,2026-02-19T00:00:00
4377,3268,116,24399,spf,2026-05-11T03:11:15,1,Synthetic / Demo Data,2026-05-11T00:00:00
4378,3270,104,24406,spf,2026-02-05T23:32:27,1,Synthetic / Demo Data,2026-02-05T00:00:00
4379,3270,36,24414,toner,2026-02-09T19:16:57,1,Synthetic / Demo Data,2026-02-09T00:00:00
4380,3270,116,24415,spf,2026-02-27T16:22:46,1,Synthetic / Demo Data,2026-02-27T00:00:00
4381,3273,116,24420,spf,2026-07-11T09:21:23,1,Synthetic / Demo Data,2026-07-11T00:00:00
4382,3273,76,24421,moisturizer,2026-07-11T10:50:17,1,Synthetic / Demo Data,2026-07-11T00:00:00
4383,3273,99,24422,spf,2026-07-11T11:40:12,1,Synthetic / Demo Data,2026-07-11T00:00:00
4384,3273,63,24427,active,2026-07-12T12:05:47,0,Synthetic / Demo Data,2026-07-12T00:00:00
4385,3274,70,24432,active,2026-04-19T14:20:47,1,Synthetic / Demo Data,2026-04-19T00:00:00
4386,3275,51,24441,active,2026-03-11T15:16:15,1,Synthetic / Demo Data,2026-03-11T00:00:00
4387,3275,81,24444,moisturizer,2026-03-13T02:06:34,1,Synthetic / Demo Data,2026-03-13T00:00:00
4388,3275,76,24445,moisturizer,2026-03-12T23:32:09,1,Synthetic / Demo Data,2026-03-12T00:00:00
4389,3275,28,24446,toner,2026-03-12T22:59:12,1,Synthetic / Demo Data,2026-03-12T00:00:00
4390,3275,72,24450,active,2026-03-17T07:24:21,1,Synthetic / Demo Data,2026-03-17T00:00:00
4391,3275,94,24451,moisturizer,2026-03-17T07:22:26,1,Synthetic / Demo Data,2026-03-17T00:00:00
4392,3275,44,24454,toner,2026-03-27T03:53:13,1,Synthetic / Demo Data,2026-03-27T00:00:00
4393,3275,14,24455,cleansing,2026-03-27T00:38:32,1,Synthetic / Demo Data,2026-03-27T00:00:00
4394,3277,84,24456,moisturizer,2026-07-27T14:45:09,1,Synthetic / Demo Data,2026-07-27T00:00:00
4395,3277,112,24458,spf,2026-07-27T15:40:25,1,Synthetic / Demo Data,2026-07-27T00:00:00
4396,3278,77,24464,moisturizer,2026-06-28T13:40:53,1,Synthetic / Demo Data,2026-06-28T00:00:00
4397,3278,18,24472,cleansing,2026-06-30T19:15:40,1,Synthetic / Demo Data,2026-06-30T00:00:00
4398,3279,38,24475,toner,2026-04-28T21:30:42,1,Synthetic / Demo Data,2026-04-28T00:00:00
4399,3279,61,24476,active,2026-04-29T01:06:05,1,Synthetic / Demo Data,2026-04-29T00:00:00
4400,3280,25,24480,toner,2026-05-31T14:03:51,1,Synthetic / Demo Data,2026-05-31T00:00:00
4401,3280,17,24483,cleansing,2026-05-31T10:10:50,1,Synthetic / Demo Data,2026-05-31T00:00:00
4402,3282,83,24508,moisturizer,2026-05-04T16:44:33,1,Synthetic / Demo Data,2026-05-04T00:00:00
4403,3283,115,24519,spf,2026-06-14T02:15:13,1,Synthetic / Demo Data,2026-06-14T00:00:00
4404,3290,1,24556,cleansing,2026-07-22T22:42:39,1,Synthetic / Demo Data,2026-07-22T00:00:00
4405,3293,10,24573,cleansing,2026-04-29T23:35:33,1,Synthetic / Demo Data,2026-04-29T00:00:00
4406,3294,52,24584,active,2026-08-06T12:36:24,1,Synthetic / Demo Data,2026-08-06T00:00:00
4407,3294,90,24587,moisturizer,2026-08-06T15:05:09,1,Synthetic / Demo Data,2026-08-06T00:00:00
4408,3294,40,24589,toner,2026-08-06T19:18:41,1,Synthetic / Demo Data,2026-08-06T00:00:00
4409,3295,107,24591,spf,2026-04-24T21:24:12,1,Synthetic / Demo Data,2026-04-24T00:00:00
4410,3296,2,24612,cleansing,2026-05-25T01:57:08,1,Synthetic / Demo Data,2026-05-25T00:00:00
4411,3297,83,24614,moisturizer,2026-02-08T19:25:49,1,Synthetic / Demo Data,2026-02-08T00:00:00
4412,3297,27,24616,toner,2026-02-08T19:32:06,1,Synthetic / Demo Data,2026-02-08T00:00:00
4413,3297,38,24620,toner,2026-02-17T19:25:19,1,Synthetic / Demo Data,2026-02-17T00:00:00
4414,3298,81,24627,moisturizer,2026-03-09T19:41:18,1,Synthetic / Demo Data,2026-03-09T00:00:00
4415,3298,20,24628,cleansing,2026-03-09T15:18:21,1,Synthetic / Demo Data,2026-03-09T00:00:00
4416,3301,24,24639,cleansing,2026-06-26T00:08:29,1,Synthetic / Demo Data,2026-06-26T00:00:00
4417,3302,70,24651,active,2026-04-30T22:39:23,1,Synthetic / Demo Data,2026-04-30T00:00:00
4418,3305,112,24675,spf,2026-05-23T02:06:55,1,Synthetic / Demo Data,2026-05-23T00:00:00
4419,3306,83,24685,moisturizer,2026-04-10T12:44:19,1,Synthetic / Demo Data,2026-04-10T00:00:00
4420,3306,116,24687,spf,2026-04-10T07:09:28,1,Synthetic / Demo Data,2026-04-10T00:00:00
4421,3306,75,24690,moisturizer,2026-04-10T17:18:52,1,Synthetic / Demo Data,2026-04-10T00:00:00
4422,3309,21,24710,cleansing,2026-08-06T07:27:09,1,Synthetic / Demo Data,2026-08-06T00:00:00
4423,3309,105,24713,spf,2026-08-22T01:29:28,1,Synthetic / Demo Data,2026-08-22T00:00:00
4424,3310,60,24715,active,2026-07-08T04:29:03,1,Synthetic / Demo Data,2026-07-08T00:00:00
4425,3310,82,24718,moisturizer,2026-07-08T04:55:11,1,Synthetic / Demo Data,2026-07-08T00:00:00
4426,3311,82,24725,moisturizer,2026-05-21T08:02:31,1,Synthetic / Demo Data,2026-05-21T00:00:00
4427,3311,93,24731,moisturizer,2026-05-22T22:45:28,1,Synthetic / Demo Data,2026-05-22T00:00:00
4428,3313,46,24741,toner,2026-09-15T04:18:03,1,Synthetic / Demo Data,2026-09-15T00:00:00
4429,3314,36,24752,toner,2026-02-13T15:58:48,1,Synthetic / Demo Data,2026-02-13T00:00:00
4430,3315,6,24766,cleansing,2026-08-07T16:03:39,1,Synthetic / Demo Data,2026-08-07T00:00:00
4431,3316,7,24772,cleansing,2026-04-08T22:02:25,0,Synthetic / Demo Data,2026-04-08T00:00:00
4432,3316,68,24774,active,2026-04-08T19:20:22,1,Synthetic / Demo Data,2026-04-08T00:00:00
4433,3316,60,24775,active,2026-04-08T20:59:06,1,Synthetic / Demo Data,2026-04-08T00:00:00
4434,3319,9,24787,cleansing,2026-04-01T02:16:28,1,Synthetic / Demo Data,2026-04-01T00:00:00
4435,3319,57,24788,active,2026-04-01T00:47:05,1,Synthetic / Demo Data,2026-04-01T00:00:00
4436,3319,17,24789,cleansing,2026-03-31T20:04:18,1,Synthetic / Demo Data,2026-03-31T00:00:00
4437,3321,110,24797,spf,2026-06-08T00:54:21,1,Synthetic / Demo Data,2026-06-08T00:00:00
4438,3321,77,24798,moisturizer,2026-06-08T00:00:55,1,Synthetic / Demo Data,2026-06-08T00:00:00
4439,3321,7,24802,cleansing,2026-06-11T06:09:01,1,Synthetic / Demo Data,2026-06-11T00:00:00
4440,3321,60,24807,active,2026-06-13T18:24:08,1,Synthetic / Demo Data,2026-06-13T00:00:00
4441,3321,65,24808,active,2026-06-13T21:46:15,1,Synthetic / Demo Data,2026-06-13T00:00:00
4442,3322,1,24818,cleansing,2026-05-23T16:07:58,1,Synthetic / Demo Data,2026-05-23T00:00:00
4443,3323,11,24827,cleansing,2026-05-29T14:04:32,1,Synthetic / Demo Data,2026-05-29T00:00:00
4444,3324,40,24833,toner,2026-02-26T01:56:48,1,Synthetic / Demo Data,2026-02-26T00:00:00
4445,3324,53,24836,active,2026-02-26T04:28:55,1,Synthetic / Demo Data,2026-02-26T00:00:00
4446,3324,21,24837,cleansing,2026-03-07T23:35:20,1,Synthetic / Demo Data,2026-03-07T00:00:00
4447,3324,114,24839,spf,2026-03-07T20:58:59,1,Synthetic / Demo Data,2026-03-07T00:00:00
4448,3324,57,24841,active,2026-03-07T23:12:28,1,Synthetic / Demo Data,2026-03-07T00:00:00
4449,3327,60,24850,active,2026-04-20T22:06:58,1,Synthetic / Demo Data,2026-04-20T00:00:00
4450,3327,63,24860,active,2026-05-03T21:12:09,1,Synthetic / Demo Data,2026-05-03T00:00:00
4451,3331,94,24883,moisturizer,2026-08-20T01:35:17,1,Synthetic / Demo Data,2026-08-20T00:00:00
4452,3331,56,24888,active,2026-08-22T06:27:02,1,Synthetic / Demo Data,2026-08-22T00:00:00
4453,3331,37,24889,toner,2026-08-22T13:05:19,1,Synthetic / Demo Data,2026-08-22T00:00:00
4454,3331,16,24893,cleansing,2026-09-02T22:32:13,1,Synthetic / Demo Data,2026-09-02T00:00:00
4455,3333,86,24901,moisturizer,2026-05-19T20:15:07,1,Synthetic / Demo Data,2026-05-19T00:00:00
4456,3334,92,24910,moisturizer,2026-03-08T18:20:09,1,Synthetic / Demo Data,2026-03-08T00:00:00
4457,3334,76,24911,moisturizer,2026-03-08T12:39:14,1,Synthetic / Demo Data,2026-03-08T00:00:00
4458,3335,45,24915,toner,2026-04-18T09:55:47,1,Synthetic / Demo Data,2026-04-18T00:00:00
4459,3335,39,24917,toner,2026-04-18T14:53:14,1,Synthetic / Demo Data,2026-04-18T00:00:00
4460,3335,17,24922,cleansing,2026-04-20T03:11:44,1,Synthetic / Demo Data,2026-04-20T00:00:00
4461,3336,68,24927,active,2026-07-16T18:13:41,0,Synthetic / Demo Data,2026-07-16T00:00:00
4462,3336,22,24935,cleansing,2026-07-30T15:56:52,1,Synthetic / Demo Data,2026-07-30T00:00:00
4463,3337,55,24939,active,2026-04-03T20:03:34,1,Synthetic / Demo Data,2026-04-03T00:00:00
4464,3337,64,24940,active,2026-04-04T01:00:43,1,Synthetic / Demo Data,2026-04-04T00:00:00
4465,3337,12,24942,cleansing,2026-04-10T18:24:06,1,Synthetic / Demo Data,2026-04-10T00:00:00
4466,3337,94,24944,moisturizer,2026-04-10T19:53:22,1,Synthetic / Demo Data,2026-04-10T00:00:00
4467,3337,112,24946,spf,2026-04-10T17:58:43,1,Synthetic / Demo Data,2026-04-10T00:00:00
4468,3340,116,24951,spf,2026-06-08T16:20:12,1,Synthetic / Demo Data,2026-06-08T00:00:00
4469,3340,25,24953,toner,2026-06-11T22:18:53,1,Synthetic / Demo Data,2026-06-11T00:00:00
4470,3340,90,24956,moisturizer,2026-06-11T21:56:48,1,Synthetic / Demo Data,2026-06-11T00:00:00
4471,3345,61,24976,active,2026-02-25T09:02:21,1,Synthetic / Demo Data,2026-02-25T00:00:00
4472,3347,6,24986,cleansing,2026-04-17T22:12:17,1,Synthetic / Demo Data,2026-04-17T00:00:00
4473,3347,20,24988,cleansing,2026-04-18T01:31:04,1,Synthetic / Demo Data,2026-04-18T00:00:00
4474,3347,5,24995,cleansing,2026-04-23T00:38:57,1,Synthetic / Demo Data,2026-04-23T00:00:00
4475,3347,83,24997,moisturizer,2026-04-26T10:15:57,1,Synthetic / Demo Data,2026-04-26T00:00:00
4476,3350,74,25005,moisturizer,2026-07-22T23:41:31,1,Synthetic / Demo Data,2026-07-22T00:00:00
4477,3353,84,25029,moisturizer,2026-08-30T14:29:13,1,Synthetic / Demo Data,2026-08-30T00:00:00
4478,3353,15,25032,cleansing,2026-09-11T10:54:49,1,Synthetic / Demo Data,2026-09-11T00:00:00
4479,3353,20,25033,cleansing,2026-09-11T08:13:42,1,Synthetic / Demo Data,2026-09-11T00:00:00
4480,3353,74,25034,moisturizer,2026-09-11T07:05:09,1,Synthetic / Demo Data,2026-09-11T00:00:00
4481,3353,30,25035,toner,2026-09-12T05:56:34,1,Synthetic / Demo Data,2026-09-12T00:00:00
4482,3355,56,25047,active,2026-08-28T11:21:15,1,Synthetic / Demo Data,2026-08-28T00:00:00
4483,3356,68,25052,active,2026-05-24T21:43:11,1,Synthetic / Demo Data,2026-05-24T00:00:00
4484,3356,82,25054,moisturizer,2026-05-24T22:48:32,1,Synthetic / Demo Data,2026-05-24T00:00:00
4485,3356,74,25055,moisturizer,2026-05-25T01:01:55,1,Synthetic / Demo Data,2026-05-25T00:00:00
4486,3356,26,25057,toner,2026-05-27T09:30:10,1,Synthetic / Demo Data,2026-05-27T00:00:00
4487,3357,27,25068,toner,2026-08-20T03:30:13,1,Synthetic / Demo Data,2026-08-20T00:00:00
4488,3359,117,25079,spf,2026-08-28T20:32:32,1,Synthetic / Demo Data,2026-08-28T00:00:00
4489,3359,116,25085,spf,2026-08-29T23:08:41,1,Synthetic / Demo Data,2026-08-29T00:00:00
4490,3361,11,25095,cleansing,2026-06-18T09:47:58,1,Synthetic / Demo Data,2026-06-18T00:00:00
4491,3361,94,25096,moisturizer,2026-06-18T15:39:57,1,Synthetic / Demo Data,2026-06-18T00:00:00
4492,3361,82,25100,moisturizer,2026-06-23T11:27:56,1,Synthetic / Demo Data,2026-06-23T00:00:00
4493,3363,12,25116,cleansing,2026-03-31T19:02:08,1,Synthetic / Demo Data,2026-03-31T00:00:00
4494,3363,34,25117,toner,2026-03-31T20:12:57,1,Synthetic / Demo Data,2026-03-31T00:00:00
4495,3363,117,25118,spf,2026-03-31T13:41:14,1,Synthetic / Demo Data,2026-03-31T00:00:00
4496,3363,14,25124,cleansing,2026-04-08T07:33:22,1,Synthetic / Demo Data,2026-04-08T00:00:00
4497,3364,75,25126,moisturizer,2026-01-18T15:30:36,0,Synthetic / Demo Data,2026-01-18T00:00:00
4498,3364,66,25131,active,2026-01-27T00:01:40,1,Synthetic / Demo Data,2026-01-27T00:00:00
4499,3364,21,25132,cleansing,2026-01-27T03:04:19,1,Synthetic / Demo Data,2026-01-27T00:00:00
4500,3364,112,25134,spf,2026-01-27T00:05:26,1,Synthetic / Demo Data,2026-01-27T00:00:00
4501,3365,17,25144,cleansing,2026-05-01T08:19:04,1,Synthetic / Demo Data,2026-05-01T00:00:00
4502,3366,53,25147,active,2026-08-09T04:40:30,1,Synthetic / Demo Data,2026-08-09T00:00:00
4503,3366,22,25148,cleansing,2026-08-09T04:58:57,1,Synthetic / Demo Data,2026-08-09T00:00:00
4504,3366,97,25153,spf,2026-08-13T04:49:29,1,Synthetic / Demo Data,2026-08-13T00:00:00
4505,3369,86,25171,moisturizer,2026-02-27T23:56:45,1,Synthetic / Demo Data,2026-02-27T00:00:00
4506,3369,14,25175,cleansing,2026-03-02T21:01:32,1,Synthetic / Demo Data,2026-03-02T00:00:00
4507,3371,52,25180,active,2026-02-21T10:50:21,1,Synthetic / Demo Data,2026-02-21T00:00:00
4508,3371,92,25182,moisturizer,2026-02-21T15:32:47,1,Synthetic / Demo Data,2026-02-21T00:00:00
4509,3371,112,25188,spf,2026-02-23T15:30:44,1,Synthetic / Demo Data,2026-02-23T00:00:00
4510,3371,99,25192,spf,2026-03-02T12:08:09,1,Synthetic / Demo Data,2026-03-02T00:00:00
4511,3376,38,25216,toner,2026-02-15T09:02:38,0,Synthetic / Demo Data,2026-02-15T00:00:00
4512,3376,82,25219,moisturizer,2026-02-15T06:36:48,1,Synthetic / Demo Data,2026-02-15T00:00:00
4513,3377,116,25225,spf,2026-06-04T00:02:58,1,Synthetic / Demo Data,2026-06-04T00:00:00
4514,3377,55,25226,active,2026-06-04T01:36:35,1,Synthetic / Demo Data,2026-06-04T00:00:00
4515,3378,7,25241,cleansing,2026-06-25T09:19:05,1,Synthetic / Demo Data,2026-06-25T00:00:00
4516,3378,57,25244,active,2026-07-01T07:56:07,1,Synthetic / Demo Data,2026-07-01T00:00:00
4517,3378,1,25247,cleansing,2026-07-01T07:47:27,1,Synthetic / Demo Data,2026-07-01T00:00:00
4518,3379,1,25259,cleansing,2026-03-08T03:58:34,1,Synthetic / Demo Data,2026-03-08T00:00:00
4519,3380,116,25263,spf,2026-07-28T22:28:07,1,Synthetic / Demo Data,2026-07-28T00:00:00
4520,3381,116,25273,spf,2026-09-05T10:20:57,1,Synthetic / Demo Data,2026-09-05T00:00:00
4521,3382,44,25280,toner,2026-06-01T06:02:21,1,Synthetic / Demo Data,2026-06-01T00:00:00
4522,3382,78,25284,moisturizer,2026-06-10T02:31:25,1,Synthetic / Demo Data,2026-06-10T00:00:00
4523,3382,82,25285,moisturizer,2026-06-10T03:31:50,1,Synthetic / Demo Data,2026-06-10T00:00:00
4524,3383,116,25296,spf,2026-08-12T11:50:08,0,Synthetic / Demo Data,2026-08-12T00:00:00
4525,3385,107,25304,spf,2026-07-26T13:04:47,0,Synthetic / Demo Data,2026-07-26T00:00:00
4526,3385,97,25306,spf,2026-07-29T18:11:27,1,Synthetic / Demo Data,2026-07-29T00:00:00
4527,3385,27,25309,toner,2026-07-29T13:26:49,1,Synthetic / Demo Data,2026-07-29T00:00:00
4528,3386,104,25315,spf,2026-05-23T05:20:43,1,Synthetic / Demo Data,2026-05-23T00:00:00
4529,3386,116,25318,spf,2026-05-24T08:11:24,1,Synthetic / Demo Data,2026-05-24T00:00:00
4530,3386,27,25319,toner,2026-05-24T11:56:53,1,Synthetic / Demo Data,2026-05-24T00:00:00
4531,3386,26,25322,toner,2026-05-31T01:35:17,1,Synthetic / Demo Data,2026-05-31T00:00:00
4532,3387,5,25324,cleansing,2026-01-16T11:23:32,0,Synthetic / Demo Data,2026-01-16T00:00:00
4533,3387,112,25326,spf,2026-01-16T18:57:58,1,Synthetic / Demo Data,2026-01-16T00:00:00
4534,3387,28,25329,toner,2026-01-24T22:04:10,1,Synthetic / Demo Data,2026-01-24T00:00:00
4535,3387,55,25331,active,2026-01-25T00:54:49,1,Synthetic / Demo Data,2026-01-25T00:00:00
4536,3389,52,25336,active,2026-06-24T21:31:37,1,Synthetic / Demo Data,2026-06-24T00:00:00
4537,3389,8,25341,cleansing,2026-07-06T17:25:45,1,Synthetic / Demo Data,2026-07-06T00:00:00
4538,3392,19,25346,cleansing,2026-08-17T14:37:28,1,Synthetic / Demo Data,2026-08-17T00:00:00
4539,3392,77,25348,moisturizer,2026-08-17T18:36:44,1,Synthetic / Demo Data,2026-08-17T00:00:00
4540,3392,1,25350,cleansing,2026-08-20T04:34:25,0,Synthetic / Demo Data,2026-08-20T00:00:00
4541,3393,116,25355,spf,2026-08-05T06:43:11,1,Synthetic / Demo Data,2026-08-05T00:00:00
4542,3393,88,25359,moisturizer,2026-08-05T03:06:12,1,Synthetic / Demo Data,2026-08-05T00:00:00
4543,3395,66,25375,active,2026-07-23T03:04:47,1,Synthetic / Demo Data,2026-07-23T00:00:00
4544,3395,81,25378,moisturizer,2026-07-23T00:57:00,1,Synthetic / Demo Data,2026-07-23T00:00:00
4545,3395,6,25382,cleansing,2026-07-25T03:52:35,1,Synthetic / Demo Data,2026-07-25T00:00:00
4546,3397,77,25391,moisturizer,2026-02-08T08:45:33,1,Synthetic / Demo Data,2026-02-08T00:00:00
4547,3398,104,25394,spf,2026-03-14T21:01:31,1,Synthetic / Demo Data,2026-03-14T00:00:00
4548,3398,99,25395,spf,2026-03-15T01:34:18,1,Synthetic / Demo Data,2026-03-15T00:00:00
4549,3398,82,25401,moisturizer,2026-03-20T21:38:32,1,Synthetic / Demo Data,2026-03-20T00:00:00
4550,3399,82,25404,moisturizer,2026-05-06T12:59:15,0,Synthetic / Demo Data,2026-05-06T00:00:00
4551,3399,112,25406,spf,2026-05-06T16:39:58,1,Synthetic / Demo Data,2026-05-06T00:00:00
4552,3402,27,25419,toner,2026-03-21T12:10:10,1,Synthetic / Demo Data,2026-03-21T00:00:00
4553,3403,49,25422,active,2026-04-10T21:48:46,0,Synthetic / Demo Data,2026-04-10T00:00:00
4554,3403,58,25424,active,2026-04-10T20:38:49,1,Synthetic / Demo Data,2026-04-10T00:00:00
4555,3403,107,25428,spf,2026-04-14T17:57:55,1,Synthetic / Demo Data,2026-04-14T00:00:00
4556,3403,116,25429,spf,2026-04-14T16:32:56,1,Synthetic / Demo Data,2026-04-14T00:00:00
4557,3403,41,25432,toner,2026-05-01T04:09:57,1,Synthetic / Demo Data,2026-05-01T00:00:00
4558,3403,102,25433,spf,2026-05-01T02:17:07,1,Synthetic / Demo Data,2026-05-01T00:00:00
4559,3404,1,25437,cleansing,2026-04-13T12:12:27,1,Synthetic / Demo Data,2026-04-13T00:00:00
4560,3406,99,25453,spf,2026-07-06T05:41:06,0,Synthetic / Demo Data,2026-07-06T00:00:00
4561,3406,116,25454,spf,2026-07-06T00:39:02,1,Synthetic / Demo Data,2026-07-06T00:00:00
4562,3406,31,25455,toner,2026-07-06T01:07:42,1,Synthetic / Demo Data,2026-07-06T00:00:00
4563,3406,104,25458,spf,2026-07-14T22:32:30,1,Synthetic / Demo Data,2026-07-14T00:00:00
4564,3408,16,25471,cleansing,2026-04-04T03:46:14,1,Synthetic / Demo Data,2026-04-04T00:00:00
4565,3408,19,25474,cleansing,2026-04-08T22:52:15,1,Synthetic / Demo Data,2026-04-08T00:00:00
4566,3409,32,25478,toner,2026-01-21T00:55:04,1,Synthetic / Demo Data,2026-01-21T00:00:00
4567,3409,12,25483,cleansing,2026-02-01T12:08:28,1,Synthetic / Demo Data,2026-02-01T00:00:00
4568,3411,82,25496,moisturizer,2026-04-13T14:54:18,1,Synthetic / Demo Data,2026-04-13T00:00:00
4569,3412,65,25503,active,2026-08-13T20:46:19,1,Synthetic / Demo Data,2026-08-13T00:00:00
4570,3413,113,25512,spf,2026-03-02T18:33:40,1,Synthetic / Demo Data,2026-03-02T00:00:00
4571,3416,101,25528,spf,2026-05-07T10:53:09,0,Synthetic / Demo Data,2026-05-07T00:00:00
4572,3418,14,25538,cleansing,2026-04-06T09:01:04,1,Synthetic / Demo Data,2026-04-06T00:00:00
4573,3418,43,25545,toner,2026-04-19T13:45:15,1,Synthetic / Demo Data,2026-04-19T00:00:00
4574,3419,76,25554,moisturizer,2026-04-18T07:46:33,1,Synthetic / Demo Data,2026-04-18T00:00:00
4575,3420,51,25558,active,2026-04-08T08:01:18,1,Synthetic / Demo Data,2026-04-08T00:00:00
4576,3421,22,25568,cleansing,2026-03-18T12:30:21,1,Synthetic / Demo Data,2026-03-18T00:00:00
4577,3422,4,25573,cleansing,2026-02-08T11:49:19,1,Synthetic / Demo Data,2026-02-08T00:00:00
4578,3422,76,25578,moisturizer,2026-02-19T22:34:59,1,Synthetic / Demo Data,2026-02-19T00:00:00
4579,3424,10,25597,cleansing,2026-04-15T22:03:34,1,Synthetic / Demo Data,2026-04-15T00:00:00
4580,3424,116,25598,spf,2026-04-15T18:51:21,1,Synthetic / Demo Data,2026-04-15T00:00:00
4581,3424,117,25601,spf,2026-04-18T05:27:03,1,Synthetic / Demo Data,2026-04-18T00:00:00
4582,3426,92,25605,moisturizer,2026-08-25T03:20:18,1,Synthetic / Demo Data,2026-08-25T00:00:00
4583,3426,88,25606,moisturizer,2026-08-25T05:01:22,1,Synthetic / Demo Data,2026-08-25T00:00:00
4584,3427,109,25610,spf,2026-02-01T20:33:05,1,Synthetic / Demo Data,2026-02-01T00:00:00
4585,3427,31,25619,toner,2026-02-03T18:43:01,1,Synthetic / Demo Data,2026-02-03T00:00:00
4586,3430,56,25633,active,2026-07-25T17:04:06,1,Synthetic / Demo Data,2026-07-25T00:00:00
4587,3432,81,25643,moisturizer,2026-07-30T03:30:53,1,Synthetic / Demo Data,2026-07-30T00:00:00
4588,3432,24,25648,cleansing,2026-08-06T16:26:06,1,Synthetic / Demo Data,2026-08-06T00:00:00
4589,3436,63,25680,active,2026-05-11T12:17:19,0,Synthetic / Demo Data,2026-05-11T00:00:00
4590,3437,55,25688,active,2026-07-31T16:41:49,1,Synthetic / Demo Data,2026-07-31T00:00:00
4591,3437,40,25695,toner,2026-08-01T17:28:44,1,Synthetic / Demo Data,2026-08-01T00:00:00
4592,3439,76,25702,moisturizer,2026-04-13T21:52:03,1,Synthetic / Demo Data,2026-04-13T00:00:00
4593,3439,24,25706,cleansing,2026-04-14T00:13:04,1,Synthetic / Demo Data,2026-04-14T00:00:00
4594,3440,21,25717,cleansing,2026-03-19T22:29:32,1,Synthetic / Demo Data,2026-03-19T00:00:00
4595,3440,88,25719,moisturizer,2026-03-20T00:29:04,1,Synthetic / Demo Data,2026-03-20T00:00:00
4596,3440,42,25720,toner,2026-03-19T21:22:41,1,Synthetic / Demo Data,2026-03-19T00:00:00
4597,3440,100,25726,spf,2026-03-26T01:53:21,1,Synthetic / Demo Data,2026-03-26T00:00:00
4598,3440,76,25728,moisturizer,2026-03-29T09:27:25,1,Synthetic / Demo Data,2026-03-29T00:00:00
4599,3440,77,25729,moisturizer,2026-03-29T04:17:16,1,Synthetic / Demo Data,2026-03-29T00:00:00
4600,3441,70,25731,active,2026-08-05T07:22:15,1,Synthetic / Demo Data,2026-08-05T00:00:00
4601,3442,92,25746,moisturizer,2026-05-30T07:33:55,1,Synthetic / Demo Data,2026-05-30T00:00:00
4602,3443,14,25753,cleansing,2026-04-11T01:28:12,1,Synthetic / Demo Data,2026-04-11T00:00:00
4603,3443,43,25755,toner,2026-04-13T07:39:38,1,Synthetic / Demo Data,2026-04-13T00:00:00
4604,3443,89,25756,moisturizer,2026-04-13T11:45:18,1,Synthetic / Demo Data,2026-04-13T00:00:00
4605,3443,41,25761,toner,2026-04-29T07:55:37,1,Synthetic / Demo Data,2026-04-29T00:00:00
4606,3444,1,25762,cleansing,2026-07-08T02:38:20,1,Synthetic / Demo Data,2026-07-08T00:00:00
4607,3444,33,25767,toner,2026-07-15T22:14:24,1,Synthetic / Demo Data,2026-07-15T00:00:00
4608,3446,116,25779,spf,2026-02-25T00:41:31,1,Synthetic / Demo Data,2026-02-25T00:00:00
4609,3447,38,25786,toner,2026-04-21T22:35:24,1,Synthetic / Demo Data,2026-04-21T00:00:00
4610,3448,91,25793,moisturizer,2026-04-14T04:29:45,0,Synthetic / Demo Data,2026-04-14T00:00:00
4611,3448,86,25795,moisturizer,2026-04-14T07:20:39,1,Synthetic / Demo Data,2026-04-14T00:00:00
4612,3448,58,25798,active,2026-04-18T13:30:54,1,Synthetic / Demo Data,2026-04-18T00:00:00
4613,3449,106,25804,spf,2026-03-20T00:06:47,1,Synthetic / Demo Data,2026-03-20T00:00:00
4614,3449,14,25808,cleansing,2026-03-28T00:11:36,1,Synthetic / Demo Data,2026-03-28T00:00:00
4615,3449,81,25809,moisturizer,2026-03-28T01:08:18,1,Synthetic / Demo Data,2026-03-28T00:00:00
4616,3449,4,25811,cleansing,2026-04-01T17:40:07,1,Synthetic / Demo Data,2026-04-01T00:00:00
4617,3449,40,25815,toner,2026-04-02T00:44:10,1,Synthetic / Demo Data,2026-04-02T00:00:00
4618,3450,10,25823,cleansing,2026-04-25T13:52:45,1,Synthetic / Demo Data,2026-04-25T00:00:00
4619,3450,76,25826,moisturizer,2026-04-25T11:50:52,1,Synthetic / Demo Data,2026-04-25T00:00:00
4620,3451,116,25832,spf,2026-06-09T17:51:59,1,Synthetic / Demo Data,2026-06-09T00:00:00
4621,3451,43,25835,toner,2026-06-12T06:16:03,1,Synthetic / Demo Data,2026-06-12T00:00:00
4622,3452,94,25840,moisturizer,2026-02-06T04:22:10,1,Synthetic / Demo Data,2026-02-06T00:00:00
4623,3452,18,25846,cleansing,2026-02-14T03:15:47,1,Synthetic / Demo Data,2026-02-14T00:00:00
4624,3452,97,25848,spf,2026-02-14T00:45:46,1,Synthetic / Demo Data,2026-02-14T00:00:00
4625,3458,86,25868,moisturizer,2026-03-03T18:08:22,1,Synthetic / Demo Data,2026-03-03T00:00:00
4626,3458,70,25874,active,2026-03-11T13:26:06,1,Synthetic / Demo Data,2026-03-11T00:00:00
4627,3459,36,25880,toner,2026-06-06T12:35:59,1,Synthetic / Demo Data,2026-06-06T00:00:00
4628,3459,67,25886,active,2026-06-09T22:17:09,1,Synthetic / Demo Data,2026-06-09T00:00:00
4629,3460,9,25891,cleansing,2026-03-16T19:25:38,1,Synthetic / Demo Data,2026-03-16T00:00:00
4630,3460,116,25896,spf,2026-03-22T13:06:16,1,Synthetic / Demo Data,2026-03-22T00:00:00
4631,3462,18,25900,cleansing,2026-04-13T13:45:25,1,Synthetic / Demo Data,2026-04-13T00:00:00
4632,3462,4,25910,cleansing,2026-04-28T08:18:28,1,Synthetic / Demo Data,2026-04-28T00:00:00
4633,3463,81,25915,moisturizer,2026-07-30T20:13:40,1,Synthetic / Demo Data,2026-07-30T00:00:00
4634,3463,107,25922,spf,2026-08-04T17:18:51,1,Synthetic / Demo Data,2026-08-04T00:00:00
4635,3465,17,25927,cleansing,2026-01-28T04:28:40,1,Synthetic / Demo Data,2026-01-28T00:00:00
4636,3465,7,25928,cleansing,2026-01-28T03:43:07,1,Synthetic / Demo Data,2026-01-28T00:00:00
4637,3465,45,25934,toner,2026-02-03T09:07:27,1,Synthetic / Demo Data,2026-02-03T00:00:00
4638,3466,1,25938,cleansing,2026-08-31T14:32:22,1,Synthetic / Demo Data,2026-08-31T00:00:00
4639,3466,88,25940,moisturizer,2026-09-04T07:40:32,1,Synthetic / Demo Data,2026-09-04T00:00:00
4640,3468,116,25944,spf,2026-01-24T23:42:04,1,Synthetic / Demo Data,2026-01-24T00:00:00
4641,3468,43,25946,toner,2026-01-25T00:08:31,1,Synthetic / Demo Data,2026-01-25T00:00:00
4642,3468,55,25951,active,2026-02-02T20:49:52,1,Synthetic / Demo Data,2026-02-02T00:00:00
4643,3470,48,25952,toner,2026-05-27T22:17:03,1,Synthetic / Demo Data,2026-05-27T00:00:00
4644,3470,40,25954,toner,2026-05-28T00:14:47,1,Synthetic / Demo Data,2026-05-28T00:00:00
4645,3470,92,25958,moisturizer,2026-05-28T11:31:37,1,Synthetic / Demo Data,2026-05-28T00:00:00
4646,3470,90,25960,moisturizer,2026-05-28T06:18:34,0,Synthetic / Demo Data,2026-05-28T00:00:00
4647,3470,97,25962,spf,2026-05-30T01:17:11,1,Synthetic / Demo Data,2026-05-30T00:00:00
4648,3474,38,25969,toner,2026-03-20T16:35:44,1,Synthetic / Demo Data,2026-03-20T00:00:00
4649,3474,116,25977,spf,2026-03-25T07:00:20,1,Synthetic / Demo Data,2026-03-25T00:00:00
4650,3476,88,25993,moisturizer,2026-04-11T07:25:13,1,Synthetic / Demo Data,2026-04-11T00:00:00
4651,3476,21,25997,cleansing,2026-04-18T03:41:19,1,Synthetic / Demo Data,2026-04-18T00:00:00
4652,3476,1,25998,cleansing,2026-04-18T00:48:13,0,Synthetic / Demo Data,2026-04-18T00:00:00
4653,3477,40,26005,toner,2026-05-28T17:57:16,1,Synthetic / Demo Data,2026-05-28T00:00:00
4654,3477,103,26007,spf,2026-06-11T04:56:50,1,Synthetic / Demo Data,2026-06-11T00:00:00
4655,3477,116,26009,spf,2026-06-11T06:16:23,1,Synthetic / Demo Data,2026-06-11T00:00:00
4656,3478,112,26014,spf,2026-06-23T09:56:34,1,Synthetic / Demo Data,2026-06-23T00:00:00
4657,3478,82,26016,moisturizer,2026-07-01T01:36:55,0,Synthetic / Demo Data,2026-07-01T00:00:00
4658,3479,21,26029,cleansing,2026-03-15T13:02:30,1,Synthetic / Demo Data,2026-03-15T00:00:00
4659,3480,48,26037,toner,2026-04-17T21:04:30,1,Synthetic / Demo Data,2026-04-17T00:00:00
4660,3482,107,26050,spf,2026-07-20T19:02:30,0,Synthetic / Demo Data,2026-07-20T00:00:00
4661,3483,56,26051,active,2026-09-06T14:36:49,1,Synthetic / Demo Data,2026-09-06T00:00:00
4662,3483,116,26054,spf,2026-09-06T07:40:49,1,Synthetic / Demo Data,2026-09-06T00:00:00
4663,3483,69,26058,active,2026-09-08T08:06:31,1,Synthetic / Demo Data,2026-09-08T00:00:00
4664,3484,116,26068,spf,2026-07-08T10:36:15,1,Synthetic / Demo Data,2026-07-08T00:00:00
4665,3484,27,26070,toner,2026-07-10T16:20:16,1,Synthetic / Demo Data,2026-07-10T00:00:00
4666,3484,79,26073,moisturizer,2026-07-10T17:57:48,1,Synthetic / Demo Data,2026-07-10T00:00:00
4667,3486,94,26087,moisturizer,2026-09-10T07:34:31,1,Synthetic / Demo Data,2026-09-10T00:00:00
4668,3487,17,26091,cleansing,2026-04-17T22:02:37,1,Synthetic / Demo Data,2026-04-17T00:00:00
4669,3487,1,26094,cleansing,2026-04-25T10:02:15,0,Synthetic / Demo Data,2026-04-25T00:00:00
4670,3487,20,26097,cleansing,2026-04-25T07:29:13,1,Synthetic / Demo Data,2026-04-25T00:00:00
4671,3488,12,26099,cleansing,2026-08-06T23:04:34,0,Synthetic / Demo Data,2026-08-06T00:00:00
4672,3489,80,26106,moisturizer,2026-08-28T00:59:50,1,Synthetic / Demo Data,2026-08-28T00:00:00
4673,3489,3,26112,cleansing,2026-09-03T03:03:36,1,Synthetic / Demo Data,2026-09-03T00:00:00
4674,3493,92,26127,moisturizer,2026-02-13T03:41:03,1,Synthetic / Demo Data,2026-02-13T00:00:00
4675,3494,115,26138,spf,2026-09-11T16:43:08,0,Synthetic / Demo Data,2026-09-11T00:00:00
4676,3495,60,26142,active,2026-08-16T19:14:09,1,Synthetic / Demo Data,2026-08-16T00:00:00
4677,3495,51,26143,active,2026-08-16T20:08:21,1,Synthetic / Demo Data,2026-08-16T00:00:00
4678,3495,69,26150,active,2026-08-21T13:40:10,1,Synthetic / Demo Data,2026-08-21T00:00:00
4679,3495,55,26151,active,2026-09-01T16:14:40,1,Synthetic / Demo Data,2026-09-01T00:00:00
4680,3495,7,26153,cleansing,2026-09-01T13:20:49,1,Synthetic / Demo Data,2026-09-01T00:00:00
4681,3497,1,26162,cleansing,2026-05-17T01:35:22,1,Synthetic / Demo Data,2026-05-17T00:00:00
4682,3500,62,26175,active,2026-03-27T10:02:29,1,Synthetic / Demo Data,2026-03-27T00:00:00
4683,3500,24,26189,cleansing,2026-03-31T20:19:08,1,Synthetic / Demo Data,2026-03-31T00:00:00
4684,3500,81,26190,moisturizer,2026-04-01T02:20:45,1,Synthetic / Demo Data,2026-04-01T00:00:00
4685,3501,58,26194,active,2026-08-07T22:40:13,1,Synthetic / Demo Data,2026-08-07T00:00:00
4686,3502,90,26206,moisturizer,2026-09-07T22:57:10,0,Synthetic / Demo Data,2026-09-07T00:00:00
4687,3502,12,26211,cleansing,2026-09-12T19:13:21,1,Synthetic / Demo Data,2026-09-12T00:00:00
4688,3502,52,26213,active,2026-09-16T17:48:00,1,Synthetic / Demo Data,2026-09-16T00:00:00
4689,3503,66,26217,active,2026-02-04T13:10:56,1,Synthetic / Demo Data,2026-02-04T00:00:00
4690,3503,116,26219,spf,2026-02-04T17:58:28,1,Synthetic / Demo Data,2026-02-04T00:00:00
4691,3506,84,26228,moisturizer,2026-06-07T10:49:55,1,Synthetic / Demo Data,2026-06-07T00:00:00
4692,3506,120,26229,spf,2026-06-14T12:11:24,1,Synthetic / Demo Data,2026-06-14T00:00:00
4693,3506,112,26234,spf,2026-06-17T22:30:24,1,Synthetic / Demo Data,2026-06-17T00:00:00
4694,3507,3,26240,cleansing,2026-02-23T07:25:40,1,Synthetic / Demo Data,2026-02-23T00:00:00
4695,3508,81,26250,moisturizer,2026-05-05T18:05:14,0,Synthetic / Demo Data,2026-05-05T00:00:00
4696,3508,61,26251,active,2026-05-05T20:16:49,1,Synthetic / Demo Data,2026-05-05T00:00:00
4697,3510,107,26256,spf,2026-05-08T18:40:23,1,Synthetic / Demo Data,2026-05-08T00:00:00
4698,3510,97,26259,spf,2026-05-08T16:39:35,1,Synthetic / Demo Data,2026-05-08T00:00:00
4699,3510,13,26265,cleansing,2026-05-26T18:25:19,1,Synthetic / Demo Data,2026-05-26T00:00:00
4700,3513,79,26268,moisturizer,2026-02-01T17:39:58,1,Synthetic / Demo Data,2026-02-01T00:00:00
4701,3513,97,26271,spf,2026-02-01T18:58:00,1,Synthetic / Demo Data,2026-02-01T00:00:00
4702,3513,75,26272,moisturizer,2026-02-07T16:48:14,1,Synthetic / Demo Data,2026-02-07T00:00:00
4703,3513,31,26277,toner,2026-02-08T09:09:41,0,Synthetic / Demo Data,2026-02-08T00:00:00
4704,3513,109,26279,spf,2026-02-08T13:03:21,1,Synthetic / Demo Data,2026-02-08T00:00:00
4705,3514,45,26287,toner,2026-06-09T07:40:56,1,Synthetic / Demo Data,2026-06-09T00:00:00
4706,3514,106,26289,spf,2026-06-14T06:33:34,1,Synthetic / Demo Data,2026-06-14T00:00:00
4707,3514,25,26293,toner,2026-06-14T02:58:20,1,Synthetic / Demo Data,2026-06-14T00:00:00
4708,3517,66,26308,active,2026-04-25T04:30:51,1,Synthetic / Demo Data,2026-04-25T00:00:00
4709,3517,82,26316,moisturizer,2026-04-29T14:48:31,1,Synthetic / Demo Data,2026-04-29T00:00:00
4710,3520,27,26323,toner,2026-07-14T23:51:57,1,Synthetic / Demo Data,2026-07-14T00:00:00
4711,3520,37,26329,toner,2026-07-24T09:01:58,1,Synthetic / Demo Data,2026-07-24T00:00:00
4712,3520,94,26330,moisturizer,2026-07-24T12:44:43,0,Synthetic / Demo Data,2026-07-24T00:00:00
4713,3523,83,26352,moisturizer,2026-06-30T07:31:21,1,Synthetic / Demo Data,2026-06-30T00:00:00
4714,3524,110,26355,spf,2026-09-13T11:01:57,1,Synthetic / Demo Data,2026-09-13T00:00:00
4715,3524,116,26357,spf,2026-09-13T13:29:53,1,Synthetic / Demo Data,2026-09-13T00:00:00
4716,3525,115,26371,spf,2026-05-30T22:16:09,1,Synthetic / Demo Data,2026-05-30T00:00:00
4717,3528,38,26379,toner,2026-04-02T04:41:38,1,Synthetic / Demo Data,2026-04-02T00:00:00
4718,3528,57,26384,active,2026-04-03T15:42:28,1,Synthetic / Demo Data,2026-04-03T00:00:00
4719,3530,34,26387,toner,2026-06-01T13:28:44,0,Synthetic / Demo Data,2026-06-01T00:00:00
4720,3530,66,26390,active,2026-06-01T09:06:27,0,Synthetic / Demo Data,2026-06-01T00:00:00
4721,3530,84,26392,moisturizer,2026-06-03T16:08:45,1,Synthetic / Demo Data,2026-06-03T00:00:00
4722,3530,110,26393,spf,2026-06-03T20:12:14,1,Synthetic / Demo Data,2026-06-03T00:00:00
4723,3532,116,26400,spf,2026-04-03T15:02:59,1,Synthetic / Demo Data,2026-04-03T00:00:00
4724,3532,59,26401,active,2026-04-03T15:38:48,1,Synthetic / Demo Data,2026-04-03T00:00:00
4725,3532,115,26404,spf,2026-04-19T21:47:59,1,Synthetic / Demo Data,2026-04-19T00:00:00
4726,3534,51,26416,active,2026-05-04T06:46:11,1,Synthetic / Demo Data,2026-05-04T00:00:00
4727,3535,97,26420,spf,2026-01-20T05:02:02,1,Synthetic / Demo Data,2026-01-20T00:00:00
4728,3535,56,26423,active,2026-01-27T00:24:23,1,Synthetic / Demo Data,2026-01-27T00:00:00
4729,3537,110,26428,spf,2026-06-19T05:07:14,1,Synthetic / Demo Data,2026-06-19T00:00:00
4730,3537,22,26437,cleansing,2026-07-04T10:28:05,1,Synthetic / Demo Data,2026-07-04T00:00:00
4731,3540,19,26460,cleansing,2026-04-20T01:06:03,1,Synthetic / Demo Data,2026-04-20T00:00:00
4732,3540,21,26462,cleansing,2026-04-20T06:22:59,1,Synthetic / Demo Data,2026-04-20T00:00:00
4733,3540,16,26463,cleansing,2026-04-20T00:42:56,1,Synthetic / Demo Data,2026-04-20T00:00:00
4734,3541,102,26469,spf,2026-04-01T09:08:23,1,Synthetic / Demo Data,2026-04-01T00:00:00
4735,3542,14,26479,cleansing,2026-06-04T23:00:47,1,Synthetic / Demo Data,2026-06-04T00:00:00
4736,3542,42,26481,toner,2026-06-14T04:58:49,1,Synthetic / Demo Data,2026-06-14T00:00:00
4737,3543,55,26489,active,2026-08-19T23:33:41,1,Synthetic / Demo Data,2026-08-19T00:00:00
4738,3543,115,26492,spf,2026-08-20T17:18:04,1,Synthetic / Demo Data,2026-08-20T00:00:00
4739,3543,40,26493,toner,2026-08-20T17:06:04,1,Synthetic / Demo Data,2026-08-20T00:00:00
4740,3543,116,26495,spf,2026-08-29T13:50:10,1,Synthetic / Demo Data,2026-08-29T00:00:00
4741,3543,86,26497,moisturizer,2026-08-29T12:31:22,1,Synthetic / Demo Data,2026-08-29T00:00:00
4742,3544,116,26505,spf,2026-04-30T19:34:43,1,Synthetic / Demo Data,2026-04-30T00:00:00
4743,3546,61,26512,active,2026-08-20T21:11:59,1,Synthetic / Demo Data,2026-08-20T00:00:00
4744,3546,6,26520,cleansing,2026-09-04T01:54:22,1,Synthetic / Demo Data,2026-09-04T00:00:00
4745,3547,34,26527,toner,2026-04-23T17:44:02,1,Synthetic / Demo Data,2026-04-23T00:00:00
4746,3547,21,26534,cleansing,2026-05-07T21:15:46,1,Synthetic / Demo Data,2026-05-07T00:00:00
4747,3549,7,26547,cleansing,2026-03-18T07:06:32,1,Synthetic / Demo Data,2026-03-18T00:00:00
4748,3549,22,26554,cleansing,2026-03-28T02:10:45,1,Synthetic / Demo Data,2026-03-28T00:00:00
4749,3550,56,26558,active,2026-05-31T14:50:30,1,Synthetic / Demo Data,2026-05-31T00:00:00
4750,3550,96,26567,moisturizer,2026-06-11T04:36:03,1,Synthetic / Demo Data,2026-06-11T00:00:00
4751,3552,82,26571,moisturizer,2026-06-18T20:18:22,1,Synthetic / Demo Data,2026-06-18T00:00:00
4752,3552,1,26577,cleansing,2026-06-25T05:07:06,1,Synthetic / Demo Data,2026-06-25T00:00:00
4753,3553,38,26579,toner,2026-05-21T20:21:39,1,Synthetic / Demo Data,2026-05-21T00:00:00
4754,3553,1,26584,cleansing,2026-05-25T17:32:44,1,Synthetic / Demo Data,2026-05-25T00:00:00
4755,3554,6,26589,cleansing,2026-08-12T09:08:36,1,Synthetic / Demo Data,2026-08-12T00:00:00
4756,3554,116,26596,spf,2026-08-17T17:44:00,1,Synthetic / Demo Data,2026-08-17T00:00:00
4757,3556,116,26599,spf,2026-01-17T07:12:09,1,Synthetic / Demo Data,2026-01-17T00:00:00
4758,3556,57,26605,active,2026-01-29T03:46:27,1,Synthetic / Demo Data,2026-01-29T00:00:00
4759,3556,90,26607,moisturizer,2026-01-29T03:12:49,1,Synthetic / Demo Data,2026-01-29T00:00:00
4760,3559,56,26624,active,2026-07-10T23:23:11,1,Synthetic / Demo Data,2026-07-10T00:00:00
4761,3559,78,26625,moisturizer,2026-07-10T19:35:20,1,Synthetic / Demo Data,2026-07-10T00:00:00
4762,3559,89,26629,moisturizer,2026-07-18T11:57:43,1,Synthetic / Demo Data,2026-07-18T00:00:00
4763,3559,112,26630,spf,2026-07-18T09:04:09,1,Synthetic / Demo Data,2026-07-18T00:00:00
4764,3560,8,26632,cleansing,2026-07-20T13:47:28,1,Synthetic / Demo Data,2026-07-20T00:00:00
4765,3560,10,26643,cleansing,2026-07-31T01:15:33,0,Synthetic / Demo Data,2026-07-31T00:00:00
4766,3561,17,26649,cleansing,2026-02-11T07:33:51,1,Synthetic / Demo Data,2026-02-11T00:00:00
4767,3561,116,26653,spf,2026-02-11T02:25:12,1,Synthetic / Demo Data,2026-02-11T00:00:00
4768,3562,21,26661,cleansing,2026-02-25T19:17:48,1,Synthetic / Demo Data,2026-02-25T00:00:00
4769,3563,21,26671,cleansing,2026-04-27T13:06:19,1,Synthetic / Demo Data,2026-04-27T00:00:00
4770,3564,78,26676,moisturizer,2026-05-12T08:34:12,1,Synthetic / Demo Data,2026-05-12T00:00:00
4771,3564,13,26682,cleansing,2026-05-24T17:41:16,1,Synthetic / Demo Data,2026-05-24T00:00:00
4772,3565,81,26688,moisturizer,2026-02-23T05:09:47,1,Synthetic / Demo Data,2026-02-23T00:00:00
4773,3566,48,26691,toner,2026-04-11T18:14:09,1,Synthetic / Demo Data,2026-04-11T00:00:00
4774,3566,66,26693,active,2026-04-11T18:04:06,1,Synthetic / Demo Data,2026-04-11T00:00:00
4775,3566,17,26698,cleansing,2026-04-24T18:33:32,1,Synthetic / Demo Data,2026-04-24T00:00:00
4776,3566,41,26702,toner,2026-04-30T12:01:49,1,Synthetic / Demo Data,2026-04-30T00:00:00
4777,3567,1,26706,cleansing,2026-03-19T20:56:21,1,Synthetic / Demo Data,2026-03-19T00:00:00
4778,3567,6,26707,cleansing,2026-03-19T23:58:54,1,Synthetic / Demo Data,2026-03-19T00:00:00
4779,3568,14,26712,cleansing,2026-03-09T13:47:42,1,Synthetic / Demo Data,2026-03-09T00:00:00
4780,3569,25,26718,toner,2026-08-20T20:46:01,1,Synthetic / Demo Data,2026-08-20T00:00:00
4781,3569,106,26720,spf,2026-08-20T22:14:35,1,Synthetic / Demo Data,2026-08-20T00:00:00
4782,3570,1,26723,cleansing,2026-04-01T06:33:11,1,Synthetic / Demo Data,2026-04-01T00:00:00
4783,3570,6,26727,cleansing,2026-04-01T02:24:00,1,Synthetic / Demo Data,2026-04-01T00:00:00
4784,3571,53,26740,active,2026-04-09T19:22:40,1,Synthetic / Demo Data,2026-04-09T00:00:00
4785,3571,69,26744,active,2026-04-21T01:44:02,1,Synthetic / Demo Data,2026-04-21T00:00:00
4786,3572,39,26747,toner,2026-01-04T15:51:01,1,Synthetic / Demo Data,2026-01-04T00:00:00
4787,3572,69,26750,active,2026-01-16T10:13:37,1,Synthetic / Demo Data,2026-01-16T00:00:00
4788,3572,9,26752,cleansing,2026-01-16T09:05:30,1,Synthetic / Demo Data,2026-01-16T00:00:00
4789,3572,56,26753,active,2026-01-16T05:15:37,1,Synthetic / Demo Data,2026-01-16T00:00:00
4790,3573,17,26756,cleansing,2026-07-01T11:26:27,1,Synthetic / Demo Data,2026-07-01T00:00:00
4791,3574,110,26766,spf,2026-03-06T00:21:48,1,Synthetic / Demo Data,2026-03-06T00:00:00
4792,3574,21,26767,cleansing,2026-03-05T20:41:54,1,Synthetic / Demo Data,2026-03-05T00:00:00
4793,3574,66,26773,active,2026-03-17T13:28:13,1,Synthetic / Demo Data,2026-03-17T00:00:00
4794,3574,9,26774,cleansing,2026-03-17T12:44:55,1,Synthetic / Demo Data,2026-03-17T00:00:00
4795,3576,69,26787,active,2026-05-05T05:11:10,1,Synthetic / Demo Data,2026-05-05T00:00:00
4796,3577,21,26797,cleansing,2026-07-22T17:39:49,1,Synthetic / Demo Data,2026-07-22T00:00:00
4797,3583,17,26812,cleansing,2026-03-20T16:21:14,1,Synthetic / Demo Data,2026-03-20T00:00:00
4798,3583,116,26813,spf,2026-03-20T19:09:24,1,Synthetic / Demo Data,2026-03-20T00:00:00
4799,3583,6,26814,cleansing,2026-03-20T15:43:53,1,Synthetic / Demo Data,2026-03-20T00:00:00
4800,3584,38,26827,toner,2026-07-03T06:00:38,1,Synthetic / Demo Data,2026-07-03T00:00:00
4801,3585,21,26830,cleansing,2026-04-26T10:27:58,1,Synthetic / Demo Data,2026-04-26T00:00:00
4802,3585,75,26832,moisturizer,2026-04-26T12:25:13,1,Synthetic / Demo Data,2026-04-26T00:00:00
4803,3585,69,26839,active,2026-05-14T15:49:57,1,Synthetic / Demo Data,2026-05-14T00:00:00
4804,3586,34,26842,toner,2026-06-01T15:18:10,1,Synthetic / Demo Data,2026-06-01T00:00:00
4805,3586,11,26845,cleansing,2026-06-01T20:04:02,1,Synthetic / Demo Data,2026-06-01T00:00:00
4806,3586,16,26847,cleansing,2026-06-08T20:58:46,1,Synthetic / Demo Data,2026-06-08T00:00:00
4807,3586,106,26851,spf,2026-06-09T02:48:00,1,Synthetic / Demo Data,2026-06-09T00:00:00
4808,3586,99,26857,spf,2026-06-13T20:24:33,1,Synthetic / Demo Data,2026-06-13T00:00:00
4809,3587,116,26858,spf,2026-02-11T13:31:36,1,Synthetic / Demo Data,2026-02-11T00:00:00
4810,3591,68,26879,active,2026-07-27T15:25:12,1,Synthetic / Demo Data,2026-07-27T00:00:00
4811,3592,76,26886,moisturizer,2026-03-19T04:54:47,1,Synthetic / Demo Data,2026-03-19T00:00:00
4812,3592,83,26887,moisturizer,2026-03-19T04:57:54,1,Synthetic / Demo Data,2026-03-19T00:00:00
4813,3592,12,26891,cleansing,2026-03-19T23:56:01,1,Synthetic / Demo Data,2026-03-19T00:00:00
4814,3592,107,26894,spf,2026-03-19T21:00:51,1,Synthetic / Demo Data,2026-03-19T00:00:00
4815,3592,92,26896,moisturizer,2026-03-22T16:57:10,1,Synthetic / Demo Data,2026-03-22T00:00:00
4816,3594,7,26908,cleansing,2026-05-04T05:17:50,1,Synthetic / Demo Data,2026-05-04T00:00:00
4817,3594,104,26909,spf,2026-05-06T11:48:48,1,Synthetic / Demo Data,2026-05-06T00:00:00
4818,3594,112,26911,spf,2026-05-06T10:48:38,1,Synthetic / Demo Data,2026-05-06T00:00:00
4819,3597,46,26921,toner,2026-08-28T04:29:03,1,Synthetic / Demo Data,2026-08-28T00:00:00
4820,3597,1,26923,cleansing,2026-08-28T05:03:30,1,Synthetic / Demo Data,2026-08-28T00:00:00
4821,3597,31,26926,toner,2026-09-13T01:36:22,1,Synthetic / Demo Data,2026-09-13T00:00:00
4822,3599,1,26929,cleansing,2026-05-28T08:57:45,1,Synthetic / Demo Data,2026-05-28T00:00:00
4823,3601,116,26952,spf,2026-05-12T20:04:35,1,Synthetic / Demo Data,2026-05-12T00:00:00
4824,3601,89,26955,moisturizer,2026-05-12T18:56:28,1,Synthetic / Demo Data,2026-05-12T00:00:00
4825,3603,76,26969,moisturizer,2026-06-18T18:01:06,1,Synthetic / Demo Data,2026-06-18T00:00:00
4826,3603,17,26971,cleansing,2026-06-18T17:48:42,1,Synthetic / Demo Data,2026-06-18T00:00:00
4827,3603,40,26972,toner,2026-06-18T21:00:00,1,Synthetic / Demo Data,2026-06-18T00:00:00
4828,3603,112,26974,spf,2026-06-28T03:08:09,1,Synthetic / Demo Data,2026-06-28T00:00:00
4829,3608,32,27001,toner,2026-06-17T16:08:13,0,Synthetic / Demo Data,2026-06-17T00:00:00
4830,3608,63,27003,active,2026-06-17T12:14:34,1,Synthetic / Demo Data,2026-06-17T00:00:00
4831,3609,38,27011,toner,2026-07-31T19:05:19,1,Synthetic / Demo Data,2026-07-31T00:00:00
4832,3609,11,27016,cleansing,2026-08-08T16:33:04,1,Synthetic / Demo Data,2026-08-08T00:00:00
4833,3609,74,27017,moisturizer,2026-08-08T21:09:47,1,Synthetic / Demo Data,2026-08-08T00:00:00
4834,3610,90,27022,moisturizer,2026-04-09T19:36:20,1,Synthetic / Demo Data,2026-04-09T00:00:00
4835,3610,106,27027,spf,2026-04-19T05:08:44,1,Synthetic / Demo Data,2026-04-19T00:00:00
4836,3611,24,27035,cleansing,2026-08-28T16:17:26,1,Synthetic / Demo Data,2026-08-28T00:00:00
4837,3612,21,27043,cleansing,2026-02-21T09:50:34,1,Synthetic / Demo Data,2026-02-21T00:00:00
4838,3612,28,27045,toner,2026-02-21T07:01:19,1,Synthetic / Demo Data,2026-02-21T00:00:00
4839,3612,94,27048,moisturizer,2026-02-25T09:02:10,1,Synthetic / Demo Data,2026-02-25T00:00:00
4840,3612,107,27051,spf,2026-02-27T22:18:46,1,Synthetic / Demo Data,2026-02-27T00:00:00
4841,3613,101,27057,spf,2026-05-29T18:31:51,1,Synthetic / Demo Data,2026-05-29T00:00:00
4842,3616,10,27080,cleansing,2026-04-07T16:44:57,1,Synthetic / Demo Data,2026-04-07T00:00:00
4843,3616,108,27084,spf,2026-04-11T20:10:58,1,Synthetic / Demo Data,2026-04-11T00:00:00
4844,3616,55,27087,active,2026-04-12T17:28:53,1,Synthetic / Demo Data,2026-04-12T00:00:00
4845,3617,38,27092,toner,2026-06-30T01:49:49,1,Synthetic / Demo Data,2026-06-30T00:00:00
4846,3620,100,27102,spf,2026-07-05T14:36:49,1,Synthetic / Demo Data,2026-07-05T00:00:00
4847,3620,94,27105,moisturizer,2026-07-05T13:25:13,1,Synthetic / Demo Data,2026-07-05T00:00:00
4848,3623,17,27118,cleansing,2026-06-08T21:10:36,1,Synthetic / Demo Data,2026-06-08T00:00:00
4849,3625,32,27128,toner,2026-02-09T23:56:38,1,Synthetic / Demo Data,2026-02-09T00:00:00
4850,3626,35,27133,toner,2026-07-15T16:28:40,1,Synthetic / Demo Data,2026-07-15T00:00:00
4851,3626,120,27134,spf,2026-07-15T17:30:04,1,Synthetic / Demo Data,2026-07-15T00:00:00
4852,3626,59,27136,active,2026-07-15T14:43:37,1,Synthetic / Demo Data,2026-07-15T00:00:00
4853,3626,94,27138,moisturizer,2026-07-23T21:19:52,0,Synthetic / Demo Data,2026-07-23T00:00:00
4854,3629,116,27153,spf,2026-01-23T15:18:02,1,Synthetic / Demo Data,2026-01-23T00:00:00
4855,3629,94,27156,moisturizer,2026-01-24T11:43:19,1,Synthetic / Demo Data,2026-01-24T00:00:00
4856,3629,18,27159,cleansing,2026-02-11T11:05:31,1,Synthetic / Demo Data,2026-02-11T00:00:00
4857,3629,73,27160,moisturizer,2026-02-11T15:54:34,1,Synthetic / Demo Data,2026-02-11T00:00:00
4858,3633,103,27166,spf,2026-05-09T13:55:26,1,Synthetic / Demo Data,2026-05-09T00:00:00
4859,3635,69,27183,active,2026-06-21T22:34:26,1,Synthetic / Demo Data,2026-06-21T00:00:00
4860,3635,114,27185,spf,2026-06-22T01:16:38,1,Synthetic / Demo Data,2026-06-22T00:00:00
4861,3635,74,27187,moisturizer,2026-06-26T16:56:38,1,Synthetic / Demo Data,2026-06-26T00:00:00
4862,3636,63,27192,active,2026-02-23T16:26:54,1,Synthetic / Demo Data,2026-02-23T00:00:00
4863,3636,20,27196,cleansing,2026-03-01T02:23:02,1,Synthetic / Demo Data,2026-03-01T00:00:00
4864,3636,53,27199,active,2026-03-01T02:20:57,1,Synthetic / Demo Data,2026-03-01T00:00:00
4865,3637,74,27213,moisturizer,2026-06-01T07:11:07,1,Synthetic / Demo Data,2026-06-01T00:00:00
4866,3639,1,27215,cleansing,2026-03-15T08:35:15,1,Synthetic / Demo Data,2026-03-15T00:00:00
4867,3639,19,27216,cleansing,2026-03-15T04:49:43,0,Synthetic / Demo Data,2026-03-15T00:00:00
4868,3639,74,27224,moisturizer,2026-03-23T16:57:11,1,Synthetic / Demo Data,2026-03-23T00:00:00
4869,3640,66,27226,active,2026-07-05T23:07:20,1,Synthetic / Demo Data,2026-07-05T00:00:00
4870,3640,116,27228,spf,2026-07-06T04:20:28,1,Synthetic / Demo Data,2026-07-06T00:00:00
4871,3642,19,27238,cleansing,2026-08-12T14:57:10,1,Synthetic / Demo Data,2026-08-12T00:00:00
4872,3642,27,27239,toner,2026-08-14T19:48:38,1,Synthetic / Demo Data,2026-08-14T00:00:00
4873,3644,64,27257,active,2026-06-27T14:54:30,1,Synthetic / Demo Data,2026-06-27T00:00:00
4874,3644,97,27259,spf,2026-07-03T08:05:52,1,Synthetic / Demo Data,2026-07-03T00:00:00
4875,3646,77,27262,moisturizer,2026-03-19T04:43:56,1,Synthetic / Demo Data,2026-03-19T00:00:00
4876,3646,76,27263,moisturizer,2026-03-19T07:21:27,1,Synthetic / Demo Data,2026-03-19T00:00:00
4877,3646,100,27267,spf,2026-03-30T10:57:38,1,Synthetic / Demo Data,2026-03-30T00:00:00
4878,3647,116,27270,spf,2026-08-28T13:27:58,1,Synthetic / Demo Data,2026-08-28T00:00:00
4879,3647,39,27271,toner,2026-08-28T15:01:42,1,Synthetic / Demo Data,2026-08-28T00:00:00
4880,3647,7,27272,cleansing,2026-08-28T11:40:55,1,Synthetic / Demo Data,2026-08-28T00:00:00
4881,3647,36,27275,toner,2026-09-02T09:36:02,1,Synthetic / Demo Data,2026-09-02T00:00:00
4882,3647,17,27277,cleansing,2026-09-02T09:25:51,1,Synthetic / Demo Data,2026-09-02T00:00:00
4883,3648,65,27280,active,2026-02-19T03:21:46,1,Synthetic / Demo Data,2026-02-19T00:00:00
4884,3648,31,27281,toner,2026-02-19T06:43:34,1,Synthetic / Demo Data,2026-02-19T00:00:00
4885,3648,106,27286,spf,2026-02-27T15:42:53,1,Synthetic / Demo Data,2026-02-27T00:00:00
4886,3649,41,27298,toner,2026-06-29T05:19:06,0,Synthetic / Demo Data,2026-06-29T00:00:00
4887,3650,17,27301,cleansing,2026-05-21T08:10:34,1,Synthetic / Demo Data,2026-05-21T00:00:00
4888,3650,69,27306,active,2026-05-26T05:25:01,1,Synthetic / Demo Data,2026-05-26T00:00:00
4889,3651,7,27309,cleansing,2026-07-12T12:25:42,1,Synthetic / Demo Data,2026-07-12T00:00:00
4890,3652,63,27323,active,2026-05-23T08:51:46,1,Synthetic / Demo Data,2026-05-23T00:00:00
4891,3652,112,27325,spf,2026-05-23T06:52:33,1,Synthetic / Demo Data,2026-05-23T00:00:00
4892,3653,40,27332,toner,2026-06-14T09:12:50,1,Synthetic / Demo Data,2026-06-14T00:00:00
4893,3653,32,27336,toner,2026-06-23T00:23:21,1,Synthetic / Demo Data,2026-06-23T00:00:00
4894,3654,1,27342,cleansing,2026-08-30T08:45:10,1,Synthetic / Demo Data,2026-08-30T00:00:00
4895,3654,17,27344,cleansing,2026-08-30T09:44:33,1,Synthetic / Demo Data,2026-08-30T00:00:00
4896,3655,106,27353,spf,2026-02-15T19:03:40,1,Synthetic / Demo Data,2026-02-15T00:00:00
4897,3656,112,27363,spf,2026-08-17T15:13:46,1,Synthetic / Demo Data,2026-08-17T00:00:00
4898,3657,1,27366,cleansing,2026-08-26T16:24:56,1,Synthetic / Demo Data,2026-08-26T00:00:00
4899,3658,63,27381,active,2026-03-04T14:01:47,1,Synthetic / Demo Data,2026-03-04T00:00:00
4900,3659,3,27384,cleansing,2026-09-17T11:12:16,1,Synthetic / Demo Data,2026-09-17T00:00:00
4901,3659,34,27385,toner,2026-09-17T08:38:44,1,Synthetic / Demo Data,2026-09-17T00:00:00
4902,3659,77,27389,moisturizer,2026-09-22T04:48:48,1,Synthetic / Demo Data,2026-09-22T00:00:00
4903,3659,117,27391,spf,2026-09-22T07:58:46,1,Synthetic / Demo Data,2026-09-22T00:00:00
4904,3664,76,27405,moisturizer,2026-07-11T17:52:10,1,Synthetic / Demo Data,2026-07-11T00:00:00
4905,3664,118,27406,spf,2026-07-11T20:28:36,1,Synthetic / Demo Data,2026-07-11T00:00:00
4906,3664,37,27411,toner,2026-07-13T10:23:30,1,Synthetic / Demo Data,2026-07-13T00:00:00
4907,3665,67,27419,active,2026-06-18T09:16:52,1,Synthetic / Demo Data,2026-06-18T00:00:00
4908,3666,103,27422,spf,2026-02-18T15:01:09,1,Synthetic / Demo Data,2026-02-18T00:00:00
4909,3666,53,27428,active,2026-02-24T15:43:55,1,Synthetic / Demo Data,2026-02-24T00:00:00
4910,3668,116,27452,spf,2026-07-29T16:56:51,1,Synthetic / Demo Data,2026-07-29T00:00:00
4911,3669,66,27461,active,2026-04-08T20:47:12,1,Synthetic / Demo Data,2026-04-08T00:00:00
4912,3669,77,27463,moisturizer,2026-04-22T16:55:37,1,Synthetic / Demo Data,2026-04-22T00:00:00
4913,3669,51,27464,active,2026-04-22T23:24:10,1,Synthetic / Demo Data,2026-04-22T00:00:00
4914,3669,100,27465,spf,2026-04-22T19:47:42,1,Synthetic / Demo Data,2026-04-22T00:00:00
4915,3670,75,27470,moisturizer,2026-04-06T14:58:25,1,Synthetic / Demo Data,2026-04-06T00:00:00
4916,3671,10,27486,cleansing,2026-01-25T01:21:31,1,Synthetic / Demo Data,2026-01-25T00:00:00
4917,3671,31,27488,toner,2026-01-25T04:15:38,1,Synthetic / Demo Data,2026-01-25T00:00:00
4918,3672,105,27491,spf,2026-08-06T03:53:00,1,Synthetic / Demo Data,2026-08-06T00:00:00
4919,3672,12,27492,cleansing,2026-08-06T05:50:38,1,Synthetic / Demo Data,2026-08-06T00:00:00
4920,3672,17,27493,cleansing,2026-08-06T04:46:48,1,Synthetic / Demo Data,2026-08-06T00:00:00
4921,3672,57,27495,active,2026-08-15T07:30:50,1,Synthetic / Demo Data,2026-08-15T00:00:00
4922,3673,55,27509,active,2026-02-28T21:53:42,0,Synthetic / Demo Data,2026-02-28T00:00:00
4923,3673,7,27510,cleansing,2026-02-28T21:44:27,1,Synthetic / Demo Data,2026-02-28T00:00:00
4924,3674,61,27517,active,2026-02-21T02:41:04,1,Synthetic / Demo Data,2026-02-21T00:00:00
4925,3674,85,27518,moisturizer,2026-02-21T01:30:46,1,Synthetic / Demo Data,2026-02-21T00:00:00
4926,3675,82,27524,moisturizer,2026-07-16T02:37:00,1,Synthetic / Demo Data,2026-07-16T00:00:00
4927,3675,40,27525,toner,2026-07-16T07:20:47,1,Synthetic / Demo Data,2026-07-16T00:00:00
4928,3675,21,27532,cleansing,2026-07-23T10:39:25,1,Synthetic / Demo Data,2026-07-23T00:00:00
4929,3675,76,27533,moisturizer,2026-07-25T18:26:55,1,Synthetic / Demo Data,2026-07-25T00:00:00
4930,3677,94,27539,moisturizer,2026-04-11T06:47:59,1,Synthetic / Demo Data,2026-04-11T00:00:00
4931,3677,92,27540,moisturizer,2026-04-11T10:15:56,1,Synthetic / Demo Data,2026-04-11T00:00:00
4932,3678,1,27548,cleansing,2026-02-20T21:06:18,1,Synthetic / Demo Data,2026-02-20T00:00:00
4933,3678,74,27552,moisturizer,2026-02-22T04:13:30,1,Synthetic / Demo Data,2026-02-22T00:00:00
4934,3680,112,27566,spf,2026-03-05T21:45:03,1,Synthetic / Demo Data,2026-03-05T00:00:00
4935,3680,74,27567,moisturizer,2026-03-05T19:36:44,1,Synthetic / Demo Data,2026-03-05T00:00:00
4936,3680,2,27577,cleansing,2026-03-18T17:29:49,1,Synthetic / Demo Data,2026-03-18T00:00:00
4937,3682,74,27590,moisturizer,2026-08-17T13:48:09,1,Synthetic / Demo Data,2026-08-17T00:00:00
4938,3684,12,27608,cleansing,2026-04-12T09:49:39,1,Synthetic / Demo Data,2026-04-12T00:00:00
4939,3684,106,27609,spf,2026-04-12T13:06:22,1,Synthetic / Demo Data,2026-04-12T00:00:00
4940,3684,13,27610,cleansing,2026-04-12T11:20:06,1,Synthetic / Demo Data,2026-04-12T00:00:00
4941,3686,32,27627,toner,2026-01-22T15:10:36,1,Synthetic / Demo Data,2026-01-22T00:00:00
4942,3686,12,27631,cleansing,2026-01-25T14:51:34,1,Synthetic / Demo Data,2026-01-25T00:00:00
4943,3686,57,27636,active,2026-02-05T13:09:43,1,Synthetic / Demo Data,2026-02-05T00:00:00
4944,3686,40,27638,toner,2026-02-05T12:28:05,1,Synthetic / Demo Data,2026-02-05T00:00:00
4945,3687,64,27645,active,2026-03-04T09:04:50,1,Synthetic / Demo Data,2026-03-04T00:00:00
4946,3687,40,27647,toner,2026-03-04T05:24:16,1,Synthetic / Demo Data,2026-03-04T00:00:00
4947,3689,14,27652,cleansing,2026-02-12T04:43:56,1,Synthetic / Demo Data,2026-02-12T00:00:00
4948,3691,43,27660,toner,2026-01-27T20:30:37,0,Synthetic / Demo Data,2026-01-27T00:00:00
4949,3691,46,27661,toner,2026-01-27T18:29:57,1,Synthetic / Demo Data,2026-01-27T00:00:00
4950,3691,14,27663,cleansing,2026-02-06T14:28:32,0,Synthetic / Demo Data,2026-02-06T00:00:00
4951,3691,21,27666,cleansing,2026-02-06T12:09:11,1,Synthetic / Demo Data,2026-02-06T00:00:00
4952,3691,116,27667,spf,2026-02-06T11:08:05,1,Synthetic / Demo Data,2026-02-06T00:00:00
4953,3691,17,27671,cleansing,2026-02-10T20:57:24,1,Synthetic / Demo Data,2026-02-10T00:00:00
4954,3693,34,27678,toner,2026-06-16T16:01:12,1,Synthetic / Demo Data,2026-06-16T00:00:00
4955,3694,19,27695,cleansing,2026-07-19T17:09:05,1,Synthetic / Demo Data,2026-07-19T00:00:00
4956,3695,53,27703,active,2026-04-07T23:23:17,1,Synthetic / Demo Data,2026-04-07T00:00:00
4957,3698,21,27716,cleansing,2026-04-26T00:20:49,1,Synthetic / Demo Data,2026-04-26T00:00:00
4958,3698,29,27719,toner,2026-05-03T13:14:33,1,Synthetic / Demo Data,2026-05-03T00:00:00
4959,3699,20,27729,cleansing,2026-08-08T19:32:30,1,Synthetic / Demo Data,2026-08-08T00:00:00
4960,3701,51,27738,active,2026-07-15T14:51:49,1,Synthetic / Demo Data,2026-07-15T00:00:00
4961,3701,110,27742,spf,2026-07-15T15:35:16,1,Synthetic / Demo Data,2026-07-15T00:00:00
4962,3703,112,27747,spf,2026-03-23T03:20:17,1,Synthetic / Demo Data,2026-03-23T00:00:00
4963,3703,21,27750,cleansing,2026-03-23T08:35:02,0,Synthetic / Demo Data,2026-03-23T00:00:00
4964,3703,52,27754,active,2026-04-01T14:01:24,1,Synthetic / Demo Data,2026-04-01T00:00:00
4965,3703,82,27759,moisturizer,2026-04-11T06:28:20,1,Synthetic / Demo Data,2026-04-11T00:00:00
4966,3703,9,27760,cleansing,2026-04-11T09:03:23,1,Synthetic / Demo Data,2026-04-11T00:00:00
4967,3704,40,27762,toner,2026-05-12T19:07:17,1,Synthetic / Demo Data,2026-05-12T00:00:00
4968,3704,80,27764,moisturizer,2026-05-12T14:13:54,1,Synthetic / Demo Data,2026-05-12T00:00:00
4969,3704,5,27765,cleansing,2026-05-12T16:24:32,1,Synthetic / Demo Data,2026-05-12T00:00:00
4970,3706,34,27782,toner,2026-07-28T02:08:49,1,Synthetic / Demo Data,2026-07-28T00:00:00
4971,3706,31,27783,toner,2026-07-28T01:52:07,1,Synthetic / Demo Data,2026-07-28T00:00:00
4972,3708,116,27794,spf,2026-03-29T21:47:56,1,Synthetic / Demo Data,2026-03-29T00:00:00
4973,3709,49,27807,active,2026-08-31T02:54:43,1,Synthetic / Demo Data,2026-08-31T00:00:00
4974,3709,45,27812,toner,2026-09-05T00:54:10,1,Synthetic / Demo Data,2026-09-05T00:00:00
4975,3710,74,27818,moisturizer,2026-04-26T07:14:03,1,Synthetic / Demo Data,2026-04-26T00:00:00
4976,3710,35,27819,toner,2026-04-26T04:13:12,1,Synthetic / Demo Data,2026-04-26T00:00:00
4977,3713,34,27830,toner,2026-04-28T03:02:02,0,Synthetic / Demo Data,2026-04-28T00:00:00
4978,3713,24,27841,cleansing,2026-05-03T00:12:33,1,Synthetic / Demo Data,2026-05-03T00:00:00
4979,3714,118,27849,spf,2026-06-29T23:00:45,1,Synthetic / Demo Data,2026-06-29T00:00:00
4980,3716,63,27871,active,2026-07-16T22:53:59,1,Synthetic / Demo Data,2026-07-16T00:00:00
4981,3716,55,27876,active,2026-07-17T04:29:39,1,Synthetic / Demo Data,2026-07-17T00:00:00
4982,3717,14,27883,cleansing,2026-02-07T09:37:14,1,Synthetic / Demo Data,2026-02-07T00:00:00
4983,3717,63,27885,active,2026-02-08T03:10:39,0,Synthetic / Demo Data,2026-02-08T00:00:00
4984,3718,74,27891,moisturizer,2026-05-11T01:24:58,1,Synthetic / Demo Data,2026-05-11T00:00:00
4985,3719,4,27901,cleansing,2026-01-25T02:35:10,1,Synthetic / Demo Data,2026-01-25T00:00:00
4986,3719,109,27903,spf,2026-01-25T01:24:19,1,Synthetic / Demo Data,2026-01-25T00:00:00
4987,3719,69,27908,active,2026-01-27T06:55:30,1,Synthetic / Demo Data,2026-01-27T00:00:00
4988,3720,68,27916,active,2026-01-07T03:57:31,1,Synthetic / Demo Data,2026-01-07T00:00:00
4989,3720,51,27917,active,2026-01-07T04:02:51,1,Synthetic / Demo Data,2026-01-07T00:00:00
4990,3720,37,27923,toner,2026-01-07T14:17:34,1,Synthetic / Demo Data,2026-01-07T00:00:00
4991,3720,116,27924,spf,2026-01-11T13:31:48,1,Synthetic / Demo Data,2026-01-11T00:00:00
4992,3721,106,27926,spf,2026-08-31T22:08:15,1,Synthetic / Demo Data,2026-08-31T00:00:00
4993,3721,112,27932,spf,2026-09-04T04:59:41,1,Synthetic / Demo Data,2026-09-04T00:00:00
4994,3721,87,27933,moisturizer,2026-09-04T05:01:04,1,Synthetic / Demo Data,2026-09-04T00:00:00
4995,3724,21,27941,cleansing,2026-03-08T13:39:58,1,Synthetic / Demo Data,2026-03-08T00:00:00
4996,3727,116,27954,spf,2026-01-09T09:38:02,1,Synthetic / Demo Data,2026-01-09T00:00:00
4997,3729,74,27969,moisturizer,2026-08-22T05:37:00,1,Synthetic / Demo Data,2026-08-22T00:00:00
4998,3729,90,27970,moisturizer,2026-08-22T01:21:35,1,Synthetic / Demo Data,2026-08-22T00:00:00
4999,3729,14,27971,cleansing,2026-08-21T23:46:46,1,Synthetic / Demo Data,2026-08-21T00:00:00
5000,3729,2,27973,cleansing,2026-08-22T07:37:18,1,Synthetic / Demo Data,2026-08-22T00:00:00
5001,3731,82,27983,moisturizer,2026-03-04T22:01:34,1,Synthetic / Demo Data,2026-03-04T00:00:00
5002,3731,14,27986,cleansing,2026-03-15T20:32:07,1,Synthetic / Demo Data,2026-03-15T00:00:00
5003,3731,27,27990,toner,2026-03-22T15:41:04,1,Synthetic / Demo Data,2026-03-22T00:00:00
5004,3731,90,27991,moisturizer,2026-03-22T19:29:02,1,Synthetic / Demo Data,2026-03-22T00:00:00
5005,3732,82,27994,moisturizer,2026-06-04T20:22:57,1,Synthetic / Demo Data,2026-06-04T00:00:00
5006,3732,112,27996,spf,2026-06-04T16:42:37,1,Synthetic / Demo Data,2026-06-04T00:00:00
5007,3732,70,28001,active,2026-06-13T14:56:33,0,Synthetic / Demo Data,2026-06-13T00:00:00
5008,3733,94,28008,moisturizer,2026-03-25T20:26:50,1,Synthetic / Demo Data,2026-03-25T00:00:00
5009,3733,27,28013,toner,2026-04-04T07:39:49,1,Synthetic / Demo Data,2026-04-04T00:00:00
5010,3734,36,28017,toner,2026-08-06T07:17:30,1,Synthetic / Demo Data,2026-08-06T00:00:00
5011,3734,90,28024,moisturizer,2026-08-07T00:45:01,1,Synthetic / Demo Data,2026-08-07T00:00:00
5012,3735,1,28032,cleansing,2026-07-26T15:32:39,1,Synthetic / Demo Data,2026-07-26T00:00:00
5013,3735,94,28033,moisturizer,2026-07-26T11:34:18,1,Synthetic / Demo Data,2026-07-26T00:00:00
5014,3735,9,28034,cleansing,2026-07-26T09:04:36,1,Synthetic / Demo Data,2026-07-26T00:00:00
5015,3735,4,28037,cleansing,2026-08-10T08:49:10,1,Synthetic / Demo Data,2026-08-10T00:00:00
5016,3736,1,28042,cleansing,2026-01-13T17:54:00,1,Synthetic / Demo Data,2026-01-13T00:00:00
5017,3736,112,28046,spf,2026-01-17T11:39:36,1,Synthetic / Demo Data,2026-01-17T00:00:00
5018,3737,110,28049,spf,2026-08-30T18:19:03,1,Synthetic / Demo Data,2026-08-30T00:00:00
5019,3737,63,28056,active,2026-09-09T09:16:16,0,Synthetic / Demo Data,2026-09-09T00:00:00
5020,3738,69,28062,active,2026-08-15T20:36:23,1,Synthetic / Demo Data,2026-08-15T00:00:00
5021,3738,16,28067,cleansing,2026-08-24T11:09:15,1,Synthetic / Demo Data,2026-08-24T00:00:00
5022,3739,9,28073,cleansing,2026-08-29T13:46:04,1,Synthetic / Demo Data,2026-08-29T00:00:00
5023,3739,94,28075,moisturizer,2026-08-29T11:17:34,1,Synthetic / Demo Data,2026-08-29T00:00:00
5024,3739,109,28077,spf,2026-09-06T08:08:32,1,Synthetic / Demo Data,2026-09-06T00:00:00
5025,3739,17,28078,cleansing,2026-09-06T10:18:55,1,Synthetic / Demo Data,2026-09-06T00:00:00
5026,3740,89,28083,moisturizer,2026-05-04T17:09:41,1,Synthetic / Demo Data,2026-05-04T00:00:00
5027,3742,27,28103,toner,2026-01-29T04:16:05,1,Synthetic / Demo Data,2026-01-29T00:00:00
5028,3742,114,28110,spf,2026-01-30T12:50:32,1,Synthetic / Demo Data,2026-01-30T00:00:00
5029,3745,16,28119,cleansing,2026-04-07T05:56:36,1,Synthetic / Demo Data,2026-04-07T00:00:00
5030,3745,103,28120,spf,2026-04-07T01:42:29,1,Synthetic / Demo Data,2026-04-07T00:00:00
5031,3745,66,28121,active,2026-04-07T07:19:00,1,Synthetic / Demo Data,2026-04-07T00:00:00
5032,3745,94,28122,moisturizer,2026-04-07T03:33:58,1,Synthetic / Demo Data,2026-04-07T00:00:00
5033,3745,24,28124,cleansing,2026-04-09T18:17:36,1,Synthetic / Demo Data,2026-04-09T00:00:00
5034,3745,111,28125,spf,2026-04-09T16:14:43,1,Synthetic / Demo Data,2026-04-09T00:00:00
5035,3745,82,28126,moisturizer,2026-04-09T14:34:09,1,Synthetic / Demo Data,2026-04-09T00:00:00
5036,3747,14,28136,cleansing,2026-06-22T18:59:29,1,Synthetic / Demo Data,2026-06-22T00:00:00
5037,3747,4,28141,cleansing,2026-06-26T00:08:30,1,Synthetic / Demo Data,2026-06-26T00:00:00
5038,3747,39,28143,toner,2026-06-26T01:15:00,1,Synthetic / Demo Data,2026-06-26T00:00:00
5039,3747,107,28146,spf,2026-07-01T21:08:43,1,Synthetic / Demo Data,2026-07-01T00:00:00
5040,3747,36,28147,toner,2026-07-01T18:53:45,1,Synthetic / Demo Data,2026-07-01T00:00:00
5041,3749,116,28150,spf,2026-03-25T13:12:39,0,Synthetic / Demo Data,2026-03-25T00:00:00
5042,3749,21,28152,cleansing,2026-03-25T13:26:05,1,Synthetic / Demo Data,2026-03-25T00:00:00
5043,3749,94,28157,moisturizer,2026-04-04T18:26:19,1,Synthetic / Demo Data,2026-04-04T00:00:00
5044,3750,94,28162,moisturizer,2026-03-19T10:35:14,1,Synthetic / Demo Data,2026-03-19T00:00:00
5045,3750,34,28164,toner,2026-03-19T17:04:34,1,Synthetic / Demo Data,2026-03-19T00:00:00
5046,3750,40,28168,toner,2026-03-26T03:08:53,1,Synthetic / Demo Data,2026-03-26T00:00:00
5047,3751,68,28172,active,2026-02-13T01:16:18,1,Synthetic / Demo Data,2026-02-13T00:00:00
5048,3751,66,28174,active,2026-02-13T01:55:45,1,Synthetic / Demo Data,2026-02-13T00:00:00
5049,3751,89,28175,moisturizer,2026-02-17T03:06:02,1,Synthetic / Demo Data,2026-02-17T00:00:00
5050,3751,21,28178,cleansing,2026-02-16T23:04:44,1,Synthetic / Demo Data,2026-02-16T00:00:00
5051,3752,70,28183,active,2026-05-21T17:11:45,0,Synthetic / Demo Data,2026-05-21T00:00:00
5052,3752,74,28191,moisturizer,2026-05-28T23:52:27,1,Synthetic / Demo Data,2026-05-28T00:00:00
5053,3753,48,28197,toner,2026-09-06T13:32:09,1,Synthetic / Demo Data,2026-09-06T00:00:00
5054,3753,61,28202,active,2026-09-17T14:02:51,1,Synthetic / Demo Data,2026-09-17T00:00:00
5055,3753,81,28203,moisturizer,2026-09-19T21:33:54,1,Synthetic / Demo Data,2026-09-19T00:00:00
5056,3757,53,28216,active,2026-05-10T02:27:08,0,Synthetic / Demo Data,2026-05-10T00:00:00
5057,3758,66,28225,active,2026-05-21T04:36:56,1,Synthetic / Demo Data,2026-05-21T00:00:00
5058,3758,58,28228,active,2026-05-21T05:28:46,1,Synthetic / Demo Data,2026-05-21T00:00:00
5059,3758,76,28229,moisturizer,2026-05-21T05:18:08,1,Synthetic / Demo Data,2026-05-21T00:00:00
5060,3758,75,28230,moisturizer,2026-05-23T18:47:52,0,Synthetic / Demo Data,2026-05-23T00:00:00
5061,3758,14,28231,cleansing,2026-05-23T18:48:03,1,Synthetic / Demo Data,2026-05-23T00:00:00
5062,3758,43,28233,toner,2026-05-24T03:03:35,1,Synthetic / Demo Data,2026-05-24T00:00:00
5063,3758,33,28236,toner,2026-05-31T19:41:01,1,Synthetic / Demo Data,2026-05-31T00:00:00
5064,3759,89,28242,moisturizer,2026-05-03T23:15:44,0,Synthetic / Demo Data,2026-05-03T00:00:00
5065,3764,84,28259,moisturizer,2026-07-02T17:10:14,1,Synthetic / Demo Data,2026-07-02T00:00:00
5066,3764,14,28260,cleansing,2026-07-02T20:36:25,1,Synthetic / Demo Data,2026-07-02T00:00:00
5067,3764,4,28265,cleansing,2026-07-08T07:27:45,1,Synthetic / Demo Data,2026-07-08T00:00:00
5068,3764,34,28267,toner,2026-07-08T04:46:56,1,Synthetic / Demo Data,2026-07-08T00:00:00
5069,3764,94,28269,moisturizer,2026-07-11T04:14:19,0,Synthetic / Demo Data,2026-07-11T00:00:00
5070,3765,1,28276,cleansing,2026-05-05T02:49:02,1,Synthetic / Demo Data,2026-05-05T00:00:00
5071,3767,112,28279,spf,2026-01-05T21:22:40,1,Synthetic / Demo Data,2026-01-05T00:00:00
5072,3767,93,28280,moisturizer,2026-01-05T22:22:15,1,Synthetic / Demo Data,2026-01-05T00:00:00
5073,3767,106,28283,spf,2026-01-05T16:38:16,1,Synthetic / Demo Data,2026-01-05T00:00:00
5074,3768,76,28292,moisturizer,2026-07-30T08:01:50,0,Synthetic / Demo Data,2026-07-30T00:00:00
5075,3768,104,28294,spf,2026-07-30T07:16:21,0,Synthetic / Demo Data,2026-07-30T00:00:00
5076,3768,97,28296,spf,2026-08-09T06:18:59,1,Synthetic / Demo Data,2026-08-09T00:00:00
5077,3769,34,28303,toner,2026-03-12T12:07:24,0,Synthetic / Demo Data,2026-03-12T00:00:00
5078,3769,1,28310,cleansing,2026-03-19T06:40:06,1,Synthetic / Demo Data,2026-03-19T00:00:00
5079,3769,46,28312,toner,2026-03-26T10:50:01,1,Synthetic / Demo Data,2026-03-26T00:00:00
5080,3770,112,28313,spf,2026-06-29T11:03:43,1,Synthetic / Demo Data,2026-06-29T00:00:00
5081,3770,16,28314,cleansing,2026-06-29T19:43:31,1,Synthetic / Demo Data,2026-06-29T00:00:00
5082,3770,20,28319,cleansing,2026-07-02T17:56:41,1,Synthetic / Demo Data,2026-07-02T00:00:00
5083,3771,7,28324,cleansing,2026-06-29T18:42:34,1,Synthetic / Demo Data,2026-06-29T00:00:00
5084,3772,82,28335,moisturizer,2026-03-21T10:29:51,1,Synthetic / Demo Data,2026-03-21T00:00:00
5085,3772,53,28337,active,2026-03-21T12:30:34,1,Synthetic / Demo Data,2026-03-21T00:00:00
5086,3772,63,28340,active,2026-03-23T10:22:45,1,Synthetic / Demo Data,2026-03-23T00:00:00
5087,3772,22,28342,cleansing,2026-03-23T09:35:07,1,Synthetic / Demo Data,2026-03-23T00:00:00
5088,3773,49,28349,active,2026-06-28T02:14:26,1,Synthetic / Demo Data,2026-06-28T00:00:00
5089,3773,12,28350,cleansing,2026-06-28T00:06:45,1,Synthetic / Demo Data,2026-06-28T00:00:00
5090,3774,88,28356,moisturizer,2026-05-23T10:12:25,1,Synthetic / Demo Data,2026-05-23T00:00:00
5091,3774,66,28360,active,2026-06-08T08:46:33,1,Synthetic / Demo Data,2026-06-08T00:00:00
5092,3774,80,28362,moisturizer,2026-06-08T04:13:54,1,Synthetic / Demo Data,2026-06-08T00:00:00
5093,3774,12,28366,cleansing,2026-06-08T09:57:32,1,Synthetic / Demo Data,2026-06-08T00:00:00
5094,3776,75,28381,moisturizer,2026-03-13T20:40:41,1,Synthetic / Demo Data,2026-03-13T00:00:00
5095,3778,3,28401,cleansing,2026-02-06T23:43:27,1,Synthetic / Demo Data,2026-02-06T00:00:00
5096,3780,116,28405,spf,2026-07-04T02:00:20,1,Synthetic / Demo Data,2026-07-04T00:00:00
5097,3781,7,28414,cleansing,2026-06-14T10:58:44,1,Synthetic / Demo Data,2026-06-14T00:00:00
5098,3781,38,28416,toner,2026-06-14T09:58:06,1,Synthetic / Demo Data,2026-06-14T00:00:00
5099,3781,6,28422,cleansing,2026-06-30T18:01:16,1,Synthetic / Demo Data,2026-06-30T00:00:00
5100,3783,89,28423,moisturizer,2026-01-15T23:42:25,1,Synthetic / Demo Data,2026-01-15T00:00:00
5101,3783,97,28431,spf,2026-01-25T23:04:13,1,Synthetic / Demo Data,2026-01-25T00:00:00
5102,3783,21,28432,cleansing,2026-01-26T03:27:34,1,Synthetic / Demo Data,2026-01-26T00:00:00
5103,3784,14,28439,cleansing,2026-07-20T14:53:17,1,Synthetic / Demo Data,2026-07-20T00:00:00
5104,3785,57,28451,active,2026-07-24T17:09:20,1,Synthetic / Demo Data,2026-07-24T00:00:00
5105,3786,92,28469,moisturizer,2026-02-25T19:06:17,0,Synthetic / Demo Data,2026-02-25T00:00:00
5106,3787,63,28484,active,2026-02-10T03:21:32,1,Synthetic / Demo Data,2026-02-10T00:00:00
5107,3788,120,28490,spf,2026-09-02T10:46:52,1,Synthetic / Demo Data,2026-09-02T00:00:00
5108,3792,22,28519,cleansing,2026-04-08T01:12:18,1,Synthetic / Demo Data,2026-04-08T00:00:00
5109,3792,36,28520,toner,2026-04-08T04:18:42,1,Synthetic / Demo Data,2026-04-08T00:00:00
5110,3794,65,28536,active,2026-03-01T14:22:54,1,Synthetic / Demo Data,2026-03-01T00:00:00
5111,3794,112,28537,spf,2026-03-01T11:06:50,1,Synthetic / Demo Data,2026-03-01T00:00:00
5112,3794,106,28539,spf,2026-03-01T10:49:56,0,Synthetic / Demo Data,2026-03-01T00:00:00
5113,3794,70,28545,active,2026-03-10T14:55:03,0,Synthetic / Demo Data,2026-03-10T00:00:00
5114,3795,15,28552,cleansing,2026-04-25T04:11:02,1,Synthetic / Demo Data,2026-04-25T00:00:00
5115,3795,40,28556,toner,2026-05-04T20:46:14,1,Synthetic / Demo Data,2026-05-04T00:00:00
5116,3795,82,28559,moisturizer,2026-05-06T07:16:34,0,Synthetic / Demo Data,2026-05-06T00:00:00
5117,3797,62,28564,active,2026-04-02T15:30:00,1,Synthetic / Demo Data,2026-04-02T00:00:00
5118,3801,21,28575,cleansing,2026-08-18T22:01:21,1,Synthetic / Demo Data,2026-08-18T00:00:00
5119,3801,81,28580,moisturizer,2026-08-29T13:43:54,1,Synthetic / Demo Data,2026-08-29T00:00:00
5120,3803,17,28596,cleansing,2026-08-14T06:55:33,1,Synthetic / Demo Data,2026-08-14T00:00:00
5121,3803,105,28597,spf,2026-08-14T11:41:57,1,Synthetic / Demo Data,2026-08-14T00:00:00
5122,3809,89,28614,moisturizer,2026-08-04T19:37:02,1,Synthetic / Demo Data,2026-08-04T00:00:00
5123,3809,6,28621,cleansing,2026-08-17T22:16:54,1,Synthetic / Demo Data,2026-08-17T00:00:00
5124,3810,39,28623,toner,2026-07-03T21:37:50,1,Synthetic / Demo Data,2026-07-03T00:00:00
5125,3810,1,28624,cleansing,2026-07-03T23:18:25,1,Synthetic / Demo Data,2026-07-03T00:00:00
5126,3810,106,28628,spf,2026-07-12T01:09:47,1,Synthetic / Demo Data,2026-07-12T00:00:00
5127,3811,17,28631,cleansing,2026-09-02T01:28:03,1,Synthetic / Demo Data,2026-09-02T00:00:00
5128,3811,116,28638,spf,2026-09-18T07:30:02,0,Synthetic / Demo Data,2026-09-18T00:00:00
5129,3812,4,28647,cleansing,2026-03-05T19:22:34,1,Synthetic / Demo Data,2026-03-05T00:00:00
5130,3813,116,28653,spf,2026-07-01T15:36:23,1,Synthetic / Demo Data,2026-07-01T00:00:00
5131,3817,116,28670,spf,2026-03-21T09:08:27,1,Synthetic / Demo Data,2026-03-21T00:00:00
5132,3818,34,28679,toner,2026-05-08T12:57:16,1,Synthetic / Demo Data,2026-05-08T00:00:00
5133,3818,20,28680,cleansing,2026-05-23T11:36:37,1,Synthetic / Demo Data,2026-05-23T00:00:00
5134,3818,22,28684,cleansing,2026-05-23T08:35:33,1,Synthetic / Demo Data,2026-05-23T00:00:00
5135,3819,10,28687,cleansing,2026-01-23T18:11:20,1,Synthetic / Demo Data,2026-01-23T00:00:00
5136,3820,12,28706,cleansing,2026-04-04T03:58:21,1,Synthetic / Demo Data,2026-04-04T00:00:00
5137,3822,39,28713,toner,2026-05-05T08:34:57,1,Synthetic / Demo Data,2026-05-05T00:00:00
5138,3824,82,28714,moisturizer,2026-05-02T06:11:31,0,Synthetic / Demo Data,2026-05-02T00:00:00
5139,3824,77,28717,moisturizer,2026-05-02T08:30:52,1,Synthetic / Demo Data,2026-05-02T00:00:00
5140,3824,14,28720,cleansing,2026-05-08T00:00:35,1,Synthetic / Demo Data,2026-05-08T00:00:00
5141,3824,65,28724,active,2026-05-17T04:32:59,1,Synthetic / Demo Data,2026-05-17T00:00:00
5142,3825,84,28730,moisturizer,2026-05-04T13:56:31,1,Synthetic / Demo Data,2026-05-04T00:00:00
5143,3827,74,28747,moisturizer,2026-05-09T10:49:59,1,Synthetic / Demo Data,2026-05-09T00:00:00
5144,3828,116,28753,spf,2026-03-20T07:27:35,1,Synthetic / Demo Data,2026-03-20T00:00:00
5145,3829,84,28758,moisturizer,2026-02-04T09:34:58,1,Synthetic / Demo Data,2026-02-04T00:00:00
5146,3829,17,28762,cleansing,2026-02-12T05:15:03,1,Synthetic / Demo Data,2026-02-12T00:00:00
5147,3829,28,28763,toner,2026-02-12T01:50:33,1,Synthetic / Demo Data,2026-02-12T00:00:00
5148,3831,39,28779,toner,2026-06-26T14:49:54,1,Synthetic / Demo Data,2026-06-26T00:00:00
5149,3831,18,28788,cleansing,2026-06-28T21:42:48,1,Synthetic / Demo Data,2026-06-28T00:00:00
5150,3832,52,28791,active,2026-07-09T21:02:14,1,Synthetic / Demo Data,2026-07-09T00:00:00
5151,3832,1,28797,cleansing,2026-07-10T21:37:58,1,Synthetic / Demo Data,2026-07-10T00:00:00
5152,3832,39,28799,toner,2026-07-11T01:08:38,1,Synthetic / Demo Data,2026-07-11T00:00:00
5153,3832,109,28801,spf,2026-07-22T07:34:17,1,Synthetic / Demo Data,2026-07-22T00:00:00
5154,3832,106,28803,spf,2026-07-22T05:36:51,1,Synthetic / Demo Data,2026-07-22T00:00:00
5155,3833,34,28813,toner,2026-06-24T12:58:46,1,Synthetic / Demo Data,2026-06-24T00:00:00
5156,3834,79,28820,moisturizer,2026-07-13T17:26:15,1,Synthetic / Demo Data,2026-07-13T00:00:00
5157,3834,1,28821,cleansing,2026-07-13T15:54:17,1,Synthetic / Demo Data,2026-07-13T00:00:00
5158,3834,82,28822,moisturizer,2026-07-13T12:59:16,1,Synthetic / Demo Data,2026-07-13T00:00:00
5159,3835,88,28828,moisturizer,2026-03-14T18:27:56,1,Synthetic / Demo Data,2026-03-14T00:00:00
5160,3835,1,28830,cleansing,2026-03-14T20:13:35,1,Synthetic / Demo Data,2026-03-14T00:00:00
5161,3835,73,28834,moisturizer,2026-03-26T12:29:34,1,Synthetic / Demo Data,2026-03-26T00:00:00
5162,3836,7,28836,cleansing,2026-06-09T04:38:13,1,Synthetic / Demo Data,2026-06-09T00:00:00
5163,3836,92,28841,moisturizer,2026-06-09T12:00:31,1,Synthetic / Demo Data,2026-06-09T00:00:00
5164,3837,28,28851,toner,2026-04-07T16:22:39,1,Synthetic / Demo Data,2026-04-07T00:00:00
5165,3837,106,28853,spf,2026-04-07T14:40:42,1,Synthetic / Demo Data,2026-04-07T00:00:00
5166,3837,116,28858,spf,2026-04-10T06:17:08,0,Synthetic / Demo Data,2026-04-10T00:00:00
5167,3838,109,28862,spf,2026-02-14T18:12:13,1,Synthetic / Demo Data,2026-02-14T00:00:00
5168,3838,72,28864,active,2026-02-21T21:36:33,1,Synthetic / Demo Data,2026-02-21T00:00:00
5169,3841,17,28877,cleansing,2026-05-18T20:34:11,1,Synthetic / Demo Data,2026-05-18T00:00:00
5170,3841,21,28880,cleansing,2026-05-18T17:56:28,1,Synthetic / Demo Data,2026-05-18T00:00:00
5171,3841,70,28887,active,2026-06-04T13:44:04,1,Synthetic / Demo Data,2026-06-04T00:00:00
5172,3841,116,28888,spf,2026-06-04T09:24:28,1,Synthetic / Demo Data,2026-06-04T00:00:00
5173,3842,94,28896,moisturizer,2026-03-13T10:03:36,1,Synthetic / Demo Data,2026-03-13T00:00:00
5174,3843,90,28904,moisturizer,2026-06-27T00:13:21,1,Synthetic / Demo Data,2026-06-27T00:00:00
5175,3843,97,28907,spf,2026-06-27T02:53:40,1,Synthetic / Demo Data,2026-06-27T00:00:00
5176,3843,69,28908,active,2026-07-03T07:27:26,1,Synthetic / Demo Data,2026-07-03T00:00:00
5177,3843,120,28909,spf,2026-07-03T14:37:47,1,Synthetic / Demo Data,2026-07-03T00:00:00
5178,3845,112,28919,spf,2026-03-04T03:39:21,1,Synthetic / Demo Data,2026-03-04T00:00:00
5179,3845,76,28922,moisturizer,2026-03-14T04:05:26,1,Synthetic / Demo Data,2026-03-14T00:00:00
5180,3845,48,28924,toner,2026-03-13T23:09:54,1,Synthetic / Demo Data,2026-03-13T00:00:00
5181,3847,88,28929,moisturizer,2026-01-08T02:21:11,1,Synthetic / Demo Data,2026-01-08T00:00:00
5182,3848,97,28938,spf,2026-02-07T20:32:07,1,Synthetic / Demo Data,2026-02-07T00:00:00
5183,3848,86,28944,moisturizer,2026-02-15T00:02:42,1,Synthetic / Demo Data,2026-02-15T00:00:00
5184,3848,67,28946,active,2026-02-14T18:30:28,1,Synthetic / Demo Data,2026-02-14T00:00:00
5185,3849,16,28948,cleansing,2026-06-27T12:43:00,1,Synthetic / Demo Data,2026-06-27T00:00:00
5186,3849,106,28949,spf,2026-06-27T14:42:12,1,Synthetic / Demo Data,2026-06-27T00:00:00
5187,3849,74,28950,moisturizer,2026-06-27T13:52:33,1,Synthetic / Demo Data,2026-06-27T00:00:00
5188,3849,115,28954,spf,2026-06-30T23:35:27,1,Synthetic / Demo Data,2026-06-30T00:00:00
5189,3849,111,28955,spf,2026-06-30T23:36:19,1,Synthetic / Demo Data,2026-06-30T00:00:00
5190,3849,82,28958,moisturizer,2026-07-14T23:24:37,0,Synthetic / Demo Data,2026-07-14T00:00:00
5191,3850,24,28964,cleansing,2026-08-05T16:51:56,1,Synthetic / Demo Data,2026-08-05T00:00:00
5192,3850,106,28969,spf,2026-08-05T18:50:10,1,Synthetic / Demo Data,2026-08-05T00:00:00
5193,3852,82,28981,moisturizer,2026-09-09T22:41:05,1,Synthetic / Demo Data,2026-09-09T00:00:00
5194,3855,82,28991,moisturizer,2026-03-13T13:18:05,1,Synthetic / Demo Data,2026-03-13T00:00:00
5195,3857,110,28998,spf,2026-04-01T06:45:49,1,Synthetic / Demo Data,2026-04-01T00:00:00
5196,3859,104,29003,spf,2026-07-09T23:07:04,1,Synthetic / Demo Data,2026-07-09T00:00:00
5197,3859,21,29005,cleansing,2026-07-09T20:40:41,1,Synthetic / Demo Data,2026-07-09T00:00:00
5198,3860,82,29015,moisturizer,2026-03-31T07:25:55,1,Synthetic / Demo Data,2026-03-31T00:00:00
5199,3860,25,29017,toner,2026-03-31T04:06:17,1,Synthetic / Demo Data,2026-03-31T00:00:00
5200,3860,40,29023,toner,2026-03-31T19:24:33,1,Synthetic / Demo Data,2026-03-31T00:00:00
5201,3861,54,29026,active,2026-05-12T23:14:06,0,Synthetic / Demo Data,2026-05-12T00:00:00
5202,3862,21,29034,cleansing,2026-08-16T16:35:13,1,Synthetic / Demo Data,2026-08-16T00:00:00
5203,3863,69,29046,active,2026-07-12T11:43:41,1,Synthetic / Demo Data,2026-07-12T00:00:00
5204,3863,21,29048,cleansing,2026-07-15T19:45:08,1,Synthetic / Demo Data,2026-07-15T00:00:00
5205,3863,38,29051,toner,2026-07-15T20:07:19,1,Synthetic / Demo Data,2026-07-15T00:00:00
5206,3865,21,29066,cleansing,2026-04-21T16:25:08,1,Synthetic / Demo Data,2026-04-21T00:00:00
5207,3867,103,29075,spf,2026-07-23T08:34:28,1,Synthetic / Demo Data,2026-07-23T00:00:00
5208,3867,49,29076,active,2026-07-23T09:04:15,1,Synthetic / Demo Data,2026-07-23T00:00:00
5209,3868,17,29088,cleansing,2026-01-17T08:31:33,1,Synthetic / Demo Data,2026-01-17T00:00:00
5210,3868,22,29090,cleansing,2026-01-17T10:17:22,1,Synthetic / Demo Data,2026-01-17T00:00:00
5211,3869,80,29094,moisturizer,2026-02-07T13:01:03,1,Synthetic / Demo Data,2026-02-07T00:00:00
5212,3869,21,29097,cleansing,2026-02-07T14:19:35,1,Synthetic / Demo Data,2026-02-07T00:00:00
5213,3869,72,29098,active,2026-02-24T22:59:35,1,Synthetic / Demo Data,2026-02-24T00:00:00
5214,3870,90,29103,moisturizer,2026-04-24T08:04:43,1,Synthetic / Demo Data,2026-04-24T00:00:00
5215,3870,112,29107,spf,2026-04-24T09:02:40,1,Synthetic / Demo Data,2026-04-24T00:00:00
5216,3870,65,29113,active,2026-05-09T08:35:43,1,Synthetic / Demo Data,2026-05-09T00:00:00
5217,3871,106,29116,spf,2026-03-29T20:27:08,1,Synthetic / Demo Data,2026-03-29T00:00:00
5218,3871,116,29124,spf,2026-04-02T16:02:42,1,Synthetic / Demo Data,2026-04-02T00:00:00
5219,3872,62,29133,active,2026-07-07T05:00:32,1,Synthetic / Demo Data,2026-07-07T00:00:00
5220,3874,107,29138,spf,2026-02-06T20:53:55,1,Synthetic / Demo Data,2026-02-06T00:00:00
5221,3874,110,29142,spf,2026-02-27T07:46:47,1,Synthetic / Demo Data,2026-02-27T00:00:00
5222,3874,68,29143,active,2026-02-27T04:31:47,1,Synthetic / Demo Data,2026-02-27T00:00:00
5223,3874,14,29144,cleansing,2026-02-27T01:41:15,1,Synthetic / Demo Data,2026-02-27T00:00:00
5224,3874,74,29147,moisturizer,2026-02-28T02:06:41,1,Synthetic / Demo Data,2026-02-28T00:00:00
5225,3874,85,29149,moisturizer,2026-02-27T23:55:46,1,Synthetic / Demo Data,2026-02-27T00:00:00
5226,3875,96,29156,moisturizer,2026-03-13T14:33:35,0,Synthetic / Demo Data,2026-03-13T00:00:00
5227,3875,7,29159,cleansing,2026-03-13T13:54:53,1,Synthetic / Demo Data,2026-03-13T00:00:00
5228,3875,97,29161,spf,2026-03-24T00:57:11,1,Synthetic / Demo Data,2026-03-24T00:00:00
5229,3875,53,29162,active,2026-03-24T02:45:24,1,Synthetic / Demo Data,2026-03-24T00:00:00
5230,3875,12,29163,cleansing,2026-03-24T05:45:04,1,Synthetic / Demo Data,2026-03-24T00:00:00
5231,3875,40,29164,toner,2026-03-24T00:22:23,1,Synthetic / Demo Data,2026-03-24T00:00:00
5232,3876,97,29166,spf,2026-02-11T00:31:30,1,Synthetic / Demo Data,2026-02-11T00:00:00
5233,3876,76,29167,moisturizer,2026-02-10T22:12:11,1,Synthetic / Demo Data,2026-02-10T00:00:00
5234,3876,109,29172,spf,2026-02-19T21:51:12,1,Synthetic / Demo Data,2026-02-19T00:00:00
5235,3876,31,29179,toner,2026-02-26T16:54:26,1,Synthetic / Demo Data,2026-02-26T00:00:00
5236,3877,27,29182,toner,2026-01-31T01:48:18,0,Synthetic / Demo Data,2026-01-31T00:00:00
5237,3877,30,29187,toner,2026-02-03T20:38:57,1,Synthetic / Demo Data,2026-02-03T00:00:00
5238,3878,104,29195,spf,2026-05-17T04:03:27,1,Synthetic / Demo Data,2026-05-17T00:00:00
5239,3880,11,29206,cleansing,2026-03-24T22:28:15,1,Synthetic / Demo Data,2026-03-24T00:00:00
5240,3880,90,29211,moisturizer,2026-03-25T23:55:11,1,Synthetic / Demo Data,2026-03-25T00:00:00
5241,3880,75,29212,moisturizer,2026-03-25T21:29:54,1,Synthetic / Demo Data,2026-03-25T00:00:00
5242,3880,111,29213,spf,2026-03-25T21:42:38,1,Synthetic / Demo Data,2026-03-25T00:00:00
5243,3881,36,29222,toner,2026-07-23T04:46:19,1,Synthetic / Demo Data,2026-07-23T00:00:00
5244,3881,14,29226,cleansing,2026-07-29T00:08:46,1,Synthetic / Demo Data,2026-07-29T00:00:00
5245,3882,21,29235,cleansing,2026-07-24T13:20:16,1,Synthetic / Demo Data,2026-07-24T00:00:00
5246,3882,106,29237,spf,2026-07-24T15:32:21,1,Synthetic / Demo Data,2026-07-24T00:00:00
5247,3884,1,29241,cleansing,2026-07-11T15:50:59,1,Synthetic / Demo Data,2026-07-11T00:00:00
5248,3884,112,29243,spf,2026-07-28T15:05:44,0,Synthetic / Demo Data,2026-07-28T00:00:00
5249,3884,106,29247,spf,2026-07-28T20:51:15,1,Synthetic / Demo Data,2026-07-28T00:00:00
5250,3885,12,29252,cleansing,2026-08-31T15:47:31,1,Synthetic / Demo Data,2026-08-31T00:00:00
5251,3885,80,29257,moisturizer,2026-09-09T10:39:35,1,Synthetic / Demo Data,2026-09-09T00:00:00
5252,3886,33,29264,toner,2026-05-26T13:42:33,1,Synthetic / Demo Data,2026-05-26T00:00:00
5253,3887,73,29272,moisturizer,2026-03-24T17:36:44,0,Synthetic / Demo Data,2026-03-24T00:00:00
5254,3888,20,29277,cleansing,2026-03-31T20:40:39,1,Synthetic / Demo Data,2026-03-31T00:00:00
5255,3888,22,29278,cleansing,2026-03-31T19:47:00,1,Synthetic / Demo Data,2026-03-31T00:00:00
5256,3890,54,29289,active,2026-01-20T17:51:21,1,Synthetic / Demo Data,2026-01-20T00:00:00
5257,3890,3,29291,cleansing,2026-01-20T21:30:53,1,Synthetic / Demo Data,2026-01-20T00:00:00
5258,3890,75,29292,moisturizer,2026-01-20T19:12:14,1,Synthetic / Demo Data,2026-01-20T00:00:00
5259,3892,116,29312,spf,2026-07-16T20:25:10,1,Synthetic / Demo Data,2026-07-16T00:00:00
5260,3892,58,29314,active,2026-07-16T19:08:28,1,Synthetic / Demo Data,2026-07-16T00:00:00
5261,3893,74,29316,moisturizer,2026-02-15T18:39:08,1,Synthetic / Demo Data,2026-02-15T00:00:00
5262,3893,108,29320,spf,2026-02-15T14:22:19,0,Synthetic / Demo Data,2026-02-15T00:00:00
5263,3893,82,29323,moisturizer,2026-03-04T05:00:19,1,Synthetic / Demo Data,2026-03-04T00:00:00
5264,3894,52,29325,active,2026-07-14T03:39:58,1,Synthetic / Demo Data,2026-07-14T00:00:00
5265,3894,21,29332,cleansing,2026-07-15T00:33:56,1,Synthetic / Demo Data,2026-07-15T00:00:00
5266,3895,21,29337,cleansing,2026-03-29T11:01:49,1,Synthetic / Demo Data,2026-03-29T00:00:00
5267,3895,55,29344,active,2026-04-12T13:37:22,1,Synthetic / Demo Data,2026-04-12T00:00:00
5268,3896,21,29350,cleansing,2026-09-01T08:56:31,1,Synthetic / Demo Data,2026-09-01T00:00:00
5269,3896,76,29352,moisturizer,2026-09-01T08:06:58,1,Synthetic / Demo Data,2026-09-01T00:00:00
5270,3896,107,29357,spf,2026-09-06T23:05:56,1,Synthetic / Demo Data,2026-09-06T00:00:00
5271,3898,75,29359,moisturizer,2026-09-08T20:53:27,1,Synthetic / Demo Data,2026-09-08T00:00:00
5272,3898,90,29362,moisturizer,2026-09-08T22:00:46,1,Synthetic / Demo Data,2026-09-08T00:00:00
5273,3900,22,29373,cleansing,2026-04-04T20:49:03,1,Synthetic / Demo Data,2026-04-04T00:00:00
5274,3903,1,29384,cleansing,2026-07-22T01:19:49,0,Synthetic / Demo Data,2026-07-22T00:00:00
5275,3904,116,29398,spf,2026-07-03T03:05:19,1,Synthetic / Demo Data,2026-07-03T00:00:00
5276,3905,1,29405,cleansing,2026-08-04T01:55:10,1,Synthetic / Demo Data,2026-08-04T00:00:00
5277,3905,80,29407,moisturizer,2026-08-04T01:58:08,1,Synthetic / Demo Data,2026-08-04T00:00:00
5278,3906,86,29416,moisturizer,2026-06-22T04:53:53,1,Synthetic / Demo Data,2026-06-22T00:00:00
5279,3907,82,29422,moisturizer,2026-01-22T05:06:05,1,Synthetic / Demo Data,2026-01-22T00:00:00
5280,3907,40,29423,toner,2026-01-22T04:34:16,1,Synthetic / Demo Data,2026-01-22T00:00:00
5281,3907,7,29425,cleansing,2026-01-22T09:00:07,1,Synthetic / Demo Data,2026-01-22T00:00:00
5282,3907,20,29430,cleansing,2026-01-28T06:12:35,1,Synthetic / Demo Data,2026-01-28T00:00:00
5283,3908,14,29433,cleansing,2026-05-23T21:22:07,1,Synthetic / Demo Data,2026-05-23T00:00:00
5284,3908,112,29436,spf,2026-05-23T22:38:50,1,Synthetic / Demo Data,2026-05-23T00:00:00
5285,3908,113,29440,spf,2026-05-27T07:29:36,1,Synthetic / Demo Data,2026-05-27T00:00:00
5286,3908,94,29441,moisturizer,2026-05-27T05:37:26,1,Synthetic / Demo Data,2026-05-27T00:00:00
5287,3908,25,29446,toner,2026-06-06T13:01:30,0,Synthetic / Demo Data,2026-06-06T00:00:00
5288,3910,96,29452,moisturizer,2026-01-16T04:24:58,1,Synthetic / Demo Data,2026-01-16T00:00:00
5289,3910,63,29453,active,2026-01-15T23:49:41,1,Synthetic / Demo Data,2026-01-15T00:00:00
5290,3911,115,29458,spf,2026-07-29T08:12:13,1,Synthetic / Demo Data,2026-07-29T00:00:00
5291,3911,66,29459,active,2026-07-29T06:09:11,0,Synthetic / Demo Data,2026-07-29T00:00:00
5292,3911,17,29463,cleansing,2026-08-13T14:08:39,0,Synthetic / Demo Data,2026-08-13T00:00:00
5293,3911,5,29466,cleansing,2026-08-13T17:48:55,1,Synthetic / Demo Data,2026-08-13T00:00:00
5294,3911,24,29469,cleansing,2026-08-15T15:01:13,1,Synthetic / Demo Data,2026-08-15T00:00:00
5295,3912,17,29477,cleansing,2026-05-02T20:04:45,1,Synthetic / Demo Data,2026-05-02T00:00:00
5296,3913,13,29480,cleansing,2026-09-01T03:40:31,1,Synthetic / Demo Data,2026-09-01T00:00:00
5297,3913,84,29486,moisturizer,2026-09-02T11:18:58,1,Synthetic / Demo Data,2026-09-02T00:00:00
5298,3913,78,29488,moisturizer,2026-09-02T14:17:49,1,Synthetic / Demo Data,2026-09-02T00:00:00
5299,3914,42,29496,toner,2026-03-03T06:56:02,1,Synthetic / Demo Data,2026-03-03T00:00:00
5300,3916,18,29503,cleansing,2026-01-14T03:13:37,1,Synthetic / Demo Data,2026-01-14T00:00:00
5301,3916,82,29510,moisturizer,2026-01-24T08:24:59,1,Synthetic / Demo Data,2026-01-24T00:00:00
5302,3920,120,29519,spf,2026-06-06T19:19:57,1,Synthetic / Demo Data,2026-06-06T00:00:00
5303,3920,116,29522,spf,2026-06-06T19:52:18,1,Synthetic / Demo Data,2026-06-06T00:00:00
5304,3921,73,29541,moisturizer,2026-07-11T07:18:06,1,Synthetic / Demo Data,2026-07-11T00:00:00
5305,3922,81,29546,moisturizer,2026-01-17T14:04:23,1,Synthetic / Demo Data,2026-01-17T00:00:00
5306,3922,37,29551,toner,2026-01-21T05:15:14,1,Synthetic / Demo Data,2026-01-21T00:00:00
5307,3925,90,29556,moisturizer,2026-04-14T05:05:32,1,Synthetic / Demo Data,2026-04-14T00:00:00
5308,3925,77,29558,moisturizer,2026-04-14T01:09:56,1,Synthetic / Demo Data,2026-04-14T00:00:00
5309,3925,74,29560,moisturizer,2026-04-14T04:56:19,1,Synthetic / Demo Data,2026-04-14T00:00:00
5310,3925,61,29561,active,2026-04-27T21:17:02,1,Synthetic / Demo Data,2026-04-27T00:00:00
5311,3925,25,29563,toner,2026-04-27T22:08:31,1,Synthetic / Demo Data,2026-04-27T00:00:00
5312,3925,116,29568,spf,2026-04-29T18:06:13,1,Synthetic / Demo Data,2026-04-29T00:00:00
5313,3926,24,29571,cleansing,2026-02-01T07:14:12,0,Synthetic / Demo Data,2026-02-01T00:00:00
5314,3927,12,29590,cleansing,2026-04-02T12:59:15,1,Synthetic / Demo Data,2026-04-02T00:00:00
5315,3927,75,29592,moisturizer,2026-04-02T14:47:52,1,Synthetic / Demo Data,2026-04-02T00:00:00
5316,3931,1,29600,cleansing,2026-06-01T10:17:17,1,Synthetic / Demo Data,2026-06-01T00:00:00
5317,3931,12,29602,cleansing,2026-06-01T10:24:26,1,Synthetic / Demo Data,2026-06-01T00:00:00
5318,3931,63,29603,active,2026-06-01T07:58:20,1,Synthetic / Demo Data,2026-06-01T00:00:00
5319,3932,25,29609,toner,2026-09-02T09:25:34,1,Synthetic / Demo Data,2026-09-02T00:00:00
5320,3932,14,29611,cleansing,2026-09-02T11:31:28,1,Synthetic / Demo Data,2026-09-02T00:00:00
5321,3932,118,29613,spf,2026-09-02T09:45:22,1,Synthetic / Demo Data,2026-09-02T00:00:00
5322,3932,20,29617,cleansing,2026-09-06T12:03:21,1,Synthetic / Demo Data,2026-09-06T00:00:00
5323,3935,78,29626,moisturizer,2026-05-05T16:47:25,1,Synthetic / Demo Data,2026-05-05T00:00:00
5324,3936,4,29638,cleansing,2026-05-08T11:01:14,1,Synthetic / Demo Data,2026-05-08T00:00:00
5325,3936,90,29643,moisturizer,2026-05-21T03:43:29,1,Synthetic / Demo Data,2026-05-21T00:00:00
5326,3938,44,29649,toner,2026-02-19T23:27:49,1,Synthetic / Demo Data,2026-02-19T00:00:00
5327,3939,55,29653,active,2026-05-26T16:31:50,1,Synthetic / Demo Data,2026-05-26T00:00:00
5328,3939,80,29657,moisturizer,2026-05-30T13:43:13,1,Synthetic / Demo Data,2026-05-30T00:00:00
5329,3939,28,29658,toner,2026-05-30T11:32:30,1,Synthetic / Demo Data,2026-05-30T00:00:00
5330,3940,45,29665,toner,2026-07-20T04:01:51,1,Synthetic / Demo Data,2026-07-20T00:00:00
5331,3940,3,29672,cleansing,2026-07-21T23:52:10,1,Synthetic / Demo Data,2026-07-21T00:00:00
5332,3940,63,29673,active,2026-07-21T20:22:17,1,Synthetic / Demo Data,2026-07-21T00:00:00
5333,3940,17,29674,cleansing,2026-07-26T10:09:04,1,Synthetic / Demo Data,2026-07-26T00:00:00
5334,3942,92,29681,moisturizer,2026-03-18T11:09:14,1,Synthetic / Demo Data,2026-03-18T00:00:00
5335,3942,113,29687,spf,2026-03-26T19:05:22,1,Synthetic / Demo Data,2026-03-26T00:00:00
5336,3942,70,29688,active,2026-03-26T21:18:43,1,Synthetic / Demo Data,2026-03-26T00:00:00
5337,3945,19,29692,cleansing,2026-02-16T06:28:30,1,Synthetic / Demo Data,2026-02-16T00:00:00
5338,3945,63,29694,active,2026-02-19T12:48:29,1,Synthetic / Demo Data,2026-02-19T00:00:00
5339,3945,1,29698,cleansing,2026-02-19T04:21:59,1,Synthetic / Demo Data,2026-02-19T00:00:00
5340,3945,36,29703,toner,2026-02-25T20:36:13,1,Synthetic / Demo Data,2026-02-25T00:00:00
5341,3948,80,29715,moisturizer,2026-02-21T13:17:37,1,Synthetic / Demo Data,2026-02-21T00:00:00
5342,3948,27,29716,toner,2026-02-21T13:55:55,1,Synthetic / Demo Data,2026-02-21T00:00:00
5343,3948,36,29718,toner,2026-02-21T17:05:01,1,Synthetic / Demo Data,2026-02-21T00:00:00
5344,3951,22,29731,cleansing,2026-08-30T11:58:48,1,Synthetic / Demo Data,2026-08-30T00:00:00
5345,3951,70,29733,active,2026-08-30T14:21:51,1,Synthetic / Demo Data,2026-08-30T00:00:00
5346,3951,1,29734,cleansing,2026-08-30T12:37:38,1,Synthetic / Demo Data,2026-08-30T00:00:00
5347,3951,52,29741,active,2026-09-10T22:01:49,1,Synthetic / Demo Data,2026-09-10T00:00:00
5348,3951,57,29743,active,2026-09-11T02:42:29,0,Synthetic / Demo Data,2026-09-11T00:00:00
5349,3953,112,29758,spf,2026-08-11T21:16:32,1,Synthetic / Demo Data,2026-08-11T00:00:00
5350,3954,94,29763,moisturizer,2026-03-08T16:42:14,1,Synthetic / Demo Data,2026-03-08T00:00:00
5351,3954,25,29766,toner,2026-03-08T19:05:17,1,Synthetic / Demo Data,2026-03-08T00:00:00
5352,3954,22,29770,cleansing,2026-03-11T18:21:06,1,Synthetic / Demo Data,2026-03-11T00:00:00
5353,3954,36,29773,toner,2026-03-16T14:57:10,1,Synthetic / Demo Data,2026-03-16T00:00:00
5354,3955,21,29775,cleansing,2026-02-10T15:40:52,1,Synthetic / Demo Data,2026-02-10T00:00:00
5355,3955,114,29780,spf,2026-02-16T07:33:44,1,Synthetic / Demo Data,2026-02-16T00:00:00
5356,3955,109,29783,spf,2026-02-16T09:11:35,1,Synthetic / Demo Data,2026-02-16T00:00:00
5357,3956,106,29796,spf,2026-07-27T17:19:27,1,Synthetic / Demo Data,2026-07-27T00:00:00
5358,3956,76,29799,moisturizer,2026-07-27T15:09:10,1,Synthetic / Demo Data,2026-07-27T00:00:00
5359,3956,100,29801,spf,2026-08-06T13:12:35,1,Synthetic / Demo Data,2026-08-06T00:00:00
5360,3958,106,29802,spf,2026-04-05T11:15:24,1,Synthetic / Demo Data,2026-04-05T00:00:00
5361,3959,61,29811,active,2026-05-01T02:49:42,1,Synthetic / Demo Data,2026-05-01T00:00:00
5362,3959,57,29812,active,2026-05-01T04:34:51,0,Synthetic / Demo Data,2026-05-01T00:00:00
5363,3960,26,29817,toner,2026-01-26T20:38:33,1,Synthetic / Demo Data,2026-01-26T00:00:00
5364,3960,68,29822,active,2026-02-02T07:50:31,1,Synthetic / Demo Data,2026-02-02T00:00:00
5365,3960,2,29823,cleansing,2026-02-02T11:21:02,1,Synthetic / Demo Data,2026-02-02T00:00:00
5366,3960,67,29824,active,2026-02-02T09:37:51,1,Synthetic / Demo Data,2026-02-02T00:00:00
5367,3961,66,29825,active,2026-03-09T12:45:05,1,Synthetic / Demo Data,2026-03-09T00:00:00
5368,3961,16,29833,cleansing,2026-03-17T00:50:27,0,Synthetic / Demo Data,2026-03-17T00:00:00
5369,3962,20,29839,cleansing,2026-01-19T01:10:59,1,Synthetic / Demo Data,2026-01-19T00:00:00
5370,3962,98,29841,spf,2026-01-19T01:36:10,1,Synthetic / Demo Data,2026-01-19T00:00:00
5371,3966,40,29867,toner,2026-02-27T09:34:16,1,Synthetic / Demo Data,2026-02-27T00:00:00
5372,3968,108,29890,spf,2026-08-25T10:51:23,1,Synthetic / Demo Data,2026-08-25T00:00:00
5373,3968,37,29892,toner,2026-08-27T17:56:59,1,Synthetic / Demo Data,2026-08-27T00:00:00
5374,3969,21,29893,cleansing,2026-07-21T08:34:14,1,Synthetic / Demo Data,2026-07-21T00:00:00
5375,3972,109,29908,spf,2026-06-04T12:59:39,1,Synthetic / Demo Data,2026-06-04T00:00:00
5376,3972,25,29910,toner,2026-06-06T16:08:06,1,Synthetic / Demo Data,2026-06-06T00:00:00
5377,3975,1,29921,cleansing,2026-06-23T05:07:46,1,Synthetic / Demo Data,2026-06-23T00:00:00
5378,3975,21,29927,cleansing,2026-06-30T17:47:56,1,Synthetic / Demo Data,2026-06-30T00:00:00
5379,3977,55,29929,active,2026-02-21T08:46:46,1,Synthetic / Demo Data,2026-02-21T00:00:00
5380,3977,16,29936,cleansing,2026-03-08T10:22:52,1,Synthetic / Demo Data,2026-03-08T00:00:00
5381,3980,28,29952,toner,2026-04-15T10:53:11,1,Synthetic / Demo Data,2026-04-15T00:00:00
5382,3980,70,29956,active,2026-04-16T07:46:32,1,Synthetic / Demo Data,2026-04-16T00:00:00
5383,3980,13,29957,cleansing,2026-04-16T05:08:08,1,Synthetic / Demo Data,2026-04-16T00:00:00
5384,3980,17,29965,cleansing,2026-04-21T06:09:54,1,Synthetic / Demo Data,2026-04-21T00:00:00
5385,3981,14,29968,cleansing,2026-02-23T01:13:14,1,Synthetic / Demo Data,2026-02-23T00:00:00
5386,3981,112,29969,spf,2026-02-22T22:12:26,1,Synthetic / Demo Data,2026-02-22T00:00:00
5387,3981,84,29972,moisturizer,2026-03-01T12:56:18,1,Synthetic / Demo Data,2026-03-01T00:00:00
5388,3985,77,29977,moisturizer,2026-04-15T16:16:59,1,Synthetic / Demo Data,2026-04-15T00:00:00
5389,3985,52,29979,active,2026-04-15T20:18:32,1,Synthetic / Demo Data,2026-04-15T00:00:00
5390,3985,9,29983,cleansing,2026-04-22T23:07:47,1,Synthetic / Demo Data,2026-04-22T00:00:00
5391,3985,36,29985,toner,2026-04-23T02:23:56,1,Synthetic / Demo Data,2026-04-23T00:00:00
5392,3985,109,29987,spf,2026-04-23T03:09:15,1,Synthetic / Demo Data,2026-04-23T00:00:00
5393,3986,12,29988,cleansing,2026-01-31T14:44:37,1,Synthetic / Demo Data,2026-01-31T00:00:00
5394,3986,7,29989,cleansing,2026-01-31T16:43:10,1,Synthetic / Demo Data,2026-01-31T00:00:00
5395,3986,70,29990,active,2026-01-31T12:27:35,1,Synthetic / Demo Data,2026-01-31T00:00:00
5396,3989,34,30007,toner,2026-07-31T21:38:59,1,Synthetic / Demo Data,2026-07-31T00:00:00
5397,3990,82,30017,moisturizer,2026-09-23T10:37:30,1,Synthetic / Demo Data,2026-09-23T00:00:00
5398,3992,116,30031,spf,2026-08-23T17:49:22,0,Synthetic / Demo Data,2026-08-23T00:00:00
5399,3992,103,30036,spf,2026-08-24T09:00:13,1,Synthetic / Demo Data,2026-08-24T00:00:00
5400,3992,31,30038,toner,2026-08-24T12:32:53,1,Synthetic / Demo Data,2026-08-24T00:00:00
5401,3992,76,30039,moisturizer,2026-09-11T03:44:38,1,Synthetic / Demo Data,2026-09-11T00:00:00
5402,3992,22,30041,cleansing,2026-09-11T01:28:23,1,Synthetic / Demo Data,2026-09-11T00:00:00
5403,3992,10,30042,cleansing,2026-09-11T02:53:54,0,Synthetic / Demo Data,2026-09-11T00:00:00
5404,3994,29,30049,toner,2026-08-05T02:01:10,1,Synthetic / Demo Data,2026-08-05T00:00:00
5405,3995,106,30057,spf,2026-03-26T00:45:42,1,Synthetic / Demo Data,2026-03-26T00:00:00
5406,3995,3,30062,cleansing,2026-03-27T07:18:12,1,Synthetic / Demo Data,2026-03-27T00:00:00
5407,3995,81,30063,moisturizer,2026-03-27T14:24:45,1,Synthetic / Demo Data,2026-03-27T00:00:00
5408,3996,57,30066,active,2026-08-17T20:44:30,1,Synthetic / Demo Data,2026-08-17T00:00:00
5409,3996,85,30072,moisturizer,2026-08-23T16:06:40,0,Synthetic / Demo Data,2026-08-23T00:00:00
5410,3996,21,30075,cleansing,2026-09-03T13:26:56,1,Synthetic / Demo Data,2026-09-03T00:00:00
5411,3997,19,30080,cleansing,2026-05-25T01:27:47,1,Synthetic / Demo Data,2026-05-25T00:00:00
5412,3998,19,30086,cleansing,2026-01-21T03:58:25,1,Synthetic / Demo Data,2026-01-21T00:00:00
5413,3999,116,30097,spf,2026-03-16T09:57:49,1,Synthetic / Demo Data,2026-03-16T00:00:00
5414,3999,36,30101,toner,2026-03-23T23:53:04,1,Synthetic / Demo Data,2026-03-23T00:00:00
5415,4000,97,30104,spf,2026-09-02T22:33:29,1,Synthetic / Demo Data,2026-09-02T00:00:00
5416,4003,92,30117,moisturizer,2026-05-25T01:55:51,1,Synthetic / Demo Data,2026-05-25T00:00:00
5417,4004,42,30120,toner,2026-03-03T23:04:52,0,Synthetic / Demo Data,2026-03-03T00:00:00
5418,4004,6,30125,cleansing,2026-03-08T06:58:23,1,Synthetic / Demo Data,2026-03-08T00:00:00
5419,4004,110,30126,spf,2026-03-08T07:49:08,1,Synthetic / Demo Data,2026-03-08T00:00:00
5420,4005,32,30129,toner,2026-01-30T08:52:36,1,Synthetic / Demo Data,2026-01-30T00:00:00
5421,4005,89,30137,moisturizer,2026-02-03T21:34:18,1,Synthetic / Demo Data,2026-02-03T00:00:00
5422,4007,7,30143,cleansing,2026-07-09T04:09:21,1,Synthetic / Demo Data,2026-07-09T00:00:00
5423,4007,30,30145,toner,2026-07-09T03:38:24,1,Synthetic / Demo Data,2026-07-09T00:00:00
5424,4007,37,30148,toner,2026-07-17T04:19:27,0,Synthetic / Demo Data,2026-07-17T00:00:00
5425,4008,4,30151,cleansing,2026-06-28T04:57:31,1,Synthetic / Demo Data,2026-06-28T00:00:00
5426,4008,97,30155,spf,2026-07-07T00:51:02,0,Synthetic / Demo Data,2026-07-07T00:00:00
5427,4008,116,30156,spf,2026-07-07T03:50:42,1,Synthetic / Demo Data,2026-07-07T00:00:00
5428,4008,68,30157,active,2026-07-06T20:53:31,1,Synthetic / Demo Data,2026-07-06T00:00:00
5429,4009,99,30159,spf,2026-06-22T05:10:10,1,Synthetic / Demo Data,2026-06-22T00:00:00
5430,4009,62,30161,active,2026-06-22T06:14:18,1,Synthetic / Demo Data,2026-06-22T00:00:00
5431,4009,1,30163,cleansing,2026-06-28T01:40:45,1,Synthetic / Demo Data,2026-06-28T00:00:00
5432,4010,86,30173,moisturizer,2026-07-02T23:16:25,1,Synthetic / Demo Data,2026-07-02T00:00:00
5433,4010,2,30177,cleansing,2026-07-15T06:38:41,1,Synthetic / Demo Data,2026-07-15T00:00:00
5434,4011,18,30183,cleansing,2026-08-25T17:19:32,1,Synthetic / Demo Data,2026-08-25T00:00:00
5435,4011,14,30189,cleansing,2026-08-26T03:35:31,1,Synthetic / Demo Data,2026-08-26T00:00:00
5436,4017,76,30216,moisturizer,2026-02-05T23:32:56,1,Synthetic / Demo Data,2026-02-05T00:00:00
5437,4017,85,30218,moisturizer,2026-02-17T20:13:20,1,Synthetic / Demo Data,2026-02-17T00:00:00
5438,4017,55,30219,active,2026-02-18T00:01:22,1,Synthetic / Demo Data,2026-02-18T00:00:00
5439,4021,27,30245,toner,2026-08-01T23:38:48,0,Synthetic / Demo Data,2026-08-01T00:00:00
5440,4022,63,30251,active,2026-04-04T16:36:21,0,Synthetic / Demo Data,2026-04-04T00:00:00
5441,4022,94,30252,moisturizer,2026-04-04T14:12:51,1,Synthetic / Demo Data,2026-04-04T00:00:00
5442,4023,103,30265,spf,2026-01-28T13:27:06,1,Synthetic / Demo Data,2026-01-28T00:00:00
5443,4023,56,30266,active,2026-01-28T14:58:31,1,Synthetic / Demo Data,2026-01-28T00:00:00
5444,4023,1,30268,cleansing,2026-02-02T05:30:27,1,Synthetic / Demo Data,2026-02-02T00:00:00
5445,4024,90,30273,moisturizer,2026-03-26T04:02:09,1,Synthetic / Demo Data,2026-03-26T00:00:00
5446,4024,78,30281,moisturizer,2026-03-30T04:06:58,1,Synthetic / Demo Data,2026-03-30T00:00:00
5447,4025,116,30294,spf,2026-08-12T19:23:06,0,Synthetic / Demo Data,2026-08-12T00:00:00
5448,4029,106,30306,spf,2026-03-08T08:20:38,1,Synthetic / Demo Data,2026-03-08T00:00:00
5449,4030,40,30313,toner,2026-07-11T12:08:38,1,Synthetic / Demo Data,2026-07-11T00:00:00
5450,4031,19,30319,cleansing,2026-01-30T04:08:41,1,Synthetic / Demo Data,2026-01-30T00:00:00
5451,4031,21,30324,cleansing,2026-01-30T21:52:38,1,Synthetic / Demo Data,2026-01-30T00:00:00
5452,4031,15,30330,cleansing,2026-02-01T10:24:16,1,Synthetic / Demo Data,2026-02-01T00:00:00
5453,4031,106,30331,spf,2026-02-01T08:28:09,1,Synthetic / Demo Data,2026-02-01T00:00:00
5454,4032,4,30333,cleansing,2026-04-16T11:58:59,1,Synthetic / Demo Data,2026-04-16T00:00:00
5455,4032,97,30334,spf,2026-04-16T11:33:29,1,Synthetic / Demo Data,2026-04-16T00:00:00
5456,4032,58,30337,active,2026-04-16T09:03:23,1,Synthetic / Demo Data,2026-04-16T00:00:00
5457,4032,1,30341,cleansing,2026-04-29T11:15:04,1,Synthetic / Demo Data,2026-04-29T00:00:00
5458,4032,70,30342,active,2026-04-29T09:25:48,1,Synthetic / Demo Data,2026-04-29T00:00:00
5459,4034,99,30356,spf,2026-04-16T08:38:04,1,Synthetic / Demo Data,2026-04-16T00:00:00
5460,4034,92,30357,moisturizer,2026-04-16T10:59:58,1,Synthetic / Demo Data,2026-04-16T00:00:00
5461,4035,72,30367,active,2026-06-21T00:31:12,1,Synthetic / Demo Data,2026-06-21T00:00:00
5462,4035,73,30368,moisturizer,2026-06-20T23:37:56,1,Synthetic / Demo Data,2026-06-20T00:00:00
5463,4036,116,30374,spf,2026-01-18T02:40:29,1,Synthetic / Demo Data,2026-01-18T00:00:00
5464,4036,103,30382,spf,2026-01-28T16:42:16,1,Synthetic / Demo Data,2026-01-28T00:00:00
5465,4037,102,30391,spf,2026-02-20T03:28:22,1,Synthetic / Demo Data,2026-02-20T00:00:00
5466,4037,43,30393,toner,2026-02-25T05:04:02,1,Synthetic / Demo Data,2026-02-25T00:00:00
5467,4038,40,30396,toner,2026-08-29T02:13:19,1,Synthetic / Demo Data,2026-08-29T00:00:00
5468,4038,56,30397,active,2026-08-29T03:55:18,1,Synthetic / Demo Data,2026-08-29T00:00:00
5469,4038,81,30401,moisturizer,2026-09-07T11:17:41,1,Synthetic / Demo Data,2026-09-07T00:00:00
5470,4038,70,30402,active,2026-09-07T10:20:10,1,Synthetic / Demo Data,2026-09-07T00:00:00
5471,4038,60,30408,active,2026-09-12T02:16:16,1,Synthetic / Demo Data,2026-09-12T00:00:00
5472,4040,90,30423,moisturizer,2026-08-20T04:48:03,1,Synthetic / Demo Data,2026-08-20T00:00:00
5473,4041,51,30429,active,2026-05-15T13:19:11,0,Synthetic / Demo Data,2026-05-15T00:00:00
5474,4041,74,30433,moisturizer,2026-05-15T12:36:23,1,Synthetic / Demo Data,2026-05-15T00:00:00
5475,4042,20,30439,cleansing,2026-04-28T04:29:31,1,Synthetic / Demo Data,2026-04-28T00:00:00
5476,4043,74,30447,moisturizer,2026-03-15T08:07:00,1,Synthetic / Demo Data,2026-03-15T00:00:00
5477,4043,106,30448,spf,2026-03-15T07:59:58,1,Synthetic / Demo Data,2026-03-15T00:00:00
5478,4043,117,30454,spf,2026-03-27T09:40:33,1,Synthetic / Demo Data,2026-03-27T00:00:00
5479,4043,84,30455,moisturizer,2026-03-27T16:09:10,1,Synthetic / Demo Data,2026-03-27T00:00:00
5480,4046,107,30475,spf,2026-08-25T05:02:34,1,Synthetic / Demo Data,2026-08-25T00:00:00
5481,4046,76,30482,moisturizer,2026-08-30T03:33:32,1,Synthetic / Demo Data,2026-08-30T00:00:00
5482,4046,112,30485,spf,2026-08-30T20:49:33,1,Synthetic / Demo Data,2026-08-30T00:00:00
5483,4046,62,30487,active,2026-08-30T22:04:27,1,Synthetic / Demo Data,2026-08-30T00:00:00
5484,4046,81,30489,moisturizer,2026-08-31T01:04:15,1,Synthetic / Demo Data,2026-08-31T00:00:00
5485,4048,21,30492,cleansing,2026-06-13T20:44:31,1,Synthetic / Demo Data,2026-06-13T00:00:00
5486,4048,82,30494,moisturizer,2026-06-13T22:24:36,1,Synthetic / Demo Data,2026-06-13T00:00:00
5487,4049,74,30502,moisturizer,2026-06-29T12:31:29,1,Synthetic / Demo Data,2026-06-29T00:00:00
5488,4049,5,30515,cleansing,2026-07-07T16:35:11,1,Synthetic / Demo Data,2026-07-07T00:00:00
5489,4050,6,30516,cleansing,2026-01-27T15:54:10,1,Synthetic / Demo Data,2026-01-27T00:00:00
5490,4051,9,30529,cleansing,2026-05-14T15:07:35,1,Synthetic / Demo Data,2026-05-14T00:00:00
5491,4053,1,30541,cleansing,2026-05-03T12:52:01,1,Synthetic / Demo Data,2026-05-03T00:00:00
5492,4053,5,30542,cleansing,2026-05-03T11:49:02,1,Synthetic / Demo Data,2026-05-03T00:00:00
5493,4053,16,30545,cleansing,2026-05-13T06:49:19,1,Synthetic / Demo Data,2026-05-13T00:00:00
5494,4054,63,30557,active,2026-03-22T13:13:25,0,Synthetic / Demo Data,2026-03-22T00:00:00
5495,4054,37,30561,toner,2026-03-27T20:45:55,0,Synthetic / Demo Data,2026-03-27T00:00:00
5496,4054,49,30562,active,2026-03-27T23:26:16,1,Synthetic / Demo Data,2026-03-27T00:00:00
5497,4056,32,30567,toner,2026-05-11T20:41:27,0,Synthetic / Demo Data,2026-05-11T00:00:00
5498,4057,66,30571,active,2026-07-12T09:22:53,1,Synthetic / Demo Data,2026-07-12T00:00:00
5499,4057,55,30574,active,2026-07-12T08:23:30,1,Synthetic / Demo Data,2026-07-12T00:00:00
5500,4057,1,30581,cleansing,2026-07-26T21:12:14,1,Synthetic / Demo Data,2026-07-26T00:00:00
5501,4057,17,30582,cleansing,2026-07-26T21:02:19,1,Synthetic / Demo Data,2026-07-26T00:00:00
5502,4057,86,30583,moisturizer,2026-07-26T19:06:44,1,Synthetic / Demo Data,2026-07-26T00:00:00
5503,4058,64,30596,active,2026-06-18T15:51:41,1,Synthetic / Demo Data,2026-06-18T00:00:00
5504,4059,7,30605,cleansing,2026-05-16T06:53:27,0,Synthetic / Demo Data,2026-05-16T00:00:00
5505,4061,21,30616,cleansing,2026-06-05T05:18:09,1,Synthetic / Demo Data,2026-06-05T00:00:00
5506,4062,6,30621,cleansing,2026-08-12T01:14:55,1,Synthetic / Demo Data,2026-08-12T00:00:00
5507,4063,74,30627,moisturizer,2026-09-14T10:06:14,1,Synthetic / Demo Data,2026-09-14T00:00:00
5508,4063,107,30629,spf,2026-09-14T11:48:48,1,Synthetic / Demo Data,2026-09-14T00:00:00
5509,4063,41,30630,toner,2026-09-14T12:00:59,1,Synthetic / Demo Data,2026-09-14T00:00:00
5510,4063,40,30633,toner,2026-09-14T15:35:03,1,Synthetic / Demo Data,2026-09-14T00:00:00
5511,4064,116,30639,spf,2026-08-19T12:47:49,1,Synthetic / Demo Data,2026-08-19T00:00:00
5512,4064,110,30642,spf,2026-08-28T15:46:26,1,Synthetic / Demo Data,2026-08-28T00:00:00
5513,4064,54,30644,active,2026-08-28T18:38:02,1,Synthetic / Demo Data,2026-08-28T00:00:00
5514,4065,63,30651,active,2026-01-29T01:30:37,1,Synthetic / Demo Data,2026-01-29T00:00:00
5515,4066,116,30658,spf,2026-06-15T22:30:08,1,Synthetic / Demo Data,2026-06-15T00:00:00
5516,4067,31,30668,toner,2026-04-27T23:37:46,1,Synthetic / Demo Data,2026-04-27T00:00:00
5517,4067,66,30669,active,2026-04-28T00:45:29,1,Synthetic / Demo Data,2026-04-28T00:00:00
5518,4067,116,30674,spf,2026-05-03T06:35:46,1,Synthetic / Demo Data,2026-05-03T00:00:00
5519,4069,112,30684,spf,2026-08-22T23:46:11,1,Synthetic / Demo Data,2026-08-22T00:00:00
5520,4070,106,30694,spf,2026-04-29T18:04:38,0,Synthetic / Demo Data,2026-04-29T00:00:00
5521,4070,110,30695,spf,2026-04-29T13:42:04,1,Synthetic / Demo Data,2026-04-29T00:00:00
5522,4070,1,30696,cleansing,2026-05-04T05:39:44,1,Synthetic / Demo Data,2026-05-04T00:00:00
5523,4071,66,30705,active,2026-03-26T04:35:14,1,Synthetic / Demo Data,2026-03-26T00:00:00
5524,4072,67,30712,active,2026-08-19T21:36:28,1,Synthetic / Demo Data,2026-08-19T00:00:00
5525,4072,51,30713,active,2026-08-19T22:37:48,1,Synthetic / Demo Data,2026-08-19T00:00:00
5526,4072,55,30715,active,2026-08-19T18:49:21,0,Synthetic / Demo Data,2026-08-19T00:00:00
5527,4072,110,30716,spf,2026-08-29T15:26:27,1,Synthetic / Demo Data,2026-08-29T00:00:00
5528,4075,116,30718,spf,2026-04-06T15:50:53,1,Synthetic / Demo Data,2026-04-06T00:00:00
5529,4076,82,30733,moisturizer,2026-03-24T22:30:21,1,Synthetic / Demo Data,2026-03-24T00:00:00
5530,4077,3,30735,cleansing,2026-06-02T19:35:18,1,Synthetic / Demo Data,2026-06-02T00:00:00
5531,4077,24,30742,cleansing,2026-06-03T12:13:11,1,Synthetic / Demo Data,2026-06-03T00:00:00
5532,4077,109,30745,spf,2026-06-12T23:36:26,1,Synthetic / Demo Data,2026-06-12T00:00:00
5533,4078,63,30757,active,2026-08-19T12:11:00,1,Synthetic / Demo Data,2026-08-19T00:00:00
5534,4078,49,30758,active,2026-08-19T13:00:18,1,Synthetic / Demo Data,2026-08-19T00:00:00
5535,4079,69,30765,active,2026-04-18T20:43:38,1,Synthetic / Demo Data,2026-04-18T00:00:00
5536,4079,31,30768,toner,2026-04-18T18:31:47,1,Synthetic / Demo Data,2026-04-18T00:00:00
5537,4079,94,30770,moisturizer,2026-04-23T05:30:05,1,Synthetic / Demo Data,2026-04-23T00:00:00
5538,4080,69,30780,active,2026-08-12T01:40:27,1,Synthetic / Demo Data,2026-08-12T00:00:00
5539,4081,40,30783,toner,2026-06-10T01:48:52,0,Synthetic / Demo Data,2026-06-10T00:00:00
5540,4082,30,30788,toner,2026-09-03T02:27:00,0,Synthetic / Demo Data,2026-09-03T00:00:00
5541,4082,120,30796,spf,2026-09-08T04:23:37,1,Synthetic / Demo Data,2026-09-08T00:00:00
5542,4082,116,30799,spf,2026-09-20T06:25:59,1,Synthetic / Demo Data,2026-09-20T00:00:00
5543,4085,18,30808,cleansing,2026-05-19T18:20:38,1,Synthetic / Demo Data,2026-05-19T00:00:00
5544,4088,17,30815,cleansing,2026-06-27T02:43:36,1,Synthetic / Demo Data,2026-06-27T00:00:00
5545,4090,53,30834,active,2026-07-30T21:40:10,1,Synthetic / Demo Data,2026-07-30T00:00:00
5546,4092,104,30837,spf,2026-03-22T23:31:29,1,Synthetic / Demo Data,2026-03-22T00:00:00
5547,4092,66,30839,active,2026-03-22T23:41:05,1,Synthetic / Demo Data,2026-03-22T00:00:00
5548,4093,32,30861,toner,2026-05-06T06:33:19,1,Synthetic / Demo Data,2026-05-06T00:00:00
5549,4094,16,30869,cleansing,2026-07-28T22:27:54,1,Synthetic / Demo Data,2026-07-28T00:00:00
5550,4094,51,30876,active,2026-08-14T14:29:27,1,Synthetic / Demo Data,2026-08-14T00:00:00
5551,4096,106,30877,spf,2026-05-20T13:23:07,1,Synthetic / Demo Data,2026-05-20T00:00:00
5552,4096,1,30880,cleansing,2026-05-20T19:29:28,1,Synthetic / Demo Data,2026-05-20T00:00:00
5553,4096,108,30881,spf,2026-05-20T10:39:33,1,Synthetic / Demo Data,2026-05-20T00:00:00
5554,4096,70,30884,active,2026-05-31T10:23:02,1,Synthetic / Demo Data,2026-05-31T00:00:00
5555,4096,55,30885,active,2026-05-31T05:31:15,1,Synthetic / Demo Data,2026-05-31T00:00:00
5556,4096,6,30886,cleansing,2026-05-31T07:14:21,1,Synthetic / Demo Data,2026-05-31T00:00:00
5557,4097,50,30896,active,2026-07-14T08:43:46,1,Synthetic / Demo Data,2026-07-14T00:00:00
5558,4097,28,30900,toner,2026-07-19T20:30:36,1,Synthetic / Demo Data,2026-07-19T00:00:00
5559,4097,115,30903,spf,2026-07-19T19:20:23,1,Synthetic / Demo Data,2026-07-19T00:00:00
5560,4098,106,30908,spf,2026-07-26T00:04:35,1,Synthetic / Demo Data,2026-07-26T00:00:00
5561,4098,56,30914,active,2026-07-28T16:44:25,1,Synthetic / Demo Data,2026-07-28T00:00:00
5562,4100,116,30930,spf,2026-04-10T07:33:39,1,Synthetic / Demo Data,2026-04-10T00:00:00
5563,4100,97,30932,spf,2026-04-15T00:13:17,1,Synthetic / Demo Data,2026-04-15T00:00:00
5564,4100,17,30933,cleansing,2026-04-15T03:44:25,1,Synthetic / Demo Data,2026-04-15T00:00:00
5565,4100,70,30934,active,2026-04-15T03:23:03,1,Synthetic / Demo Data,2026-04-15T00:00:00
5566,4102,97,30937,spf,2026-02-24T11:23:05,1,Synthetic / Demo Data,2026-02-24T00:00:00
5567,4102,68,30938,active,2026-02-24T10:12:41,1,Synthetic / Demo Data,2026-02-24T00:00:00
5568,4103,111,30945,spf,2026-04-30T23:22:34,1,Synthetic / Demo Data,2026-04-30T00:00:00
5569,4104,14,30964,cleansing,2026-02-10T10:55:58,1,Synthetic / Demo Data,2026-02-10T00:00:00
5570,4104,40,30965,toner,2026-02-10T07:00:07,1,Synthetic / Demo Data,2026-02-10T00:00:00
5571,4106,65,30983,active,2026-08-24T11:26:50,1,Synthetic / Demo Data,2026-08-24T00:00:00
5572,4107,83,30994,moisturizer,2026-01-28T09:24:48,1,Synthetic / Demo Data,2026-01-28T00:00:00
5573,4109,17,31006,cleansing,2026-05-22T10:38:00,1,Synthetic / Demo Data,2026-05-22T00:00:00
5574,4109,66,31012,active,2026-05-24T08:58:28,1,Synthetic / Demo Data,2026-05-24T00:00:00
5575,4111,90,31029,moisturizer,2026-03-27T13:43:37,1,Synthetic / Demo Data,2026-03-27T00:00:00
5576,4112,34,31034,toner,2026-02-03T22:13:22,1,Synthetic / Demo Data,2026-02-03T00:00:00
5577,4113,116,31041,spf,2026-04-02T02:32:33,1,Synthetic / Demo Data,2026-04-02T00:00:00
5578,4113,105,31042,spf,2026-04-02T00:31:54,1,Synthetic / Demo Data,2026-04-02T00:00:00
5579,4113,77,31044,moisturizer,2026-04-01T23:57:06,1,Synthetic / Demo Data,2026-04-01T00:00:00
5580,4113,48,31046,toner,2026-04-03T17:17:41,0,Synthetic / Demo Data,2026-04-03T00:00:00
5581,4114,61,31059,active,2026-02-19T21:22:24,1,Synthetic / Demo Data,2026-02-19T00:00:00
5582,4116,116,31069,spf,2026-07-16T17:07:16,1,Synthetic / Demo Data,2026-07-16T00:00:00
5583,4116,12,31071,cleansing,2026-07-16T11:33:05,1,Synthetic / Demo Data,2026-07-16T00:00:00
5584,4116,63,31073,active,2026-07-16T14:15:42,1,Synthetic / Demo Data,2026-07-16T00:00:00
5585,4116,80,31075,moisturizer,2026-08-07T04:53:28,1,Synthetic / Demo Data,2026-08-07T00:00:00
5586,4117,110,31076,spf,2026-06-18T01:43:03,1,Synthetic / Demo Data,2026-06-18T00:00:00
5587,4117,116,31079,spf,2026-06-17T22:06:27,1,Synthetic / Demo Data,2026-06-17T00:00:00
5588,4117,92,31081,moisturizer,2026-06-26T03:01:30,1,Synthetic / Demo Data,2026-06-26T00:00:00
5589,4117,13,31082,cleansing,2026-06-25T20:41:30,1,Synthetic / Demo Data,2026-06-25T00:00:00
5590,4118,120,31089,spf,2026-04-21T20:17:52,1,Synthetic / Demo Data,2026-04-21T00:00:00
5591,4119,17,31098,cleansing,2026-03-04T05:27:22,1,Synthetic / Demo Data,2026-03-04T00:00:00
5592,4119,22,31099,cleansing,2026-03-04T06:01:22,1,Synthetic / Demo Data,2026-03-04T00:00:00
5593,4119,55,31101,active,2026-03-12T22:58:18,1,Synthetic / Demo Data,2026-03-12T00:00:00
5594,4119,21,31102,cleansing,2026-03-12T17:54:06,1,Synthetic / Demo Data,2026-03-12T00:00:00
5595,4120,111,31110,spf,2026-07-07T19:47:43,1,Synthetic / Demo Data,2026-07-07T00:00:00
5596,4120,112,31111,spf,2026-07-07T19:00:51,1,Synthetic / Demo Data,2026-07-07T00:00:00
5597,4122,84,31123,moisturizer,2026-05-24T00:15:38,1,Synthetic / Demo Data,2026-05-24T00:00:00
5598,4124,18,31133,cleansing,2026-07-11T09:53:02,1,Synthetic / Demo Data,2026-07-11T00:00:00
5599,4124,88,31135,moisturizer,2026-07-29T03:06:19,1,Synthetic / Demo Data,2026-07-29T00:00:00
5600,4124,4,31138,cleansing,2026-07-29T03:38:45,1,Synthetic / Demo Data,2026-07-29T00:00:00
5601,4124,100,31140,spf,2026-07-29T18:18:13,1,Synthetic / Demo Data,2026-07-29T00:00:00
5602,4124,51,31141,active,2026-07-29T20:54:46,1,Synthetic / Demo Data,2026-07-29T00:00:00
5603,4127,113,31144,spf,2026-01-23T20:37:59,1,Synthetic / Demo Data,2026-01-23T00:00:00
5604,4129,13,31163,cleansing,2026-01-17T01:44:58,1,Synthetic / Demo Data,2026-01-17T00:00:00
5605,4129,14,31165,cleansing,2026-01-16T21:40:32,1,Synthetic / Demo Data,2026-01-16T00:00:00
5606,4129,1,31167,cleansing,2026-01-22T08:14:55,1,Synthetic / Demo Data,2026-01-22T00:00:00
5607,4129,101,31170,spf,2026-01-22T10:44:36,1,Synthetic / Demo Data,2026-01-22T00:00:00
5608,4130,43,31176,toner,2026-03-21T18:32:24,1,Synthetic / Demo Data,2026-03-21T00:00:00
5609,4130,12,31177,cleansing,2026-04-03T04:43:03,1,Synthetic / Demo Data,2026-04-03T00:00:00
5610,4130,52,31178,active,2026-04-03T04:59:33,1,Synthetic / Demo Data,2026-04-03T00:00:00
5611,4131,96,31181,moisturizer,2026-07-09T05:51:21,0,Synthetic / Demo Data,2026-07-09T00:00:00
5612,4131,116,31182,spf,2026-07-09T05:33:49,1,Synthetic / Demo Data,2026-07-09T00:00:00
5613,4132,96,31193,moisturizer,2026-08-25T13:39:48,1,Synthetic / Demo Data,2026-08-25T00:00:00
5614,4132,113,31195,spf,2026-09-09T17:04:13,1,Synthetic / Demo Data,2026-09-09T00:00:00
5615,4132,77,31196,moisturizer,2026-09-09T15:01:21,1,Synthetic / Demo Data,2026-09-09T00:00:00
5616,4133,89,31203,moisturizer,2026-07-29T04:51:25,1,Synthetic / Demo Data,2026-07-29T00:00:00
5617,4134,16,31213,cleansing,2026-08-28T18:51:41,1,Synthetic / Demo Data,2026-08-28T00:00:00
5618,4134,13,31217,cleansing,2026-09-16T07:42:17,1,Synthetic / Demo Data,2026-09-16T00:00:00
5619,4135,112,31222,spf,2026-02-20T00:17:04,1,Synthetic / Demo Data,2026-02-20T00:00:00
5620,4135,2,31225,cleansing,2026-02-19T19:09:47,1,Synthetic / Demo Data,2026-02-19T00:00:00
5621,4135,89,31226,moisturizer,2026-02-21T01:12:52,0,Synthetic / Demo Data,2026-02-21T00:00:00
5622,4135,66,31227,active,2026-02-21T00:13:43,1,Synthetic / Demo Data,2026-02-21T00:00:00
5623,4135,36,31230,toner,2026-02-20T22:34:26,1,Synthetic / Demo Data,2026-02-20T00:00:00
5624,4135,37,31231,toner,2026-02-23T16:24:06,1,Synthetic / Demo Data,2026-02-23T00:00:00
5625,4135,7,31232,cleansing,2026-02-23T17:19:14,1,Synthetic / Demo Data,2026-02-23T00:00:00
5626,4135,76,31233,moisturizer,2026-02-23T21:15:17,1,Synthetic / Demo Data,2026-02-23T00:00:00
5627,4135,116,31234,spf,2026-02-23T20:01:02,1,Synthetic / Demo Data,2026-02-23T00:00:00
5628,4136,76,31236,moisturizer,2026-07-16T02:05:32,0,Synthetic / Demo Data,2026-07-16T00:00:00
5629,4136,63,31237,active,2026-07-15T21:13:49,1,Synthetic / Demo Data,2026-07-15T00:00:00
5630,4141,17,31253,cleansing,2026-01-10T10:02:54,1,Synthetic / Demo Data,2026-01-10T00:00:00
5631,4141,1,31260,cleansing,2026-01-13T02:14:11,1,Synthetic / Demo Data,2026-01-13T00:00:00
5632,4142,63,31266,active,2026-02-25T10:54:03,1,Synthetic / Demo Data,2026-02-25T00:00:00
5633,4142,106,31268,spf,2026-02-25T10:41:25,1,Synthetic / Demo Data,2026-02-25T00:00:00
5634,4142,100,31272,spf,2026-02-26T23:42:39,1,Synthetic / Demo Data,2026-02-26T00:00:00
5635,4143,62,31280,active,2026-04-14T08:47:24,1,Synthetic / Demo Data,2026-04-14T00:00:00
5636,4143,118,31281,spf,2026-04-14T07:36:36,1,Synthetic / Demo Data,2026-04-14T00:00:00
5637,4143,116,31283,spf,2026-04-22T02:12:35,1,Synthetic / Demo Data,2026-04-22T00:00:00
5638,4144,78,31297,moisturizer,2026-01-04T13:39:50,1,Synthetic / Demo Data,2026-01-04T00:00:00
5639,4146,93,31305,moisturizer,2026-01-15T01:16:34,1,Synthetic / Demo Data,2026-01-15T00:00:00
5640,4146,46,31307,toner,2026-01-22T18:03:28,1,Synthetic / Demo Data,2026-01-22T00:00:00
5641,4146,24,31311,cleansing,2026-01-22T19:19:09,1,Synthetic / Demo Data,2026-01-22T00:00:00
5642,4146,16,31313,cleansing,2026-01-28T21:56:50,0,Synthetic / Demo Data,2026-01-28T00:00:00
5643,4146,55,31316,active,2026-01-28T16:54:13,1,Synthetic / Demo Data,2026-01-28T00:00:00
5644,4148,66,31328,active,2026-01-26T01:35:02,1,Synthetic / Demo Data,2026-01-26T00:00:00
5645,4148,106,31330,spf,2026-01-26T03:20:03,1,Synthetic / Demo Data,2026-01-26T00:00:00
5646,4150,118,31340,spf,2026-06-15T07:14:06,1,Synthetic / Demo Data,2026-06-15T00:00:00
5647,4151,15,31355,cleansing,2026-05-09T00:05:06,1,Synthetic / Demo Data,2026-05-09T00:00:00
5648,4151,76,31356,moisturizer,2026-05-09T02:48:28,1,Synthetic / Demo Data,2026-05-09T00:00:00
5649,4152,87,31362,moisturizer,2026-07-27T14:26:03,0,Synthetic / Demo Data,2026-07-27T00:00:00
5650,4152,9,31364,cleansing,2026-07-27T15:18:43,1,Synthetic / Demo Data,2026-07-27T00:00:00
5651,4152,55,31365,active,2026-07-27T13:32:35,1,Synthetic / Demo Data,2026-07-27T00:00:00
5652,4154,36,31369,toner,2026-02-27T22:46:46,0,Synthetic / Demo Data,2026-02-27T00:00:00
5653,4154,9,31375,cleansing,2026-03-05T11:42:07,1,Synthetic / Demo Data,2026-03-05T00:00:00
5654,4155,116,31379,spf,2026-03-04T00:13:38,1,Synthetic / Demo Data,2026-03-04T00:00:00
5655,4157,82,31397,moisturizer,2026-03-25T04:04:00,1,Synthetic / Demo Data,2026-03-25T00:00:00
5656,4159,34,31410,toner,2026-09-03T06:56:17,1,Synthetic / Demo Data,2026-09-03T00:00:00
5657,4160,110,31412,spf,2026-04-20T08:53:26,1,Synthetic / Demo Data,2026-04-20T00:00:00
5658,4160,116,31415,spf,2026-04-20T12:26:12,1,Synthetic / Demo Data,2026-04-20T00:00:00
5659,4160,1,31417,cleansing,2026-04-21T07:57:12,1,Synthetic / Demo Data,2026-04-21T00:00:00
5660,4160,81,31420,moisturizer,2026-04-21T08:51:23,1,Synthetic / Demo Data,2026-04-21T00:00:00
5661,4161,34,31424,toner,2026-07-09T20:13:44,0,Synthetic / Demo Data,2026-07-09T00:00:00
5662,4161,29,31429,toner,2026-07-11T11:07:28,1,Synthetic / Demo Data,2026-07-11T00:00:00
5663,4161,82,31431,moisturizer,2026-07-11T07:38:55,1,Synthetic / Demo Data,2026-07-11T00:00:00
5664,4161,17,31439,cleansing,2026-07-18T15:48:14,1,Synthetic / Demo Data,2026-07-18T00:00:00
5665,4163,21,31444,cleansing,2026-08-16T05:50:03,1,Synthetic / Demo Data,2026-08-16T00:00:00
5666,4163,82,31449,moisturizer,2026-08-17T14:35:45,1,Synthetic / Demo Data,2026-08-17T00:00:00
5667,4163,62,31451,active,2026-08-30T10:25:23,1,Synthetic / Demo Data,2026-08-30T00:00:00
5668,4165,74,31454,moisturizer,2026-06-28T00:19:23,1,Synthetic / Demo Data,2026-06-28T00:00:00
5669,4165,79,31457,moisturizer,2026-06-28T00:37:44,1,Synthetic / Demo Data,2026-06-28T00:00:00
5670,4165,56,31458,active,2026-06-27T21:13:40,1,Synthetic / Demo Data,2026-06-27T00:00:00
5671,4165,66,31461,active,2026-07-09T01:03:09,1,Synthetic / Demo Data,2026-07-09T00:00:00
5672,4166,31,31462,toner,2026-03-12T08:28:44,1,Synthetic / Demo Data,2026-03-12T00:00:00
5673,4167,35,31472,toner,2026-07-04T00:26:28,1,Synthetic / Demo Data,2026-07-04T00:00:00
5674,4167,7,31474,cleansing,2026-07-04T03:14:33,0,Synthetic / Demo Data,2026-07-04T00:00:00
5675,4167,107,31476,spf,2026-07-04T01:39:13,1,Synthetic / Demo Data,2026-07-04T00:00:00
5676,4167,112,31480,spf,2026-07-06T00:06:29,1,Synthetic / Demo Data,2026-07-06T00:00:00
5677,4167,116,31481,spf,2026-07-05T22:47:40,0,Synthetic / Demo Data,2026-07-05T00:00:00
5678,4168,17,31482,cleansing,2026-05-12T18:38:29,1,Synthetic / Demo Data,2026-05-12T00:00:00
5679,4168,117,31485,spf,2026-05-12T17:41:07,1,Synthetic / Demo Data,2026-05-12T00:00:00
5680,4169,89,31491,moisturizer,2026-01-15T18:56:17,1,Synthetic / Demo Data,2026-01-15T00:00:00
5681,4169,55,31492,active,2026-01-15T15:59:02,1,Synthetic / Demo Data,2026-01-15T00:00:00
5682,4169,32,31493,toner,2026-01-15T18:14:02,1,Synthetic / Demo Data,2026-01-15T00:00:00
5683,4169,51,31494,active,2026-01-15T19:47:47,1,Synthetic / Demo Data,2026-01-15T00:00:00
5684,4171,102,31500,spf,2026-04-27T00:00:35,1,Synthetic / Demo Data,2026-04-27T00:00:00
5685,4171,106,31501,spf,2026-04-27T03:16:10,1,Synthetic / Demo Data,2026-04-27T00:00:00
5686,4172,75,31518,moisturizer,2026-07-13T21:30:21,1,Synthetic / Demo Data,2026-07-13T00:00:00
5687,4173,6,31519,cleansing,2026-04-09T01:02:46,1,Synthetic / Demo Data,2026-04-09T00:00:00
5688,4174,17,31528,cleansing,2026-07-01T10:52:17,1,Synthetic / Demo Data,2026-07-01T00:00:00
5689,4174,34,31535,toner,2026-07-03T23:06:46,1,Synthetic / Demo Data,2026-07-03T00:00:00
5690,4174,74,31539,moisturizer,2026-07-10T18:34:44,1,Synthetic / Demo Data,2026-07-10T00:00:00
5691,4175,67,31546,active,2026-01-28T13:09:29,1,Synthetic / Demo Data,2026-01-28T00:00:00
5692,4177,8,31562,cleansing,2026-05-26T11:14:39,0,Synthetic / Demo Data,2026-05-26T00:00:00
5693,4177,41,31568,toner,2026-06-12T20:55:17,1,Synthetic / Demo Data,2026-06-12T00:00:00
5694,4179,1,31569,cleansing,2026-06-03T21:37:24,0,Synthetic / Demo Data,2026-06-03T00:00:00
5695,4179,17,31571,cleansing,2026-06-03T17:59:25,1,Synthetic / Demo Data,2026-06-03T00:00:00
5696,4179,77,31576,moisturizer,2026-06-09T11:00:51,1,Synthetic / Demo Data,2026-06-09T00:00:00
5697,4179,116,31577,spf,2026-06-09T12:51:04,1,Synthetic / Demo Data,2026-06-09T00:00:00
5698,4180,9,31583,cleansing,2026-05-03T05:11:09,0,Synthetic / Demo Data,2026-05-03T00:00:00
5699,4180,7,31587,cleansing,2026-05-04T14:55:51,0,Synthetic / Demo Data,2026-05-04T00:00:00
5700,4180,66,31588,active,2026-05-04T15:30:44,1,Synthetic / Demo Data,2026-05-04T00:00:00
5701,4180,57,31591,active,2026-05-04T17:31:02,1,Synthetic / Demo Data,2026-05-04T00:00:00
5702,4182,75,31596,moisturizer,2026-07-03T16:24:09,1,Synthetic / Demo Data,2026-07-03T00:00:00
5703,4182,32,31597,toner,2026-07-03T14:30:14,1,Synthetic / Demo Data,2026-07-03T00:00:00
5704,4182,45,31600,toner,2026-07-17T12:00:53,1,Synthetic / Demo Data,2026-07-17T00:00:00
5705,4182,90,31601,moisturizer,2026-07-17T17:20:38,1,Synthetic / Demo Data,2026-07-17T00:00:00
5706,4183,76,31607,moisturizer,2026-04-29T04:33:11,1,Synthetic / Demo Data,2026-04-29T00:00:00
5707,4183,49,31611,active,2026-05-05T00:30:05,1,Synthetic / Demo Data,2026-05-05T00:00:00
5708,4184,21,31616,cleansing,2026-05-21T08:54:31,1,Synthetic / Demo Data,2026-05-21T00:00:00
5709,4187,74,31630,moisturizer,2026-08-31T20:32:55,1,Synthetic / Demo Data,2026-08-31T00:00:00
5710,4187,45,31632,toner,2026-08-31T19:18:26,1,Synthetic / Demo Data,2026-08-31T00:00:00
5711,4187,37,31637,toner,2026-09-04T03:38:43,0,Synthetic / Demo Data,2026-09-04T00:00:00
5712,4187,77,31638,moisturizer,2026-09-04T06:01:54,1,Synthetic / Demo Data,2026-09-04T00:00:00
5713,4189,116,31648,spf,2026-02-27T21:11:52,1,Synthetic / Demo Data,2026-02-27T00:00:00
5714,4189,54,31659,active,2026-03-12T06:08:42,1,Synthetic / Demo Data,2026-03-12T00:00:00
5715,4192,83,31660,moisturizer,2026-01-16T02:38:12,1,Synthetic / Demo Data,2026-01-16T00:00:00
5716,4192,116,31662,spf,2026-01-15T20:05:10,1,Synthetic / Demo Data,2026-01-15T00:00:00
5717,4192,4,31665,cleansing,2026-01-19T08:16:56,1,Synthetic / Demo Data,2026-01-19T00:00:00
5718,4192,97,31666,spf,2026-01-19T10:17:48,0,Synthetic / Demo Data,2026-01-19T00:00:00
5719,4193,46,31683,toner,2026-03-30T21:59:02,1,Synthetic / Demo Data,2026-03-30T00:00:00
5720,4193,78,31690,moisturizer,2026-04-01T01:05:45,1,Synthetic / Demo Data,2026-04-01T00:00:00
5721,4195,7,31704,cleansing,2026-07-20T04:18:10,1,Synthetic / Demo Data,2026-07-20T00:00:00
5722,4195,66,31711,active,2026-07-28T23:31:24,1,Synthetic / Demo Data,2026-07-28T00:00:00
5723,4196,10,31713,cleansing,2026-08-20T09:52:39,1,Synthetic / Demo Data,2026-08-20T00:00:00
5724,4196,11,31715,cleansing,2026-08-20T11:51:25,1,Synthetic / Demo Data,2026-08-20T00:00:00
5725,4197,24,31723,cleansing,2026-09-04T23:21:53,1,Synthetic / Demo Data,2026-09-04T00:00:00
5726,4197,20,31725,cleansing,2026-09-05T02:20:48,1,Synthetic / Demo Data,2026-09-05T00:00:00
5727,4197,7,31727,cleansing,2026-09-04T20:17:53,1,Synthetic / Demo Data,2026-09-04T00:00:00
5728,4198,116,31731,spf,2026-01-12T16:19:03,1,Synthetic / Demo Data,2026-01-12T00:00:00
5729,4198,60,31734,active,2026-01-12T12:56:07,1,Synthetic / Demo Data,2026-01-12T00:00:00
5730,4198,66,31736,active,2026-01-14T08:44:57,1,Synthetic / Demo Data,2026-01-14T00:00:00
5731,4198,67,31738,active,2026-01-14T05:20:56,0,Synthetic / Demo Data,2026-01-14T00:00:00
5732,4199,17,31744,cleansing,2026-01-15T15:38:42,1,Synthetic / Demo Data,2026-01-15T00:00:00
5733,4200,12,31758,cleansing,2026-04-18T06:39:47,1,Synthetic / Demo Data,2026-04-18T00:00:00
5734,4200,74,31762,moisturizer,2026-04-25T21:53:48,1,Synthetic / Demo Data,2026-04-25T00:00:00
5735,4201,74,31765,moisturizer,2026-06-17T09:16:14,1,Synthetic / Demo Data,2026-06-17T00:00:00
5736,4201,106,31768,spf,2026-06-18T07:03:26,1,Synthetic / Demo Data,2026-06-18T00:00:00
5737,4201,1,31772,cleansing,2026-06-18T06:22:18,1,Synthetic / Demo Data,2026-06-18T00:00:00
5738,4203,35,31782,toner,2026-06-06T01:14:30,1,Synthetic / Demo Data,2026-06-06T00:00:00
5739,4203,61,31783,active,2026-06-05T17:35:09,1,Synthetic / Demo Data,2026-06-05T00:00:00
5740,4207,86,31800,moisturizer,2026-03-12T00:59:38,1,Synthetic / Demo Data,2026-03-12T00:00:00
5741,4207,81,31801,moisturizer,2026-03-12T05:34:41,1,Synthetic / Demo Data,2026-03-12T00:00:00
5742,4207,29,31802,toner,2026-03-12T02:40:06,1,Synthetic / Demo Data,2026-03-12T00:00:00
5743,4207,18,31807,cleansing,2026-03-19T03:52:30,1,Synthetic / Demo Data,2026-03-19T00:00:00
5744,4208,112,31814,spf,2026-04-20T08:33:33,1,Synthetic / Demo Data,2026-04-20T00:00:00
5745,4210,78,31818,moisturizer,2026-03-09T23:34:36,1,Synthetic / Demo Data,2026-03-09T00:00:00
5746,4210,106,31822,spf,2026-03-13T11:46:37,1,Synthetic / Demo Data,2026-03-13T00:00:00
5747,4211,79,31830,moisturizer,2026-03-01T13:42:03,1,Synthetic / Demo Data,2026-03-01T00:00:00
5748,4211,62,31832,active,2026-03-01T07:40:30,1,Synthetic / Demo Data,2026-03-01T00:00:00
5749,4211,90,31835,moisturizer,2026-03-02T21:49:32,1,Synthetic / Demo Data,2026-03-02T00:00:00
5750,4211,30,31837,toner,2026-03-02T20:56:35,1,Synthetic / Demo Data,2026-03-02T00:00:00
5751,4211,97,31840,spf,2026-03-09T22:15:09,1,Synthetic / Demo Data,2026-03-09T00:00:00
5752,4212,104,31842,spf,2026-06-16T14:01:12,0,Synthetic / Demo Data,2026-06-16T00:00:00
5753,4212,56,31853,active,2026-07-08T01:14:51,1,Synthetic / Demo Data,2026-07-08T00:00:00
5754,4213,106,31861,spf,2026-03-18T14:48:05,1,Synthetic / Demo Data,2026-03-18T00:00:00
5755,4213,1,31862,cleansing,2026-03-18T16:52:51,1,Synthetic / Demo Data,2026-03-18T00:00:00
5756,4213,12,31865,cleansing,2026-03-25T18:49:34,0,Synthetic / Demo Data,2026-03-25T00:00:00
5757,4215,51,31885,active,2026-06-13T03:08:32,1,Synthetic / Demo Data,2026-06-13T00:00:00
5758,4216,92,31891,moisturizer,2026-01-20T00:29:09,1,Synthetic / Demo Data,2026-01-20T00:00:00
5759,4216,38,31893,toner,2026-01-20T00:12:54,1,Synthetic / Demo Data,2026-01-20T00:00:00
5760,4217,82,31901,moisturizer,2026-05-24T03:47:26,1,Synthetic / Demo Data,2026-05-24T00:00:00
5761,4217,107,31906,spf,2026-06-02T09:49:54,1,Synthetic / Demo Data,2026-06-02T00:00:00
5762,4219,43,31908,toner,2026-07-29T18:57:40,1,Synthetic / Demo Data,2026-07-29T00:00:00
5763,4219,94,31912,moisturizer,2026-08-14T23:58:59,1,Synthetic / Demo Data,2026-08-14T00:00:00
5764,4219,86,31913,moisturizer,2026-08-15T02:30:11,1,Synthetic / Demo Data,2026-08-15T00:00:00
5765,4219,24,31920,cleansing,2026-08-17T10:25:11,1,Synthetic / Demo Data,2026-08-17T00:00:00
5766,4220,96,31923,moisturizer,2026-01-29T04:17:27,1,Synthetic / Demo Data,2026-01-29T00:00:00
5767,4220,7,31924,cleansing,2026-01-29T06:31:30,1,Synthetic / Demo Data,2026-01-29T00:00:00
5768,4223,17,31937,cleansing,2026-06-30T21:26:36,1,Synthetic / Demo Data,2026-06-30T00:00:00
5769,4225,21,31946,cleansing,2026-05-27T22:49:06,1,Synthetic / Demo Data,2026-05-27T00:00:00
5770,4226,34,31963,toner,2026-07-15T22:13:28,1,Synthetic / Demo Data,2026-07-15T00:00:00
5771,4228,90,31972,moisturizer,2026-01-31T17:37:19,1,Synthetic / Demo Data,2026-01-31T00:00:00
5772,4230,21,31975,cleansing,2026-04-09T02:23:16,1,Synthetic / Demo Data,2026-04-09T00:00:00
5773,4230,68,31976,active,2026-04-09T00:03:15,1,Synthetic / Demo Data,2026-04-09T00:00:00
5774,4235,22,31988,cleansing,2026-01-23T21:44:54,1,Synthetic / Demo Data,2026-01-23T00:00:00
5775,4235,82,31994,moisturizer,2026-01-24T05:39:16,1,Synthetic / Demo Data,2026-01-24T00:00:00
5776,4241,76,32006,moisturizer,2026-06-12T15:22:35,1,Synthetic / Demo Data,2026-06-12T00:00:00
5777,4241,113,32007,spf,2026-06-12T11:28:26,1,Synthetic / Demo Data,2026-06-12T00:00:00
5778,4241,19,32010,cleansing,2026-06-14T17:56:51,1,Synthetic / Demo Data,2026-06-14T00:00:00
5779,4241,27,32013,toner,2026-06-21T16:49:37,1,Synthetic / Demo Data,2026-06-21T00:00:00
5780,4241,101,32014,spf,2026-06-21T20:42:55,0,Synthetic / Demo Data,2026-06-21T00:00:00
5781,4242,20,32017,cleansing,2026-01-04T18:51:04,1,Synthetic / Demo Data,2026-01-04T00:00:00
5782,4242,104,32020,spf,2026-01-04T19:46:48,1,Synthetic / Demo Data,2026-01-04T00:00:00
5783,4242,116,32021,spf,2026-01-13T18:28:35,1,Synthetic / Demo Data,2026-01-13T00:00:00
5784,4243,67,32028,active,2026-06-17T18:37:23,1,Synthetic / Demo Data,2026-06-17T00:00:00
5785,4243,92,32033,moisturizer,2026-06-18T23:06:25,1,Synthetic / Demo Data,2026-06-18T00:00:00
5786,4243,109,32034,spf,2026-06-19T01:23:51,1,Synthetic / Demo Data,2026-06-19T00:00:00
5787,4244,112,32036,spf,2026-07-06T21:15:27,1,Synthetic / Demo Data,2026-07-06T00:00:00
5788,4244,21,32040,cleansing,2026-07-09T12:43:28,1,Synthetic / Demo Data,2026-07-09T00:00:00
5789,4244,63,32043,active,2026-07-09T07:30:43,1,Synthetic / Demo Data,2026-07-09T00:00:00
5790,4245,107,32048,spf,2026-03-10T18:40:18,1,Synthetic / Demo Data,2026-03-10T00:00:00
5791,4245,1,32051,cleansing,2026-03-10T19:35:09,1,Synthetic / Demo Data,2026-03-10T00:00:00
5792,4245,116,32053,spf,2026-03-22T12:22:43,1,Synthetic / Demo Data,2026-03-22T00:00:00
5793,4245,56,32054,active,2026-03-22T10:00:12,1,Synthetic / Demo Data,2026-03-22T00:00:00
5794,4247,114,32064,spf,2026-08-06T06:16:12,1,Synthetic / Demo Data,2026-08-06T00:00:00
5795,4248,82,32069,moisturizer,2026-01-22T12:49:33,1,Synthetic / Demo Data,2026-01-22T00:00:00
5796,4248,44,32071,toner,2026-01-28T20:49:46,0,Synthetic / Demo Data,2026-01-28T00:00:00
5797,4248,72,32073,active,2026-01-28T22:38:01,1,Synthetic / Demo Data,2026-01-28T00:00:00
5798,4248,9,32075,cleansing,2026-01-31T20:59:55,1,Synthetic / Demo Data,2026-01-31T00:00:00
5799,4250,37,32079,toner,2026-05-24T11:34:03,1,Synthetic / Demo Data,2026-05-24T00:00:00
5800,4250,32,32083,toner,2026-05-27T11:25:25,1,Synthetic / Demo Data,2026-05-27T00:00:00
5801,4250,67,32085,active,2026-05-27T14:57:16,0,Synthetic / Demo Data,2026-05-27T00:00:00
5802,4251,116,32087,spf,2026-02-28T22:01:41,1,Synthetic / Demo Data,2026-02-28T00:00:00
5803,4251,86,32091,moisturizer,2026-03-19T02:31:02,1,Synthetic / Demo Data,2026-03-19T00:00:00
5804,4252,72,32095,active,2026-07-30T13:57:41,1,Synthetic / Demo Data,2026-07-30T00:00:00
5805,4256,21,32119,cleansing,2026-07-21T13:11:55,1,Synthetic / Demo Data,2026-07-21T00:00:00
5806,4258,30,32133,toner,2026-08-31T21:49:36,1,Synthetic / Demo Data,2026-08-31T00:00:00
5807,4259,116,32140,spf,2026-06-18T03:02:04,1,Synthetic / Demo Data,2026-06-18T00:00:00
5808,4260,96,32149,moisturizer,2026-08-12T08:22:04,0,Synthetic / Demo Data,2026-08-12T00:00:00
5809,4263,94,32158,moisturizer,2026-03-18T07:03:21,0,Synthetic / Demo Data,2026-03-18T00:00:00
5810,4263,55,32163,active,2026-03-19T14:22:19,1,Synthetic / Demo Data,2026-03-19T00:00:00
5811,4263,81,32164,moisturizer,2026-03-19T13:06:42,1,Synthetic / Demo Data,2026-03-19T00:00:00
5812,4263,43,32167,toner,2026-03-29T11:24:12,1,Synthetic / Demo Data,2026-03-29T00:00:00
5813,4263,88,32171,moisturizer,2026-04-03T11:02:44,1,Synthetic / Demo Data,2026-04-03T00:00:00
5814,4267,21,32183,cleansing,2026-05-10T09:10:51,1,Synthetic / Demo Data,2026-05-10T00:00:00
5815,4267,10,32184,cleansing,2026-05-10T10:13:32,1,Synthetic / Demo Data,2026-05-10T00:00:00
5816,4270,19,32205,cleansing,2026-05-05T15:08:30,1,Synthetic / Demo Data,2026-05-05T00:00:00
5817,4271,21,32207,cleansing,2026-08-31T02:59:29,0,Synthetic / Demo Data,2026-08-31T00:00:00
5818,4272,16,32223,cleansing,2026-04-29T17:14:16,1,Synthetic / Demo Data,2026-04-29T00:00:00
5819,4273,109,32230,spf,2026-05-20T17:28:05,1,Synthetic / Demo Data,2026-05-20T00:00:00
5820,4274,97,32239,spf,2026-05-17T08:02:18,0,Synthetic / Demo Data,2026-05-17T00:00:00
5821,4277,94,32260,moisturizer,2026-01-30T22:00:53,1,Synthetic / Demo Data,2026-01-30T00:00:00
5822,4278,27,32265,toner,2026-03-31T01:15:48,1,Synthetic / Demo Data,2026-03-31T00:00:00
5823,4278,45,32267,toner,2026-03-30T22:40:45,1,Synthetic / Demo Data,2026-03-30T00:00:00
5824,4278,106,32273,spf,2026-04-14T11:57:59,1,Synthetic / Demo Data,2026-04-14T00:00:00
5825,4281,107,32291,spf,2026-01-29T05:01:27,1,Synthetic / Demo Data,2026-01-29T00:00:00
5826,4281,17,32293,cleansing,2026-01-30T19:40:41,1,Synthetic / Demo Data,2026-01-30T00:00:00
5827,4282,2,32299,cleansing,2026-07-06T12:57:57,1,Synthetic / Demo Data,2026-07-06T00:00:00
5828,4284,110,32307,spf,2026-07-16T01:25:26,1,Synthetic / Demo Data,2026-07-16T00:00:00
5829,4284,100,32308,spf,2026-07-16T00:00:57,0,Synthetic / Demo Data,2026-07-16T00:00:00
5830,4284,106,32310,spf,2026-07-16T00:56:44,0,Synthetic / Demo Data,2026-07-16T00:00:00
5831,4285,40,32324,toner,2026-02-16T22:56:18,1,Synthetic / Demo Data,2026-02-16T00:00:00
5832,4289,88,32332,moisturizer,2026-04-06T10:04:17,1,Synthetic / Demo Data,2026-04-06T00:00:00
5833,4289,94,32336,moisturizer,2026-04-13T16:59:29,1,Synthetic / Demo Data,2026-04-13T00:00:00
5834,4291,96,32350,moisturizer,2026-08-18T07:22:03,1,Synthetic / Demo Data,2026-08-18T00:00:00
5835,4295,97,32375,spf,2026-07-06T22:14:12,1,Synthetic / Demo Data,2026-07-06T00:00:00
5836,4295,112,32376,spf,2026-07-07T04:21:00,1,Synthetic / Demo Data,2026-07-07T00:00:00
5837,4295,49,32378,active,2026-07-07T03:52:17,1,Synthetic / Demo Data,2026-07-07T00:00:00
5838,4295,36,32387,toner,2026-07-15T03:44:48,0,Synthetic / Demo Data,2026-07-15T00:00:00
5839,4297,104,32389,spf,2026-08-04T07:15:19,1,Synthetic / Demo Data,2026-08-04T00:00:00
5840,4297,60,32395,active,2026-08-14T18:30:04,1,Synthetic / Demo Data,2026-08-14T00:00:00
5841,4297,31,32403,toner,2026-08-17T08:52:08,1,Synthetic / Demo Data,2026-08-17T00:00:00
5842,4299,110,32404,spf,2026-08-10T08:17:39,1,Synthetic / Demo Data,2026-08-10T00:00:00
5843,4299,50,32405,active,2026-08-10T09:47:52,1,Synthetic / Demo Data,2026-08-10T00:00:00
5844,4299,69,32411,active,2026-08-29T18:05:28,1,Synthetic / Demo Data,2026-08-29T00:00:00
5845,4301,54,32414,active,2026-07-04T03:14:51,1,Synthetic / Demo Data,2026-07-04T00:00:00
5846,4301,82,32419,moisturizer,2026-07-09T09:02:14,1,Synthetic / Demo Data,2026-07-09T00:00:00
5847,4302,38,32431,toner,2026-08-26T09:10:31,1,Synthetic / Demo Data,2026-08-26T00:00:00
5848,4303,21,32436,cleansing,2026-06-09T19:47:51,1,Synthetic / Demo Data,2026-06-09T00:00:00
5849,4305,107,32456,spf,2026-04-04T12:08:56,1,Synthetic / Demo Data,2026-04-04T00:00:00
5850,4305,70,32460,active,2026-04-04T12:46:11,1,Synthetic / Demo Data,2026-04-04T00:00:00
5851,4306,16,32468,cleansing,2026-05-08T01:24:21,1,Synthetic / Demo Data,2026-05-08T00:00:00
5852,4306,4,32472,cleansing,2026-05-07T23:03:18,1,Synthetic / Demo Data,2026-05-07T00:00:00
5853,4307,75,32477,moisturizer,2026-04-13T12:37:45,1,Synthetic / Demo Data,2026-04-13T00:00:00
5854,4308,22,32486,cleansing,2026-04-09T05:24:16,1,Synthetic / Demo Data,2026-04-09T00:00:00
5855,4309,102,32497,spf,2026-07-29T02:12:34,1,Synthetic / Demo Data,2026-07-29T00:00:00
5856,4309,100,32501,spf,2026-08-01T13:58:01,1,Synthetic / Demo Data,2026-08-01T00:00:00
5857,4313,73,32511,moisturizer,2026-02-07T10:24:48,1,Synthetic / Demo Data,2026-02-07T00:00:00
5858,4314,50,32516,active,2026-03-01T05:24:09,1,Synthetic / Demo Data,2026-03-01T00:00:00
5859,4314,31,32518,toner,2026-03-01T01:46:10,1,Synthetic / Demo Data,2026-03-01T00:00:00
5860,4314,116,32521,spf,2026-03-13T18:21:50,1,Synthetic / Demo Data,2026-03-13T00:00:00
5861,4314,19,32523,cleansing,2026-03-13T19:10:03,1,Synthetic / Demo Data,2026-03-13T00:00:00
5862,4314,77,32524,moisturizer,2026-03-13T17:20:00,1,Synthetic / Demo Data,2026-03-13T00:00:00
5863,4317,48,32529,toner,2026-05-19T00:31:09,1,Synthetic / Demo Data,2026-05-19T00:00:00
5864,4317,14,32533,cleansing,2026-05-19T15:02:47,1,Synthetic / Demo Data,2026-05-19T00:00:00
5865,4317,91,32535,moisturizer,2026-05-19T18:09:58,0,Synthetic / Demo Data,2026-05-19T00:00:00
5866,4318,97,32540,spf,2026-05-18T10:02:07,1,Synthetic / Demo Data,2026-05-18T00:00:00
5867,4318,20,32543,cleansing,2026-05-18T10:21:21,1,Synthetic / Demo Data,2026-05-18T00:00:00
5868,4318,18,32545,cleansing,2026-06-02T23:06:30,1,Synthetic / Demo Data,2026-06-02T00:00:00
5869,4318,22,32548,cleansing,2026-06-02T21:30:11,1,Synthetic / Demo Data,2026-06-02T00:00:00
5870,4320,69,32553,active,2026-04-27T15:19:39,1,Synthetic / Demo Data,2026-04-27T00:00:00
5871,4322,14,32570,cleansing,2026-03-21T03:55:02,1,Synthetic / Demo Data,2026-03-21T00:00:00
5872,4322,94,32576,moisturizer,2026-03-23T06:10:38,1,Synthetic / Demo Data,2026-03-23T00:00:00
5873,4322,112,32578,spf,2026-03-23T11:35:41,1,Synthetic / Demo Data,2026-03-23T00:00:00
5874,4322,8,32579,cleansing,2026-03-23T09:38:07,1,Synthetic / Demo Data,2026-03-23T00:00:00
5875,4322,53,32581,active,2026-04-06T21:40:03,1,Synthetic / Demo Data,2026-04-06T00:00:00
5876,4324,82,32583,moisturizer,2026-04-27T11:55:02,1,Synthetic / Demo Data,2026-04-27T00:00:00
5877,4324,110,32590,spf,2026-05-08T11:10:46,0,Synthetic / Demo Data,2026-05-08T00:00:00
5878,4330,96,32628,moisturizer,2026-03-22T05:50:16,1,Synthetic / Demo Data,2026-03-22T00:00:00
5879,4330,22,32629,cleansing,2026-03-22T01:17:55,1,Synthetic / Demo Data,2026-03-22T00:00:00
5880,4330,78,32636,moisturizer,2026-03-24T19:20:02,1,Synthetic / Demo Data,2026-03-24T00:00:00
5881,4332,50,32655,active,2026-02-13T23:12:30,1,Synthetic / Demo Data,2026-02-13T00:00:00
5882,4332,20,32661,cleansing,2026-02-25T10:44:52,1,Synthetic / Demo Data,2026-02-25T00:00:00
5883,4332,7,32662,cleansing,2026-02-25T12:10:09,1,Synthetic / Demo Data,2026-02-25T00:00:00
5884,4334,103,32671,spf,2026-06-18T00:05:22,1,Synthetic / Demo Data,2026-06-18T00:00:00
5885,4335,96,32678,moisturizer,2026-09-02T04:23:48,1,Synthetic / Demo Data,2026-09-02T00:00:00
5886,4335,21,32679,cleansing,2026-09-02T03:29:49,1,Synthetic / Demo Data,2026-09-02T00:00:00
5887,4336,77,32682,moisturizer,2026-05-03T03:45:57,1,Synthetic / Demo Data,2026-05-03T00:00:00
5888,4336,106,32684,spf,2026-05-03T06:50:29,1,Synthetic / Demo Data,2026-05-03T00:00:00
5889,4336,63,32688,active,2026-05-11T11:02:04,1,Synthetic / Demo Data,2026-05-11T00:00:00
5890,4336,22,32690,cleansing,2026-05-11T09:09:11,1,Synthetic / Demo Data,2026-05-11T00:00:00
5891,4337,2,32697,cleansing,2026-05-26T20:00:19,1,Synthetic / Demo Data,2026-05-26T00:00:00
5892,4338,75,32707,moisturizer,2026-06-29T22:32:42,1,Synthetic / Demo Data,2026-06-29T00:00:00
5893,4338,21,32709,cleansing,2026-06-30T03:00:47,1,Synthetic / Demo Data,2026-06-30T00:00:00
5894,4338,39,32712,toner,2026-06-29T23:52:32,1,Synthetic / Demo Data,2026-06-29T00:00:00
5895,4338,110,32715,spf,2026-07-12T20:42:38,1,Synthetic / Demo Data,2026-07-12T00:00:00
5896,4344,82,32748,moisturizer,2026-08-30T01:38:00,1,Synthetic / Demo Data,2026-08-30T00:00:00
5897,4345,89,32750,moisturizer,2026-03-10T13:25:44,0,Synthetic / Demo Data,2026-03-10T00:00:00
5898,4345,82,32756,moisturizer,2026-03-16T02:04:42,1,Synthetic / Demo Data,2026-03-16T00:00:00
5899,4345,4,32757,cleansing,2026-03-16T03:34:11,1,Synthetic / Demo Data,2026-03-16T00:00:00
5900,4345,116,32760,spf,2026-03-16T11:30:44,1,Synthetic / Demo Data,2026-03-16T00:00:00
5901,4347,72,32773,active,2026-09-12T03:47:15,1,Synthetic / Demo Data,2026-09-12T00:00:00
5902,4347,92,32774,moisturizer,2026-09-12T02:24:24,1,Synthetic / Demo Data,2026-09-12T00:00:00
5903,4347,116,32776,spf,2026-09-12T05:38:10,1,Synthetic / Demo Data,2026-09-12T00:00:00
5904,4348,6,32782,cleansing,2026-04-17T09:55:46,1,Synthetic / Demo Data,2026-04-17T00:00:00
5905,4348,107,32787,spf,2026-04-19T01:52:42,1,Synthetic / Demo Data,2026-04-19T00:00:00
5906,4348,1,32790,cleansing,2026-04-19T05:11:46,1,Synthetic / Demo Data,2026-04-19T00:00:00
5907,4350,63,32805,active,2026-04-30T13:11:01,1,Synthetic / Demo Data,2026-04-30T00:00:00
5908,4350,90,32807,moisturizer,2026-04-30T14:08:22,1,Synthetic / Demo Data,2026-04-30T00:00:00
5909,4351,90,32820,moisturizer,2026-07-15T21:08:33,1,Synthetic / Demo Data,2026-07-15T00:00:00
5910,4351,37,32821,toner,2026-07-15T21:57:55,1,Synthetic / Demo Data,2026-07-15T00:00:00
5911,4353,69,32827,active,2026-04-16T16:38:13,1,Synthetic / Demo Data,2026-04-16T00:00:00
5912,4355,54,32848,active,2026-07-28T18:42:15,1,Synthetic / Demo Data,2026-07-28T00:00:00
5913,4355,1,32852,cleansing,2026-08-12T10:42:43,1,Synthetic / Demo Data,2026-08-12T00:00:00
5914,4355,69,32853,active,2026-08-12T11:37:08,1,Synthetic / Demo Data,2026-08-12T00:00:00
5915,4355,70,32856,active,2026-08-12T12:41:53,1,Synthetic / Demo Data,2026-08-12T00:00:00
5916,4357,96,32865,moisturizer,2026-03-06T12:59:00,1,Synthetic / Demo Data,2026-03-06T00:00:00
5917,4357,39,32867,toner,2026-03-07T22:26:17,1,Synthetic / Demo Data,2026-03-07T00:00:00
5918,4357,21,32868,cleansing,2026-03-07T21:22:19,1,Synthetic / Demo Data,2026-03-07T00:00:00
5919,4359,63,32879,active,2026-05-25T12:42:35,1,Synthetic / Demo Data,2026-05-25T00:00:00
5920,4360,41,32891,toner,2026-02-13T07:38:06,1,Synthetic / Demo Data,2026-02-13T00:00:00
5921,4363,82,32894,moisturizer,2026-04-07T19:02:58,1,Synthetic / Demo Data,2026-04-07T00:00:00
5922,4363,98,32903,spf,2026-04-29T18:08:46,1,Synthetic / Demo Data,2026-04-29T00:00:00
5923,4365,66,32909,active,2026-04-03T00:05:50,1,Synthetic / Demo Data,2026-04-03T00:00:00
5924,4366,9,32918,cleansing,2026-07-27T07:12:44,1,Synthetic / Demo Data,2026-07-27T00:00:00
5925,4368,112,32924,spf,2026-04-21T15:58:12,1,Synthetic / Demo Data,2026-04-21T00:00:00
5926,4368,67,32925,active,2026-04-21T11:54:29,1,Synthetic / Demo Data,2026-04-21T00:00:00
5927,4368,116,32926,spf,2026-04-21T14:42:02,1,Synthetic / Demo Data,2026-04-21T00:00:00
5928,4368,3,32928,cleansing,2026-04-26T11:27:11,1,Synthetic / Demo Data,2026-04-26T00:00:00
5929,4370,67,32939,active,2026-08-13T11:32:04,0,Synthetic / Demo Data,2026-08-13T00:00:00
5930,4372,41,32948,toner,2026-04-21T16:50:47,1,Synthetic / Demo Data,2026-04-21T00:00:00
5931,4372,112,32950,spf,2026-04-21T17:38:22,1,Synthetic / Demo Data,2026-04-21T00:00:00
5932,4372,108,32952,spf,2026-04-27T17:20:22,1,Synthetic / Demo Data,2026-04-27T00:00:00
5933,4372,11,32953,cleansing,2026-04-27T14:08:48,1,Synthetic / Demo Data,2026-04-27T00:00:00
5934,4376,40,32956,toner,2026-05-13T19:05:30,1,Synthetic / Demo Data,2026-05-13T00:00:00
5935,4378,55,32968,active,2026-04-29T12:30:26,1,Synthetic / Demo Data,2026-04-29T00:00:00
5936,4378,89,32970,moisturizer,2026-04-29T08:56:55,1,Synthetic / Demo Data,2026-04-29T00:00:00
5937,4378,28,32972,toner,2026-04-29T19:34:19,1,Synthetic / Demo Data,2026-04-29T00:00:00
5938,4378,112,32976,spf,2026-04-29T22:01:21,0,Synthetic / Demo Data,2026-04-29T00:00:00
5939,4378,1,32977,cleansing,2026-05-13T00:36:52,1,Synthetic / Demo Data,2026-05-13T00:00:00
5940,4379,24,32981,cleansing,2026-03-29T06:36:52,1,Synthetic / Demo Data,2026-03-29T00:00:00
5941,4379,40,32982,toner,2026-03-29T05:19:10,1,Synthetic / Demo Data,2026-03-29T00:00:00
5942,4379,69,32986,active,2026-04-02T10:33:40,1,Synthetic / Demo Data,2026-04-02T00:00:00
5943,4382,16,32999,cleansing,2026-02-05T23:57:04,1,Synthetic / Demo Data,2026-02-05T00:00:00
5944,4382,94,33004,moisturizer,2026-02-15T03:48:35,1,Synthetic / Demo Data,2026-02-15T00:00:00
5945,4382,21,33006,cleansing,2026-02-14T22:56:40,1,Synthetic / Demo Data,2026-02-14T00:00:00
5946,4382,112,33007,spf,2026-02-14T22:24:26,1,Synthetic / Demo Data,2026-02-14T00:00:00
5947,4385,114,33011,spf,2026-07-21T20:13:46,1,Synthetic / Demo Data,2026-07-21T00:00:00
5948,4385,28,33014,toner,2026-07-24T14:07:02,1,Synthetic / Demo Data,2026-07-24T00:00:00
5949,4385,115,33018,spf,2026-08-04T00:56:56,1,Synthetic / Demo Data,2026-08-04T00:00:00
5950,4386,3,33027,cleansing,2026-01-21T09:19:44,1,Synthetic / Demo Data,2026-01-21T00:00:00
5951,4387,120,33032,spf,2026-02-22T07:59:17,0,Synthetic / Demo Data,2026-02-22T00:00:00
5952,4387,92,33034,moisturizer,2026-02-22T06:52:52,1,Synthetic / Demo Data,2026-02-22T00:00:00
5953,4387,82,33036,moisturizer,2026-02-28T07:42:17,1,Synthetic / Demo Data,2026-02-28T00:00:00
5954,4387,63,33038,active,2026-02-28T08:53:50,1,Synthetic / Demo Data,2026-02-28T00:00:00
5955,4387,113,33041,spf,2026-03-09T07:38:08,1,Synthetic / Demo Data,2026-03-09T00:00:00
5956,4387,27,33043,toner,2026-03-09T04:48:33,1,Synthetic / Demo Data,2026-03-09T00:00:00
5957,4390,81,33071,moisturizer,2026-06-27T13:47:46,1,Synthetic / Demo Data,2026-06-27T00:00:00
5958,4391,99,33080,spf,2026-02-20T20:15:18,1,Synthetic / Demo Data,2026-02-20T00:00:00
5959,4392,82,33095,moisturizer,2026-04-29T19:17:57,1,Synthetic / Demo Data,2026-04-29T00:00:00
5960,4395,106,33109,spf,2026-04-22T16:42:13,1,Synthetic / Demo Data,2026-04-22T00:00:00
5961,4395,1,33114,cleansing,2026-05-01T02:48:14,1,Synthetic / Demo Data,2026-05-01T00:00:00
5962,4395,55,33119,active,2026-05-02T07:20:08,1,Synthetic / Demo Data,2026-05-02T00:00:00
5963,4395,85,33121,moisturizer,2026-05-02T13:21:04,1,Synthetic / Demo Data,2026-05-02T00:00:00
5964,4395,84,33122,moisturizer,2026-05-02T12:40:38,1,Synthetic / Demo Data,2026-05-02T00:00:00
5965,4395,97,33126,spf,2026-05-05T17:11:54,1,Synthetic / Demo Data,2026-05-05T00:00:00
5966,4396,24,33131,cleansing,2026-05-10T16:59:58,1,Synthetic / Demo Data,2026-05-10T00:00:00
5967,4396,21,33132,cleansing,2026-05-10T18:57:33,1,Synthetic / Demo Data,2026-05-10T00:00:00
5968,4396,5,33137,cleansing,2026-05-14T15:09:58,1,Synthetic / Demo Data,2026-05-14T00:00:00
5969,4396,97,33138,spf,2026-05-14T11:08:14,0,Synthetic / Demo Data,2026-05-14T00:00:00
5970,4398,65,33156,active,2026-07-26T05:44:08,1,Synthetic / Demo Data,2026-07-26T00:00:00
5971,4398,92,33158,moisturizer,2026-07-26T04:20:29,1,Synthetic / Demo Data,2026-07-26T00:00:00
5972,4398,40,33159,toner,2026-07-27T12:33:27,0,Synthetic / Demo Data,2026-07-27T00:00:00
5973,4400,102,33177,spf,2026-03-26T10:02:13,0,Synthetic / Demo Data,2026-03-26T00:00:00
5974,4400,9,33179,cleansing,2026-03-26T18:10:38,1,Synthetic / Demo Data,2026-03-26T00:00:00
5975,4400,25,33181,toner,2026-03-26T15:32:44,1,Synthetic / Demo Data,2026-03-26T00:00:00
5976,4401,80,33191,moisturizer,2026-09-01T14:57:29,1,Synthetic / Demo Data,2026-09-01T00:00:00
5977,4402,57,33198,active,2026-08-25T10:19:26,1,Synthetic / Demo Data,2026-08-25T00:00:00
5978,4403,45,33205,toner,2026-03-11T10:21:39,1,Synthetic / Demo Data,2026-03-11T00:00:00
5979,4403,27,33206,toner,2026-03-13T23:52:20,1,Synthetic / Demo Data,2026-03-13T00:00:00
5980,4404,113,33211,spf,2026-06-21T22:05:46,1,Synthetic / Demo Data,2026-06-21T00:00:00
5981,4405,92,33220,moisturizer,2026-02-09T22:42:54,1,Synthetic / Demo Data,2026-02-09T00:00:00
5982,4405,45,33223,toner,2026-02-09T22:50:32,1,Synthetic / Demo Data,2026-02-09T00:00:00
5983,4405,116,33225,spf,2026-02-10T13:19:35,1,Synthetic / Demo Data,2026-02-10T00:00:00
5984,4406,92,33233,moisturizer,2026-03-08T14:34:51,1,Synthetic / Demo Data,2026-03-08T00:00:00
5985,4406,68,33238,active,2026-03-14T12:36:21,1,Synthetic / Demo Data,2026-03-14T00:00:00
5986,4407,58,33243,active,2026-03-07T14:14:54,0,Synthetic / Demo Data,2026-03-07T00:00:00
5987,4407,110,33246,spf,2026-03-10T23:36:23,1,Synthetic / Demo Data,2026-03-10T00:00:00
5988,4407,54,33248,active,2026-03-10T22:49:52,1,Synthetic / Demo Data,2026-03-10T00:00:00
5989,4407,116,33249,spf,2026-03-10T23:20:56,1,Synthetic / Demo Data,2026-03-10T00:00:00
5990,4409,38,33253,toner,2026-01-29T12:11:57,1,Synthetic / Demo Data,2026-01-29T00:00:00
5991,4409,116,33257,spf,2026-01-30T02:10:50,1,Synthetic / Demo Data,2026-01-30T00:00:00
5992,4409,112,33262,spf,2026-02-03T22:38:10,1,Synthetic / Demo Data,2026-02-03T00:00:00
5993,4412,103,33263,spf,2026-06-05T19:50:04,1,Synthetic / Demo Data,2026-06-05T00:00:00
5994,4412,21,33264,cleansing,2026-06-05T16:59:56,1,Synthetic / Demo Data,2026-06-05T00:00:00
5995,4413,106,33274,spf,2026-07-21T22:59:46,1,Synthetic / Demo Data,2026-07-21T00:00:00
5996,4413,27,33282,toner,2026-08-05T07:44:01,1,Synthetic / Demo Data,2026-08-05T00:00:00
5997,4417,97,33312,spf,2026-08-16T21:57:41,1,Synthetic / Demo Data,2026-08-16T00:00:00
5998,4422,76,33319,moisturizer,2026-02-23T04:07:28,1,Synthetic / Demo Data,2026-02-23T00:00:00
5999,4422,116,33325,spf,2026-03-06T08:32:15,1,Synthetic / Demo Data,2026-03-06T00:00:00
6000,4422,37,33330,toner,2026-03-13T14:56:18,1,Synthetic / Demo Data,2026-03-13T00:00:00
6001,4422,16,33332,cleansing,2026-03-13T11:18:09,1,Synthetic / Demo Data,2026-03-13T00:00:00
6002,4424,74,33337,moisturizer,2026-01-18T22:54:33,1,Synthetic / Demo Data,2026-01-18T00:00:00
6003,4424,3,33342,cleansing,2026-01-26T19:28:31,1,Synthetic / Demo Data,2026-01-26T00:00:00
6004,4424,34,33343,toner,2026-02-02T15:23:08,1,Synthetic / Demo Data,2026-02-02T00:00:00
6005,4426,106,33346,spf,2026-02-04T17:33:41,1,Synthetic / Demo Data,2026-02-04T00:00:00
6006,4426,116,33351,spf,2026-02-05T19:08:56,1,Synthetic / Demo Data,2026-02-05T00:00:00
6007,4428,104,33367,spf,2026-05-29T08:33:48,1,Synthetic / Demo Data,2026-05-29T00:00:00
6008,4428,68,33373,active,2026-06-01T10:06:50,1,Synthetic / Demo Data,2026-06-01T00:00:00
6009,4429,10,33379,cleansing,2026-01-22T03:29:59,1,Synthetic / Demo Data,2026-01-22T00:00:00
6010,4429,94,33383,moisturizer,2026-01-29T14:31:03,1,Synthetic / Demo Data,2026-01-29T00:00:00
6011,4430,17,33391,cleansing,2026-02-08T11:00:45,1,Synthetic / Demo Data,2026-02-08T00:00:00
6012,4431,82,33405,moisturizer,2026-04-29T14:23:52,1,Synthetic / Demo Data,2026-04-29T00:00:00
6013,4432,106,33409,spf,2026-02-08T04:34:27,1,Synthetic / Demo Data,2026-02-08T00:00:00
6014,4432,28,33411,toner,2026-02-08T07:50:26,1,Synthetic / Demo Data,2026-02-08T00:00:00
6015,4432,52,33413,active,2026-02-10T13:09:23,1,Synthetic / Demo Data,2026-02-10T00:00:00
6016,4434,87,33422,moisturizer,2026-05-17T14:05:08,1,Synthetic / Demo Data,2026-05-17T00:00:00
6017,4434,63,33426,active,2026-05-28T02:03:02,1,Synthetic / Demo Data,2026-05-28T00:00:00
6018,4434,8,33430,cleansing,2026-05-31T17:59:41,1,Synthetic / Demo Data,2026-05-31T00:00:00
6019,4434,120,33431,spf,2026-05-31T18:23:13,1,Synthetic / Demo Data,2026-05-31T00:00:00
6020,4436,103,33442,spf,2026-04-01T14:22:38,1,Synthetic / Demo Data,2026-04-01T00:00:00
6021,4436,90,33449,moisturizer,2026-04-04T15:29:12,1,Synthetic / Demo Data,2026-04-04T00:00:00
6022,4437,75,33454,moisturizer,2026-06-01T23:15:39,1,Synthetic / Demo Data,2026-06-01T00:00:00
6023,4437,1,33455,cleansing,2026-06-02T04:03:39,1,Synthetic / Demo Data,2026-06-02T00:00:00
6024,4437,21,33459,cleansing,2026-06-18T03:56:54,0,Synthetic / Demo Data,2026-06-18T00:00:00
6025,4437,55,33461,active,2026-06-18T01:37:47,0,Synthetic / Demo Data,2026-06-18T00:00:00
6026,4437,46,33465,toner,2026-06-18T23:02:58,1,Synthetic / Demo Data,2026-06-18T00:00:00
6027,4437,8,33467,cleansing,2026-06-19T00:20:08,1,Synthetic / Demo Data,2026-06-19T00:00:00
6028,4441,46,33491,toner,2026-07-01T13:22:15,0,Synthetic / Demo Data,2026-07-01T00:00:00
6029,4441,17,33497,cleansing,2026-07-11T05:20:54,1,Synthetic / Demo Data,2026-07-11T00:00:00
6030,4443,27,33510,toner,2026-03-10T22:59:11,1,Synthetic / Demo Data,2026-03-10T00:00:00
6031,4443,80,33514,moisturizer,2026-03-10T23:44:32,1,Synthetic / Demo Data,2026-03-10T00:00:00
6032,4444,31,33523,toner,2026-07-02T03:36:22,1,Synthetic / Demo Data,2026-07-02T00:00:00
6033,4444,3,33525,cleansing,2026-07-08T06:34:47,1,Synthetic / Demo Data,2026-07-08T00:00:00
6034,4445,84,33535,moisturizer,2026-01-24T20:56:28,1,Synthetic / Demo Data,2026-01-24T00:00:00
6035,4445,1,33540,cleansing,2026-01-29T17:38:28,0,Synthetic / Demo Data,2026-01-29T00:00:00
6036,4446,74,33543,moisturizer,2026-02-26T10:57:51,1,Synthetic / Demo Data,2026-02-26T00:00:00
6037,4446,22,33546,cleansing,2026-03-11T02:10:32,1,Synthetic / Demo Data,2026-03-11T00:00:00
6038,4446,116,33548,spf,2026-03-10T22:53:38,1,Synthetic / Demo Data,2026-03-10T00:00:00
6039,4446,73,33550,moisturizer,2026-03-11T01:46:39,0,Synthetic / Demo Data,2026-03-11T00:00:00
6040,4446,21,33551,cleansing,2026-03-11T11:30:27,1,Synthetic / Demo Data,2026-03-11T00:00:00
6041,4446,7,33552,cleansing,2026-03-11T14:46:36,0,Synthetic / Demo Data,2026-03-11T00:00:00
6042,4447,110,33564,spf,2026-03-18T20:53:40,1,Synthetic / Demo Data,2026-03-18T00:00:00
6043,4448,107,33570,spf,2026-02-07T03:18:28,1,Synthetic / Demo Data,2026-02-07T00:00:00
6044,4448,14,33571,cleansing,2026-02-07T06:21:16,1,Synthetic / Demo Data,2026-02-07T00:00:00
6045,4448,21,33573,cleansing,2026-02-07T02:27:39,1,Synthetic / Demo Data,2026-02-07T00:00:00
6046,4449,55,33576,active,2026-04-09T00:15:25,1,Synthetic / Demo Data,2026-04-09T00:00:00
6047,4449,70,33580,active,2026-04-09T04:40:32,1,Synthetic / Demo Data,2026-04-09T00:00:00
6048,4451,116,33594,spf,2026-02-28T21:27:24,1,Synthetic / Demo Data,2026-02-28T00:00:00
6049,4451,1,33599,cleansing,2026-03-17T23:13:32,1,Synthetic / Demo Data,2026-03-17T00:00:00
6050,4452,70,33607,active,2026-09-04T04:56:37,0,Synthetic / Demo Data,2026-09-04T00:00:00
6051,4454,72,33629,active,2026-09-03T15:25:15,1,Synthetic / Demo Data,2026-09-03T00:00:00
6052,4458,107,33642,spf,2026-07-08T13:45:45,0,Synthetic / Demo Data,2026-07-08T00:00:00
6053,4460,46,33665,toner,2026-09-06T09:36:01,1,Synthetic / Demo Data,2026-09-06T00:00:00
6054,4460,1,33666,cleansing,2026-09-06T09:02:23,1,Synthetic / Demo Data,2026-09-06T00:00:00
6055,4460,74,33667,moisturizer,2026-09-06T13:41:35,1,Synthetic / Demo Data,2026-09-06T00:00:00
6056,4461,116,33673,spf,2026-05-02T13:30:24,1,Synthetic / Demo Data,2026-05-02T00:00:00
6057,4461,93,33675,moisturizer,2026-05-05T15:51:04,1,Synthetic / Demo Data,2026-05-05T00:00:00
6058,4463,1,33681,cleansing,2026-06-19T15:08:42,1,Synthetic / Demo Data,2026-06-19T00:00:00
6059,4463,82,33685,moisturizer,2026-06-19T17:45:57,0,Synthetic / Demo Data,2026-06-19T00:00:00
6060,4464,7,33690,cleansing,2026-06-22T11:52:14,1,Synthetic / Demo Data,2026-06-22T00:00:00
6061,4464,112,33692,spf,2026-06-22T09:12:46,1,Synthetic / Demo Data,2026-06-22T00:00:00
6062,4464,88,33695,moisturizer,2026-06-28T21:47:47,0,Synthetic / Demo Data,2026-06-28T00:00:00
6063,4464,87,33696,moisturizer,2026-06-29T04:53:05,1,Synthetic / Demo Data,2026-06-29T00:00:00
6064,4465,36,33704,toner,2026-03-02T01:49:59,1,Synthetic / Demo Data,2026-03-02T00:00:00
6065,4466,82,33717,moisturizer,2026-06-14T02:56:44,1,Synthetic / Demo Data,2026-06-14T00:00:00
6066,4468,113,33732,spf,2026-08-10T14:57:12,1,Synthetic / Demo Data,2026-08-10T00:00:00
6067,4468,83,33733,moisturizer,2026-08-10T15:12:09,1,Synthetic / Demo Data,2026-08-10T00:00:00
6068,4470,26,33742,toner,2026-08-12T04:32:24,0,Synthetic / Demo Data,2026-08-12T00:00:00
6069,4470,7,33745,cleansing,2026-08-15T09:32:53,1,Synthetic / Demo Data,2026-08-15T00:00:00
6070,4470,100,33746,spf,2026-08-15T07:38:04,1,Synthetic / Demo Data,2026-08-15T00:00:00
6071,4470,84,33752,moisturizer,2026-08-17T03:50:38,1,Synthetic / Demo Data,2026-08-17T00:00:00
6072,4470,21,33753,cleansing,2026-08-17T07:31:07,1,Synthetic / Demo Data,2026-08-17T00:00:00
6073,4470,18,33754,cleansing,2026-08-20T06:32:18,1,Synthetic / Demo Data,2026-08-20T00:00:00
6074,4474,97,33777,spf,2026-04-03T00:01:12,0,Synthetic / Demo Data,2026-04-03T00:00:00
6075,4474,116,33778,spf,2026-04-15T10:50:21,1,Synthetic / Demo Data,2026-04-15T00:00:00
6076,4474,90,33779,moisturizer,2026-04-15T09:41:29,1,Synthetic / Demo Data,2026-04-15T00:00:00
6077,4476,11,33785,cleansing,2026-02-28T15:08:29,1,Synthetic / Demo Data,2026-02-28T00:00:00
6078,4476,18,33787,cleansing,2026-02-28T15:08:48,1,Synthetic / Demo Data,2026-02-28T00:00:00
6079,4478,28,33791,toner,2026-05-16T04:59:09,1,Synthetic / Demo Data,2026-05-16T00:00:00
6080,4478,76,33792,moisturizer,2026-05-16T07:53:23,1,Synthetic / Demo Data,2026-05-16T00:00:00
6081,4478,66,33793,active,2026-05-16T05:15:33,1,Synthetic / Demo Data,2026-05-16T00:00:00
6082,4479,82,33807,moisturizer,2026-02-24T12:37:44,1,Synthetic / Demo Data,2026-02-24T00:00:00
6083,4480,2,33817,cleansing,2026-06-19T03:31:28,1,Synthetic / Demo Data,2026-06-19T00:00:00
6084,4481,82,33823,moisturizer,2026-08-05T20:29:45,1,Synthetic / Demo Data,2026-08-05T00:00:00
6085,4482,9,33828,cleansing,2026-03-24T23:25:09,1,Synthetic / Demo Data,2026-03-24T00:00:00
6086,4482,63,33836,active,2026-03-26T16:39:43,1,Synthetic / Demo Data,2026-03-26T00:00:00
6087,4483,54,33847,active,2026-01-19T03:46:50,1,Synthetic / Demo Data,2026-01-19T00:00:00
6088,4485,42,33851,toner,2026-04-14T05:21:06,1,Synthetic / Demo Data,2026-04-14T00:00:00
6089,4485,97,33854,spf,2026-04-14T04:15:25,1,Synthetic / Demo Data,2026-04-14T00:00:00
6090,4487,2,33862,cleansing,2026-07-19T18:25:41,0,Synthetic / Demo Data,2026-07-19T00:00:00
6091,4487,16,33864,cleansing,2026-08-07T10:10:59,1,Synthetic / Demo Data,2026-08-07T00:00:00
6092,4487,106,33865,spf,2026-08-07T10:13:09,1,Synthetic / Demo Data,2026-08-07T00:00:00
6093,4490,110,33868,spf,2026-04-17T01:46:10,1,Synthetic / Demo Data,2026-04-17T00:00:00
6094,4490,16,33879,cleansing,2026-04-26T09:17:52,1,Synthetic / Demo Data,2026-04-26T00:00:00
6095,4491,90,33885,moisturizer,2026-08-22T07:18:03,1,Synthetic / Demo Data,2026-08-22T00:00:00
6096,4492,116,33899,spf,2026-08-30T11:27:00,1,Synthetic / Demo Data,2026-08-30T00:00:00
6097,4493,27,33900,toner,2026-06-01T21:59:23,1,Synthetic / Demo Data,2026-06-01T00:00:00
6098,4493,36,33908,toner,2026-06-02T01:15:55,1,Synthetic / Demo Data,2026-06-02T00:00:00
6099,4493,38,33909,toner,2026-06-02T09:33:33,1,Synthetic / Demo Data,2026-06-02T00:00:00
6100,4495,117,33916,spf,2026-08-03T15:58:21,1,Synthetic / Demo Data,2026-08-03T00:00:00
6101,4496,59,33920,active,2026-09-02T04:25:06,1,Synthetic / Demo Data,2026-09-02T00:00:00
6102,4498,7,33931,cleansing,2026-02-10T02:30:25,1,Synthetic / Demo Data,2026-02-10T00:00:00
6103,4500,92,33940,moisturizer,2026-07-12T03:57:49,1,Synthetic / Demo Data,2026-07-12T00:00:00
6104,4501,112,33948,spf,2026-07-28T04:49:41,0,Synthetic / Demo Data,2026-07-28T00:00:00
6105,4501,28,33956,toner,2026-08-04T04:31:30,1,Synthetic / Demo Data,2026-08-04T00:00:00
6106,4504,100,33969,spf,2026-05-26T07:20:37,0,Synthetic / Demo Data,2026-05-26T00:00:00
6107,4506,82,33985,moisturizer,2026-01-09T14:17:38,1,Synthetic / Demo Data,2026-01-09T00:00:00
6108,4506,97,33987,spf,2026-01-09T12:31:54,1,Synthetic / Demo Data,2026-01-09T00:00:00
6109,4506,38,33995,toner,2026-01-29T04:36:54,1,Synthetic / Demo Data,2026-01-29T00:00:00
6110,4507,45,34000,toner,2026-02-19T14:13:30,1,Synthetic / Demo Data,2026-02-19T00:00:00
6111,4508,51,34004,active,2026-03-27T10:03:54,1,Synthetic / Demo Data,2026-03-27T00:00:00
6112,4508,28,34008,toner,2026-03-27T11:39:51,1,Synthetic / Demo Data,2026-03-27T00:00:00
6113,4508,73,34011,moisturizer,2026-04-03T07:54:41,1,Synthetic / Demo Data,2026-04-03T00:00:00
6114,4508,56,34012,active,2026-04-03T11:24:29,0,Synthetic / Demo Data,2026-04-03T00:00:00
6115,4508,14,34014,cleansing,2026-04-15T08:11:08,1,Synthetic / Demo Data,2026-04-15T00:00:00
6116,4510,10,34022,cleansing,2026-05-11T02:02:52,1,Synthetic / Demo Data,2026-05-11T00:00:00
6117,4510,57,34024,active,2026-05-11T00:06:18,1,Synthetic / Demo Data,2026-05-11T00:00:00
6118,4510,109,34025,spf,2026-05-11T01:46:35,1,Synthetic / Demo Data,2026-05-11T00:00:00
6119,4510,116,34026,spf,2026-05-10T19:31:08,1,Synthetic / Demo Data,2026-05-10T00:00:00
6120,4512,22,34035,cleansing,2026-07-09T05:56:00,1,Synthetic / Demo Data,2026-07-09T00:00:00
6121,4512,40,34040,toner,2026-07-16T03:51:13,1,Synthetic / Demo Data,2026-07-16T00:00:00
6122,4513,106,34048,spf,2026-04-14T20:27:45,1,Synthetic / Demo Data,2026-04-14T00:00:00
6123,4514,106,34061,spf,2026-04-17T06:32:56,1,Synthetic / Demo Data,2026-04-17T00:00:00
6124,4515,12,34064,cleansing,2026-09-06T05:01:24,1,Synthetic / Demo Data,2026-09-06T00:00:00
6125,4516,92,34070,moisturizer,2026-08-28T14:05:40,1,Synthetic / Demo Data,2026-08-28T00:00:00
6126,4516,77,34072,moisturizer,2026-08-28T14:51:41,1,Synthetic / Demo Data,2026-08-28T00:00:00
6127,4516,17,34073,cleansing,2026-08-28T12:42:43,1,Synthetic / Demo Data,2026-08-28T00:00:00
6128,4516,1,34079,cleansing,2026-08-28T17:51:47,1,Synthetic / Demo Data,2026-08-28T00:00:00
6129,4516,14,34082,cleansing,2026-08-29T15:29:24,1,Synthetic / Demo Data,2026-08-29T00:00:00
6130,4516,65,34084,active,2026-08-29T14:08:12,1,Synthetic / Demo Data,2026-08-29T00:00:00
6131,4517,17,34090,cleansing,2026-08-06T10:24:17,1,Synthetic / Demo Data,2026-08-06T00:00:00
6132,4517,66,34095,active,2026-08-12T20:13:16,1,Synthetic / Demo Data,2026-08-12T00:00:00
6133,4517,106,34097,spf,2026-08-13T07:37:22,1,Synthetic / Demo Data,2026-08-13T00:00:00
6134,4518,18,34103,cleansing,2026-06-17T19:28:14,1,Synthetic / Demo Data,2026-06-17T00:00:00
6135,4519,104,34111,spf,2026-02-03T00:06:02,1,Synthetic / Demo Data,2026-02-03T00:00:00
6136,4519,9,34113,cleansing,2026-02-02T20:16:07,1,Synthetic / Demo Data,2026-02-02T00:00:00
6137,4520,17,34123,cleansing,2026-06-10T16:50:55,1,Synthetic / Demo Data,2026-06-10T00:00:00
6138,4520,12,34128,cleansing,2026-06-18T16:20:04,0,Synthetic / Demo Data,2026-06-18T00:00:00
6139,4521,97,34133,spf,2026-08-21T16:13:13,1,Synthetic / Demo Data,2026-08-21T00:00:00
6140,4521,66,34135,active,2026-09-01T16:09:15,1,Synthetic / Demo Data,2026-09-01T00:00:00
6141,4521,116,34139,spf,2026-09-03T12:39:14,1,Synthetic / Demo Data,2026-09-03T00:00:00
6142,4522,25,34148,toner,2026-07-14T21:45:57,1,Synthetic / Demo Data,2026-07-14T00:00:00
6143,4523,78,34156,moisturizer,2026-02-11T10:52:36,1,Synthetic / Demo Data,2026-02-11T00:00:00
6144,4526,25,34172,toner,2026-04-08T17:54:16,0,Synthetic / Demo Data,2026-04-08T00:00:00
6145,4526,112,34175,spf,2026-04-08T15:43:14,1,Synthetic / Demo Data,2026-04-08T00:00:00
6146,4526,74,34177,moisturizer,2026-04-17T19:13:09,1,Synthetic / Demo Data,2026-04-17T00:00:00
6147,4529,114,34192,spf,2026-01-18T00:56:06,1,Synthetic / Demo Data,2026-01-18T00:00:00
6148,4529,74,34196,moisturizer,2026-01-18T03:00:39,1,Synthetic / Demo Data,2026-01-18T00:00:00
6149,4529,66,34198,active,2026-01-27T13:19:12,1,Synthetic / Demo Data,2026-01-27T00:00:00
6150,4529,82,34199,moisturizer,2026-01-27T16:47:53,1,Synthetic / Demo Data,2026-01-27T00:00:00
6151,4530,61,34207,active,2026-07-16T22:06:02,1,Synthetic / Demo Data,2026-07-16T00:00:00
6152,4530,69,34210,active,2026-08-02T12:37:47,1,Synthetic / Demo Data,2026-08-02T00:00:00
6153,4532,94,34224,moisturizer,2026-07-12T10:24:04,1,Synthetic / Demo Data,2026-07-12T00:00:00
6154,4532,105,34225,spf,2026-07-12T06:15:39,1,Synthetic / Demo Data,2026-07-12T00:00:00
6155,4532,11,34226,cleansing,2026-07-12T06:28:23,1,Synthetic / Demo Data,2026-07-12T00:00:00
6156,4532,113,34236,spf,2026-07-23T09:13:35,1,Synthetic / Demo Data,2026-07-23T00:00:00
6157,4533,22,34242,cleansing,2026-01-18T01:56:09,1,Synthetic / Demo Data,2026-01-18T00:00:00
6158,4536,80,34250,moisturizer,2026-03-29T03:29:46,1,Synthetic / Demo Data,2026-03-29T00:00:00
6159,4537,49,34257,active,2026-07-17T09:03:46,1,Synthetic / Demo Data,2026-07-17T00:00:00
6160,4538,38,34264,toner,2026-02-06T02:25:08,1,Synthetic / Demo Data,2026-02-06T00:00:00
6161,4538,1,34275,cleansing,2026-02-26T09:23:18,1,Synthetic / Demo Data,2026-02-26T00:00:00
6162,4538,39,34278,toner,2026-02-26T14:43:57,1,Synthetic / Demo Data,2026-02-26T00:00:00
6163,4539,10,34281,cleansing,2026-04-04T04:50:11,1,Synthetic / Demo Data,2026-04-04T00:00:00
6164,4544,106,34322,spf,2026-01-28T15:30:14,1,Synthetic / Demo Data,2026-01-28T00:00:00
6165,4544,30,34324,toner,2026-01-28T14:50:07,1,Synthetic / Demo Data,2026-01-28T00:00:00
6166,4547,1,34340,cleansing,2026-07-18T15:18:41,1,Synthetic / Demo Data,2026-07-18T00:00:00
6167,4547,20,34343,cleansing,2026-07-18T18:07:40,1,Synthetic / Demo Data,2026-07-18T00:00:00
6168,4549,54,34359,active,2026-03-27T16:11:02,1,Synthetic / Demo Data,2026-03-27T00:00:00
6169,4549,116,34365,spf,2026-04-11T09:37:41,1,Synthetic / Demo Data,2026-04-11T00:00:00
6170,4550,43,34374,toner,2026-01-26T03:30:43,1,Synthetic / Demo Data,2026-01-26T00:00:00
6171,4550,52,34377,active,2026-01-30T21:41:45,1,Synthetic / Demo Data,2026-01-30T00:00:00
6172,4550,12,34378,cleansing,2026-01-30T21:51:05,1,Synthetic / Demo Data,2026-01-30T00:00:00
6173,4550,1,34386,cleansing,2026-02-02T15:37:01,1,Synthetic / Demo Data,2026-02-02T00:00:00
6174,4552,72,34389,active,2026-04-25T22:14:56,0,Synthetic / Demo Data,2026-04-25T00:00:00
6175,4552,59,34390,active,2026-04-25T18:57:53,1,Synthetic / Demo Data,2026-04-25T00:00:00
6176,4553,116,34397,spf,2026-07-12T13:44:23,1,Synthetic / Demo Data,2026-07-12T00:00:00
6177,4553,53,34401,active,2026-07-21T19:43:39,1,Synthetic / Demo Data,2026-07-21T00:00:00
6178,4553,89,34404,moisturizer,2026-07-21T18:55:25,1,Synthetic / Demo Data,2026-07-21T00:00:00
6179,4554,73,34410,moisturizer,2026-05-02T22:48:03,1,Synthetic / Demo Data,2026-05-02T00:00:00
6180,4554,25,34412,toner,2026-05-07T02:00:59,1,Synthetic / Demo Data,2026-05-07T00:00:00
6181,4554,100,34416,spf,2026-05-06T22:20:19,1,Synthetic / Demo Data,2026-05-06T00:00:00
6182,4554,21,34419,cleansing,2026-05-10T09:48:30,1,Synthetic / Demo Data,2026-05-10T00:00:00
6183,4555,82,34429,moisturizer,2026-04-16T03:19:32,1,Synthetic / Demo Data,2026-04-16T00:00:00
6184,4555,106,34431,spf,2026-04-18T20:50:10,1,Synthetic / Demo Data,2026-04-18T00:00:00
6185,4555,17,34436,cleansing,2026-04-24T13:21:40,1,Synthetic / Demo Data,2026-04-24T00:00:00
6186,4555,40,34438,toner,2026-04-24T11:57:34,1,Synthetic / Demo Data,2026-04-24T00:00:00
6187,4558,18,34460,cleansing,2026-07-04T11:06:23,1,Synthetic / Demo Data,2026-07-04T00:00:00
6188,4558,73,34461,moisturizer,2026-07-04T10:02:23,1,Synthetic / Demo Data,2026-07-04T00:00:00
6189,4558,19,34470,cleansing,2026-07-10T16:35:27,1,Synthetic / Demo Data,2026-07-10T00:00:00
6190,4560,10,34472,cleansing,2026-07-29T20:16:28,1,Synthetic / Demo Data,2026-07-29T00:00:00
6191,4560,82,34477,moisturizer,2026-07-30T14:20:40,1,Synthetic / Demo Data,2026-07-30T00:00:00
6192,4560,74,34481,moisturizer,2026-07-30T10:57:39,1,Synthetic / Demo Data,2026-07-30T00:00:00
6193,4560,28,34482,toner,2026-08-18T09:51:32,1,Synthetic / Demo Data,2026-08-18T00:00:00
6194,4561,49,34485,active,2026-08-20T21:50:41,1,Synthetic / Demo Data,2026-08-20T00:00:00
6195,4561,1,34486,cleansing,2026-08-20T20:39:03,1,Synthetic / Demo Data,2026-08-20T00:00:00
6196,4561,120,34489,spf,2026-08-25T09:57:16,1,Synthetic / Demo Data,2026-08-25T00:00:00
6197,4562,24,34498,cleansing,2026-08-01T18:41:17,1,Synthetic / Demo Data,2026-08-01T00:00:00
6198,4563,3,34513,cleansing,2026-02-27T10:42:29,1,Synthetic / Demo Data,2026-02-27T00:00:00
6199,4563,49,34515,active,2026-03-07T23:54:08,1,Synthetic / Demo Data,2026-03-07T00:00:00
6200,4563,94,34519,moisturizer,2026-03-11T07:02:44,1,Synthetic / Demo Data,2026-03-11T00:00:00
6201,4565,84,34535,moisturizer,2026-02-28T00:21:06,1,Synthetic / Demo Data,2026-02-28T00:00:00
6202,4565,120,34541,spf,2026-03-04T16:18:00,1,Synthetic / Demo Data,2026-03-04T00:00:00
6203,4566,92,34545,moisturizer,2026-07-18T21:04:45,1,Synthetic / Demo Data,2026-07-18T00:00:00
6204,4566,6,34548,cleansing,2026-07-18T17:53:13,1,Synthetic / Demo Data,2026-07-18T00:00:00
6205,4566,42,34552,toner,2026-07-22T23:50:19,1,Synthetic / Demo Data,2026-07-22T00:00:00
6206,4566,83,34554,moisturizer,2026-07-25T04:07:09,1,Synthetic / Demo Data,2026-07-25T00:00:00
6207,4574,63,34569,active,2026-03-28T12:02:34,1,Synthetic / Demo Data,2026-03-28T00:00:00
6208,4574,82,34580,moisturizer,2026-04-05T22:48:48,1,Synthetic / Demo Data,2026-04-05T00:00:00
6209,4575,16,34583,cleansing,2026-06-06T16:09:13,1,Synthetic / Demo Data,2026-06-06T00:00:00
6210,4576,17,34594,cleansing,2026-02-19T14:56:57,1,Synthetic / Demo Data,2026-02-19T00:00:00
6211,4577,38,34602,toner,2026-03-24T16:48:30,1,Synthetic / Demo Data,2026-03-24T00:00:00
6212,4577,55,34604,active,2026-03-24T11:30:39,1,Synthetic / Demo Data,2026-03-24T00:00:00
6213,4577,106,34609,spf,2026-03-27T07:27:54,1,Synthetic / Demo Data,2026-03-27T00:00:00
6214,4578,9,34612,cleansing,2026-03-11T15:26:49,1,Synthetic / Demo Data,2026-03-11T00:00:00
6215,4578,97,34617,spf,2026-03-12T15:36:25,1,Synthetic / Demo Data,2026-03-12T00:00:00
6216,4580,90,34635,moisturizer,2026-02-25T13:41:54,1,Synthetic / Demo Data,2026-02-25T00:00:00
6217,4581,7,34647,cleansing,2026-08-17T22:00:19,1,Synthetic / Demo Data,2026-08-17T00:00:00
6218,4582,52,34662,active,2026-05-16T00:34:53,1,Synthetic / Demo Data,2026-05-16T00:00:00
6219,4586,24,34679,cleansing,2026-09-03T16:20:14,0,Synthetic / Demo Data,2026-09-03T00:00:00
6220,4586,104,34680,spf,2026-09-03T13:25:04,1,Synthetic / Demo Data,2026-09-03T00:00:00
6221,4586,21,34681,cleansing,2026-09-03T12:32:06,1,Synthetic / Demo Data,2026-09-03T00:00:00
6222,4590,21,34711,cleansing,2026-04-04T00:45:41,1,Synthetic / Demo Data,2026-04-04T00:00:00
6223,4590,114,34716,spf,2026-04-13T01:04:08,1,Synthetic / Demo Data,2026-04-13T00:00:00
6224,4590,22,34717,cleansing,2026-04-12T23:00:25,1,Synthetic / Demo Data,2026-04-12T00:00:00
6225,4591,110,34723,spf,2026-02-26T15:02:23,1,Synthetic / Demo Data,2026-02-26T00:00:00
6226,4595,92,34743,moisturizer,2026-06-10T17:15:32,1,Synthetic / Demo Data,2026-06-10T00:00:00
6227,4595,51,34745,active,2026-06-10T15:43:52,1,Synthetic / Demo Data,2026-06-10T00:00:00
6228,4595,66,34751,active,2026-06-12T01:35:08,1,Synthetic / Demo Data,2026-06-12T00:00:00
6229,4595,94,34754,moisturizer,2026-06-23T02:18:02,0,Synthetic / Demo Data,2026-06-23T00:00:00
6230,4596,55,34758,active,2026-04-21T00:28:40,0,Synthetic / Demo Data,2026-04-21T00:00:00
6231,4596,50,34760,active,2026-04-20T18:51:24,1,Synthetic / Demo Data,2026-04-20T00:00:00
6232,4596,4,34764,cleansing,2026-04-30T08:59:41,1,Synthetic / Demo Data,2026-04-30T00:00:00
6233,4597,32,34775,toner,2026-03-22T12:03:52,1,Synthetic / Demo Data,2026-03-22T00:00:00
6234,4598,92,34783,moisturizer,2026-04-26T01:52:01,1,Synthetic / Demo Data,2026-04-26T00:00:00
6235,4603,14,34801,cleansing,2026-03-06T00:52:29,1,Synthetic / Demo Data,2026-03-06T00:00:00
6236,4603,76,34805,moisturizer,2026-03-17T10:37:56,1,Synthetic / Demo Data,2026-03-17T00:00:00
6237,4603,17,34807,cleansing,2026-03-17T09:00:27,0,Synthetic / Demo Data,2026-03-17T00:00:00
6238,4604,76,34810,moisturizer,2026-03-11T00:03:10,1,Synthetic / Demo Data,2026-03-11T00:00:00
6239,4604,92,34811,moisturizer,2026-03-11T00:34:00,0,Synthetic / Demo Data,2026-03-11T00:00:00
6240,4604,112,34818,spf,2026-03-23T04:24:39,1,Synthetic / Demo Data,2026-03-23T00:00:00
6241,4604,114,34820,spf,2026-03-23T01:58:04,1,Synthetic / Demo Data,2026-03-23T00:00:00
6242,4604,88,34821,moisturizer,2026-03-23T03:21:03,1,Synthetic / Demo Data,2026-03-23T00:00:00
6243,4607,82,34825,moisturizer,2026-05-10T13:22:05,1,Synthetic / Demo Data,2026-05-10T00:00:00
6244,4607,84,34827,moisturizer,2026-05-10T17:06:42,1,Synthetic / Demo Data,2026-05-10T00:00:00
6245,4607,61,34828,active,2026-05-10T17:19:55,0,Synthetic / Demo Data,2026-05-10T00:00:00
6246,4607,77,34832,moisturizer,2026-05-14T13:14:22,1,Synthetic / Demo Data,2026-05-14T00:00:00
6247,4607,6,34836,cleansing,2026-05-18T16:33:49,1,Synthetic / Demo Data,2026-05-18T00:00:00
6248,4609,32,34847,toner,2026-09-13T14:11:22,1,Synthetic / Demo Data,2026-09-13T00:00:00
6249,4609,37,34849,toner,2026-09-17T12:13:08,1,Synthetic / Demo Data,2026-09-17T00:00:00
6250,4610,17,34852,cleansing,2026-03-15T17:33:18,1,Synthetic / Demo Data,2026-03-15T00:00:00
6251,4612,11,34860,cleansing,2026-08-19T18:43:36,1,Synthetic / Demo Data,2026-08-19T00:00:00
6252,4613,116,34877,spf,2026-03-31T11:41:09,1,Synthetic / Demo Data,2026-03-31T00:00:00
6253,4616,77,34889,moisturizer,2026-05-01T03:41:24,1,Synthetic / Demo Data,2026-05-01T00:00:00
6254,4616,40,34892,toner,2026-05-01T02:33:16,1,Synthetic / Demo Data,2026-05-01T00:00:00
6255,4616,9,34898,cleansing,2026-05-07T20:47:38,1,Synthetic / Demo Data,2026-05-07T00:00:00
6256,4618,30,34903,toner,2026-03-04T12:11:41,1,Synthetic / Demo Data,2026-03-04T00:00:00
6257,4618,116,34904,spf,2026-03-04T09:03:28,1,Synthetic / Demo Data,2026-03-04T00:00:00
6258,4618,77,34905,moisturizer,2026-03-04T11:00:13,1,Synthetic / Demo Data,2026-03-04T00:00:00
6259,4618,81,34906,moisturizer,2026-03-04T08:21:37,1,Synthetic / Demo Data,2026-03-04T00:00:00
6260,4618,4,34908,cleansing,2026-03-13T21:20:01,1,Synthetic / Demo Data,2026-03-13T00:00:00
6261,4618,54,34913,active,2026-03-20T17:33:03,0,Synthetic / Demo Data,2026-03-20T00:00:00
6262,4622,67,34930,active,2026-06-27T06:07:40,1,Synthetic / Demo Data,2026-06-27T00:00:00
6263,4626,9,34957,cleansing,2026-02-12T17:41:33,1,Synthetic / Demo Data,2026-02-12T00:00:00
6264,4626,34,34960,toner,2026-02-12T18:10:02,1,Synthetic / Demo Data,2026-02-12T00:00:00
6265,4629,82,34963,moisturizer,2026-09-10T00:15:24,1,Synthetic / Demo Data,2026-09-10T00:00:00
6266,4632,6,34996,cleansing,2026-03-28T15:47:40,0,Synthetic / Demo Data,2026-03-28T00:00:00
6267,4633,8,34998,cleansing,2026-06-22T18:06:03,1,Synthetic / Demo Data,2026-06-22T00:00:00
6268,4633,20,35001,cleansing,2026-06-22T18:53:23,1,Synthetic / Demo Data,2026-06-22T00:00:00
6269,4633,117,35003,spf,2026-06-25T02:59:12,1,Synthetic / Demo Data,2026-06-25T00:00:00
6270,4639,55,35035,active,2026-04-30T23:44:43,1,Synthetic / Demo Data,2026-04-30T00:00:00
6271,4645,6,35068,cleansing,2026-02-24T00:20:32,1,Synthetic / Demo Data,2026-02-24T00:00:00
6272,4645,60,35070,active,2026-02-23T21:59:29,1,Synthetic / Demo Data,2026-02-23T00:00:00
6273,4645,55,35072,active,2026-02-23T19:47:21,1,Synthetic / Demo Data,2026-02-23T00:00:00
6274,4645,43,35073,toner,2026-03-03T13:40:52,1,Synthetic / Demo Data,2026-03-03T00:00:00
6275,4645,110,35074,spf,2026-03-03T16:45:19,0,Synthetic / Demo Data,2026-03-03T00:00:00
6276,4646,17,35081,cleansing,2026-07-25T07:12:26,1,Synthetic / Demo Data,2026-07-25T00:00:00
6277,4646,40,35087,toner,2026-08-05T14:32:17,1,Synthetic / Demo Data,2026-08-05T00:00:00
6278,4651,66,35101,active,2026-04-25T10:00:21,1,Synthetic / Demo Data,2026-04-25T00:00:00
6279,4653,83,35108,moisturizer,2026-05-24T04:13:33,1,Synthetic / Demo Data,2026-05-24T00:00:00
6280,4653,69,35110,active,2026-05-24T08:36:08,1,Synthetic / Demo Data,2026-05-24T00:00:00
6281,4653,107,35119,spf,2026-06-05T04:55:10,1,Synthetic / Demo Data,2026-06-05T00:00:00
6282,4654,17,35125,cleansing,2026-05-17T11:58:38,1,Synthetic / Demo Data,2026-05-17T00:00:00
6283,4657,55,35142,active,2026-04-26T04:57:42,1,Synthetic / Demo Data,2026-04-26T00:00:00
6284,4657,51,35145,active,2026-04-30T09:31:57,1,Synthetic / Demo Data,2026-04-30T00:00:00
6285,4659,24,35149,cleansing,2026-06-27T07:45:49,0,Synthetic / Demo Data,2026-06-27T00:00:00
6286,4659,106,35151,spf,2026-06-30T10:38:55,1,Synthetic / Demo Data,2026-06-30T00:00:00
6287,4662,16,35155,cleansing,2026-07-20T21:30:36,1,Synthetic / Demo Data,2026-07-20T00:00:00
6288,4662,14,35158,cleansing,2026-07-26T00:14:19,1,Synthetic / Demo Data,2026-07-26T00:00:00
6289,4664,74,35181,moisturizer,2026-04-02T21:47:51,0,Synthetic / Demo Data,2026-04-02T00:00:00
6290,4665,82,35182,moisturizer,2026-09-05T20:25:29,1,Synthetic / Demo Data,2026-09-05T00:00:00
6291,4665,48,35184,toner,2026-09-06T00:10:00,1,Synthetic / Demo Data,2026-09-06T00:00:00
6292,4666,114,35193,spf,2026-07-24T07:02:21,1,Synthetic / Demo Data,2026-07-24T00:00:00
6293,4667,97,35206,spf,2026-06-01T10:42:28,1,Synthetic / Demo Data,2026-06-01T00:00:00
6294,4668,86,35215,moisturizer,2026-03-15T22:36:41,1,Synthetic / Demo Data,2026-03-15T00:00:00
6295,4668,81,35216,moisturizer,2026-03-15T20:00:54,1,Synthetic / Demo Data,2026-03-15T00:00:00
6296,4668,20,35219,cleansing,2026-03-20T10:41:19,1,Synthetic / Demo Data,2026-03-20T00:00:00
6297,4670,112,35244,spf,2026-08-09T04:55:01,0,Synthetic / Demo Data,2026-08-09T00:00:00
6298,4671,113,35246,spf,2026-02-27T02:29:23,1,Synthetic / Demo Data,2026-02-27T00:00:00
6299,4672,90,35256,moisturizer,2026-02-04T19:52:56,1,Synthetic / Demo Data,2026-02-04T00:00:00
6300,4673,17,35271,cleansing,2026-08-16T17:31:07,1,Synthetic / Demo Data,2026-08-16T00:00:00
6301,4674,120,35289,spf,2026-07-25T12:46:38,1,Synthetic / Demo Data,2026-07-25T00:00:00
6302,4675,58,35296,active,2026-08-20T21:00:31,1,Synthetic / Demo Data,2026-08-20T00:00:00
6303,4675,10,35300,cleansing,2026-08-22T13:26:01,1,Synthetic / Demo Data,2026-08-22T00:00:00
6304,4675,5,35301,cleansing,2026-08-22T15:57:15,1,Synthetic / Demo Data,2026-08-22T00:00:00
6305,4676,94,35307,moisturizer,2026-06-27T20:35:37,1,Synthetic / Demo Data,2026-06-27T00:00:00
6306,4676,83,35310,moisturizer,2026-07-01T00:07:11,1,Synthetic / Demo Data,2026-07-01T00:00:00
6307,4676,82,35311,moisturizer,2026-06-30T23:59:47,1,Synthetic / Demo Data,2026-06-30T00:00:00
6308,4676,17,35316,cleansing,2026-07-02T02:41:40,1,Synthetic / Demo Data,2026-07-02T00:00:00
6309,4683,73,35331,moisturizer,2026-07-04T03:03:36,1,Synthetic / Demo Data,2026-07-04T00:00:00
6310,4683,97,35341,spf,2026-07-14T19:27:00,1,Synthetic / Demo Data,2026-07-14T00:00:00
6311,4685,32,35344,toner,2026-02-02T06:12:29,1,Synthetic / Demo Data,2026-02-02T00:00:00
6312,4685,36,35347,toner,2026-02-02T07:16:04,1,Synthetic / Demo Data,2026-02-02T00:00:00
6313,4685,28,35349,toner,2026-02-11T15:27:33,0,Synthetic / Demo Data,2026-02-11T00:00:00
6314,4686,82,35355,moisturizer,2026-02-12T10:59:27,1,Synthetic / Demo Data,2026-02-12T00:00:00
6315,4686,27,35360,toner,2026-02-22T17:19:59,1,Synthetic / Demo Data,2026-02-22T00:00:00
6316,4687,78,35369,moisturizer,2026-07-24T05:31:04,1,Synthetic / Demo Data,2026-07-24T00:00:00
6317,4687,14,35370,cleansing,2026-07-24T05:10:55,0,Synthetic / Demo Data,2026-07-24T00:00:00
6318,4687,27,35372,toner,2026-07-25T03:03:33,1,Synthetic / Demo Data,2026-07-25T00:00:00
6319,4688,82,35383,moisturizer,2026-03-05T13:17:02,1,Synthetic / Demo Data,2026-03-05T00:00:00
6320,4688,81,35384,moisturizer,2026-03-05T12:26:04,1,Synthetic / Demo Data,2026-03-05T00:00:00
6321,4689,82,35391,moisturizer,2026-09-13T09:18:27,1,Synthetic / Demo Data,2026-09-13T00:00:00
6322,4690,27,35396,toner,2026-07-21T05:44:29,1,Synthetic / Demo Data,2026-07-21T00:00:00
6323,4690,82,35397,moisturizer,2026-07-21T05:43:56,1,Synthetic / Demo Data,2026-07-21T00:00:00
6324,4690,24,35402,cleansing,2026-07-31T04:47:22,1,Synthetic / Demo Data,2026-07-31T00:00:00
6325,4693,108,35414,spf,2026-08-07T13:09:23,1,Synthetic / Demo Data,2026-08-07T00:00:00
6326,4693,120,35421,spf,2026-08-16T14:25:11,1,Synthetic / Demo Data,2026-08-16T00:00:00
6327,4695,35,35423,toner,2026-08-28T10:35:53,1,Synthetic / Demo Data,2026-08-28T00:00:00
6328,4695,93,35428,moisturizer,2026-09-11T18:14:35,1,Synthetic / Demo Data,2026-09-11T00:00:00
6329,4697,49,35438,active,2026-05-31T10:45:55,1,Synthetic / Demo Data,2026-05-31T00:00:00
6330,4697,51,35443,active,2026-06-09T00:06:55,0,Synthetic / Demo Data,2026-06-09T00:00:00
6331,4698,54,35458,active,2026-02-04T18:02:00,1,Synthetic / Demo Data,2026-02-04T00:00:00
6332,4698,55,35460,active,2026-02-04T17:47:50,1,Synthetic / Demo Data,2026-02-04T00:00:00
6333,4699,82,35461,moisturizer,2026-06-08T16:54:52,0,Synthetic / Demo Data,2026-06-08T00:00:00
6334,4699,84,35469,moisturizer,2026-06-08T18:03:00,1,Synthetic / Demo Data,2026-06-08T00:00:00
6335,4700,104,35475,spf,2026-07-31T11:06:37,1,Synthetic / Demo Data,2026-07-31T00:00:00
6336,4700,14,35483,cleansing,2026-08-10T06:06:18,1,Synthetic / Demo Data,2026-08-10T00:00:00
6337,4700,97,35485,spf,2026-08-12T23:09:59,1,Synthetic / Demo Data,2026-08-12T00:00:00
6338,4700,1,35487,cleansing,2026-08-13T01:42:03,1,Synthetic / Demo Data,2026-08-13T00:00:00
6339,4701,82,35492,moisturizer,2026-06-06T00:01:15,1,Synthetic / Demo Data,2026-06-06T00:00:00
6340,4701,67,35493,active,2026-06-05T21:59:34,1,Synthetic / Demo Data,2026-06-05T00:00:00
6341,4701,17,35498,cleansing,2026-06-11T06:40:34,1,Synthetic / Demo Data,2026-06-11T00:00:00
6342,4701,112,35499,spf,2026-06-13T07:56:38,1,Synthetic / Demo Data,2026-06-13T00:00:00
6343,4705,18,35515,cleansing,2026-08-17T10:41:16,1,Synthetic / Demo Data,2026-08-17T00:00:00
6344,4708,18,35522,cleansing,2026-06-06T02:38:05,1,Synthetic / Demo Data,2026-06-06T00:00:00
6345,4708,21,35524,cleansing,2026-06-06T04:29:31,1,Synthetic / Demo Data,2026-06-06T00:00:00
6346,4709,22,35539,cleansing,2026-01-17T07:09:14,1,Synthetic / Demo Data,2026-01-17T00:00:00
6347,4710,92,35549,moisturizer,2026-08-02T20:29:38,0,Synthetic / Demo Data,2026-08-02T00:00:00
6348,4712,63,35557,active,2026-09-06T03:28:03,0,Synthetic / Demo Data,2026-09-06T00:00:00
6349,4712,45,35560,toner,2026-09-06T09:25:09,1,Synthetic / Demo Data,2026-09-06T00:00:00
6350,4712,99,35562,spf,2026-09-15T02:58:01,1,Synthetic / Demo Data,2026-09-15T00:00:00
6351,4712,7,35563,cleansing,2026-09-14T23:39:25,1,Synthetic / Demo Data,2026-09-14T00:00:00
6352,4715,32,35591,toner,2026-04-21T14:35:24,0,Synthetic / Demo Data,2026-04-21T00:00:00
6353,4715,112,35595,spf,2026-04-29T16:19:27,1,Synthetic / Demo Data,2026-04-29T00:00:00
6354,4715,63,35596,active,2026-04-29T12:36:26,1,Synthetic / Demo Data,2026-04-29T00:00:00
6355,4717,80,35609,moisturizer,2026-06-20T02:18:15,1,Synthetic / Demo Data,2026-06-20T00:00:00
6356,4717,31,35612,toner,2026-06-19T21:50:17,1,Synthetic / Demo Data,2026-06-19T00:00:00
6357,4717,35,35616,toner,2026-06-21T09:29:25,0,Synthetic / Demo Data,2026-06-21T00:00:00
6358,4718,74,35620,moisturizer,2026-08-30T02:52:38,1,Synthetic / Demo Data,2026-08-30T00:00:00
6359,4718,97,35622,spf,2026-08-29T20:30:57,1,Synthetic / Demo Data,2026-08-29T00:00:00
6360,4718,55,35623,active,2026-08-29T21:15:30,1,Synthetic / Demo Data,2026-08-29T00:00:00
6361,4719,10,35631,cleansing,2026-06-17T06:39:03,1,Synthetic / Demo Data,2026-06-17T00:00:00
6362,4719,21,35633,cleansing,2026-06-26T15:47:22,1,Synthetic / Demo Data,2026-06-26T00:00:00
6363,4720,116,35642,spf,2026-06-05T12:46:08,1,Synthetic / Demo Data,2026-06-05T00:00:00
6364,4720,78,35644,moisturizer,2026-06-13T02:41:41,1,Synthetic / Demo Data,2026-06-13T00:00:00
6365,4720,90,35649,moisturizer,2026-06-18T08:43:39,1,Synthetic / Demo Data,2026-06-18T00:00:00
6366,4722,12,35656,cleansing,2026-09-09T14:28:06,1,Synthetic / Demo Data,2026-09-09T00:00:00
6367,4722,22,35657,cleansing,2026-09-09T14:46:50,0,Synthetic / Demo Data,2026-09-09T00:00:00
6368,4722,115,35659,spf,2026-09-09T18:01:31,1,Synthetic / Demo Data,2026-09-09T00:00:00
6369,4723,49,35668,active,2026-06-13T23:45:09,1,Synthetic / Demo Data,2026-06-13T00:00:00
6370,4724,108,35669,spf,2026-05-20T03:22:17,1,Synthetic / Demo Data,2026-05-20T00:00:00
6371,4730,94,35709,moisturizer,2026-08-08T03:38:54,1,Synthetic / Demo Data,2026-08-08T00:00:00
6372,4730,112,35714,spf,2026-08-09T18:52:50,1,Synthetic / Demo Data,2026-08-09T00:00:00
6373,4731,37,35719,toner,2026-07-15T13:18:59,1,Synthetic / Demo Data,2026-07-15T00:00:00
6374,4733,70,35734,active,2026-09-03T20:40:39,1,Synthetic / Demo Data,2026-09-03T00:00:00
6375,4734,78,35740,moisturizer,2026-01-17T22:31:56,1,Synthetic / Demo Data,2026-01-17T00:00:00
6376,4734,109,35743,spf,2026-01-18T16:40:36,1,Synthetic / Demo Data,2026-01-18T00:00:00
6377,4735,108,35751,spf,2026-09-18T04:41:43,1,Synthetic / Demo Data,2026-09-18T00:00:00
6378,4735,17,35755,cleansing,2026-09-18T03:59:21,1,Synthetic / Demo Data,2026-09-18T00:00:00
6379,4735,76,35758,moisturizer,2026-09-20T08:16:29,1,Synthetic / Demo Data,2026-09-20T00:00:00
6380,4737,46,35761,toner,2026-08-04T00:05:10,1,Synthetic / Demo Data,2026-08-04T00:00:00
6381,4737,31,35766,toner,2026-08-12T13:49:00,0,Synthetic / Demo Data,2026-08-12T00:00:00
6382,4738,18,35777,cleansing,2026-06-25T05:01:38,1,Synthetic / Demo Data,2026-06-25T00:00:00
6383,4738,82,35780,moisturizer,2026-06-25T16:35:45,1,Synthetic / Demo Data,2026-06-25T00:00:00
6384,4739,24,35788,cleansing,2026-02-24T12:11:48,1,Synthetic / Demo Data,2026-02-24T00:00:00
6385,4739,37,35790,toner,2026-03-03T06:05:13,1,Synthetic / Demo Data,2026-03-03T00:00:00
6386,4739,69,35791,active,2026-03-03T09:59:22,1,Synthetic / Demo Data,2026-03-03T00:00:00
6387,4740,33,35800,toner,2026-04-20T08:50:28,1,Synthetic / Demo Data,2026-04-20T00:00:00
6388,4742,108,35816,spf,2026-07-04T08:30:18,1,Synthetic / Demo Data,2026-07-04T00:00:00
6389,4742,43,35818,toner,2026-07-04T09:49:37,0,Synthetic / Demo Data,2026-07-04T00:00:00
6390,4742,21,35821,cleansing,2026-07-11T07:23:12,1,Synthetic / Demo Data,2026-07-11T00:00:00
6391,4742,84,35822,moisturizer,2026-07-11T02:02:22,0,Synthetic / Demo Data,2026-07-11T00:00:00
6392,4742,116,35823,spf,2026-07-11T05:51:12,1,Synthetic / Demo Data,2026-07-11T00:00:00
6393,4742,69,35824,active,2026-07-19T05:37:09,1,Synthetic / Demo Data,2026-07-19T00:00:00
6394,4743,51,35834,active,2026-07-05T12:51:39,1,Synthetic / Demo Data,2026-07-05T00:00:00
6395,4743,66,35840,active,2026-07-16T16:11:41,1,Synthetic / Demo Data,2026-07-16T00:00:00
6396,4744,41,35846,toner,2026-07-12T14:20:09,1,Synthetic / Demo Data,2026-07-12T00:00:00
6397,4744,61,35847,active,2026-07-12T11:42:45,1,Synthetic / Demo Data,2026-07-12T00:00:00
6398,4744,82,35849,moisturizer,2026-07-22T14:30:02,1,Synthetic / Demo Data,2026-07-22T00:00:00
6399,4747,82,35870,moisturizer,2026-03-31T22:18:15,1,Synthetic / Demo Data,2026-03-31T00:00:00
6400,4747,2,35873,cleansing,2026-03-31T23:12:53,1,Synthetic / Demo Data,2026-03-31T00:00:00
6401,4747,66,35874,active,2026-04-01T02:07:16,1,Synthetic / Demo Data,2026-04-01T00:00:00
6402,4747,53,35876,active,2026-04-13T18:23:59,1,Synthetic / Demo Data,2026-04-13T00:00:00
6403,4747,97,35879,spf,2026-04-13T18:09:54,1,Synthetic / Demo Data,2026-04-13T00:00:00
6404,4750,63,35884,active,2026-07-07T18:39:28,1,Synthetic / Demo Data,2026-07-07T00:00:00
6405,4751,116,35897,spf,2026-06-08T23:46:31,1,Synthetic / Demo Data,2026-06-08T00:00:00
6406,4752,112,35902,spf,2026-03-16T13:58:45,1,Synthetic / Demo Data,2026-03-16T00:00:00
6407,4752,21,35905,cleansing,2026-03-23T11:49:34,1,Synthetic / Demo Data,2026-03-23T00:00:00
6408,4753,112,35908,spf,2026-05-18T03:54:19,1,Synthetic / Demo Data,2026-05-18T00:00:00
6409,4753,94,35912,moisturizer,2026-05-18T04:08:15,1,Synthetic / Demo Data,2026-05-18T00:00:00
6410,4753,39,35915,toner,2026-05-23T04:29:06,1,Synthetic / Demo Data,2026-05-23T00:00:00
6411,4753,105,35918,spf,2026-05-24T17:04:37,1,Synthetic / Demo Data,2026-05-24T00:00:00
6412,4753,21,35919,cleansing,2026-05-24T19:47:54,0,Synthetic / Demo Data,2026-05-24T00:00:00
6413,4753,74,35925,moisturizer,2026-06-06T06:45:12,1,Synthetic / Demo Data,2026-06-06T00:00:00
6414,4754,57,35927,active,2026-04-06T22:47:57,1,Synthetic / Demo Data,2026-04-06T00:00:00
6415,4756,21,35934,cleansing,2026-05-15T10:57:13,1,Synthetic / Demo Data,2026-05-15T00:00:00
6416,4756,69,35936,active,2026-05-15T15:39:58,1,Synthetic / Demo Data,2026-05-15T00:00:00
6417,4756,82,35943,moisturizer,2026-06-03T12:01:28,1,Synthetic / Demo Data,2026-06-03T00:00:00
6418,4757,109,35944,spf,2026-09-04T22:35:58,1,Synthetic / Demo Data,2026-09-04T00:00:00
6419,4757,21,35951,cleansing,2026-09-16T19:16:41,1,Synthetic / Demo Data,2026-09-16T00:00:00
6420,4759,18,35961,cleansing,2026-07-27T21:39:13,1,Synthetic / Demo Data,2026-07-27T00:00:00
6421,4760,55,35971,active,2026-08-30T19:38:14,1,Synthetic / Demo Data,2026-08-30T00:00:00
6422,4761,82,35973,moisturizer,2026-03-09T07:28:11,1,Synthetic / Demo Data,2026-03-09T00:00:00
6423,4761,16,35977,cleansing,2026-03-09T11:04:58,1,Synthetic / Demo Data,2026-03-09T00:00:00
6424,4761,6,35982,cleansing,2026-03-13T21:03:05,1,Synthetic / Demo Data,2026-03-13T00:00:00
6425,4761,94,35984,moisturizer,2026-03-16T18:45:27,0,Synthetic / Demo Data,2026-03-16T00:00:00
6426,4761,69,35986,active,2026-03-16T18:23:10,1,Synthetic / Demo Data,2026-03-16T00:00:00
6427,4762,6,35992,cleansing,2026-01-25T06:17:21,1,Synthetic / Demo Data,2026-01-25T00:00:00
6428,4763,7,36003,cleansing,2026-06-19T06:36:30,1,Synthetic / Demo Data,2026-06-19T00:00:00
6429,4766,43,36005,toner,2026-07-15T01:04:34,1,Synthetic / Demo Data,2026-07-15T00:00:00
6430,4766,7,36006,cleansing,2026-07-14T23:16:43,1,Synthetic / Demo Data,2026-07-14T00:00:00
6431,4766,51,36011,active,2026-07-17T16:45:43,0,Synthetic / Demo Data,2026-07-17T00:00:00
6432,4766,18,36012,cleansing,2026-07-17T16:57:04,1,Synthetic / Demo Data,2026-07-17T00:00:00
6433,4767,84,36018,moisturizer,2026-06-18T04:52:23,1,Synthetic / Demo Data,2026-06-18T00:00:00
6434,4767,21,36022,cleansing,2026-06-30T21:59:56,1,Synthetic / Demo Data,2026-06-30T00:00:00
6435,4768,79,36024,moisturizer,2026-05-20T11:59:45,1,Synthetic / Demo Data,2026-05-20T00:00:00
6436,4768,43,36029,toner,2026-06-05T06:17:12,1,Synthetic / Demo Data,2026-06-05T00:00:00
6437,4770,55,36032,active,2026-06-26T05:40:11,1,Synthetic / Demo Data,2026-06-26T00:00:00
6438,4770,22,36034,cleansing,2026-06-26T00:10:11,1,Synthetic / Demo Data,2026-06-26T00:00:00
6439,4772,2,36041,cleansing,2026-04-21T15:18:51,1,Synthetic / Demo Data,2026-04-21T00:00:00
6440,4773,74,36055,moisturizer,2026-05-02T06:57:32,1,Synthetic / Demo Data,2026-05-02T00:00:00
6441,4773,24,36056,cleansing,2026-05-02T08:55:23,1,Synthetic / Demo Data,2026-05-02T00:00:00
6442,4773,19,36057,cleansing,2026-05-10T04:26:44,1,Synthetic / Demo Data,2026-05-10T00:00:00
6443,4773,80,36060,moisturizer,2026-05-10T03:14:37,1,Synthetic / Demo Data,2026-05-10T00:00:00
6444,4773,17,36063,cleansing,2026-05-15T16:05:24,1,Synthetic / Demo Data,2026-05-15T00:00:00
6445,4777,116,36093,spf,2026-07-25T00:48:08,1,Synthetic / Demo Data,2026-07-25T00:00:00
6446,4777,12,36095,cleansing,2026-07-25T02:36:17,1,Synthetic / Demo Data,2026-07-25T00:00:00
6447,4782,52,36120,active,2026-03-22T16:03:38,1,Synthetic / Demo Data,2026-03-22T00:00:00
6448,4783,84,36122,moisturizer,2026-06-15T00:31:21,1,Synthetic / Demo Data,2026-06-15T00:00:00
6449,4783,106,36129,spf,2026-06-18T23:13:45,0,Synthetic / Demo Data,2026-06-18T00:00:00
6450,4783,94,36130,moisturizer,2026-06-19T00:09:33,1,Synthetic / Demo Data,2026-06-19T00:00:00
6451,4789,116,36165,spf,2026-04-10T05:57:50,1,Synthetic / Demo Data,2026-04-10T00:00:00
6452,4789,9,36166,cleansing,2026-04-10T07:51:17,1,Synthetic / Demo Data,2026-04-10T00:00:00
6453,4789,82,36168,moisturizer,2026-04-16T19:56:03,1,Synthetic / Demo Data,2026-04-16T00:00:00
6454,4794,41,36179,toner,2026-01-31T05:16:20,1,Synthetic / Demo Data,2026-01-31T00:00:00
6455,4795,73,36187,moisturizer,2026-02-09T11:16:48,1,Synthetic / Demo Data,2026-02-09T00:00:00
6456,4795,116,36192,spf,2026-02-13T18:25:22,1,Synthetic / Demo Data,2026-02-13T00:00:00
6457,4795,106,36196,spf,2026-02-13T18:39:47,1,Synthetic / Demo Data,2026-02-13T00:00:00
6458,4797,67,36200,active,2026-07-29T20:10:50,1,Synthetic / Demo Data,2026-07-29T00:00:00
6459,4799,81,36208,moisturizer,2026-06-24T11:29:14,1,Synthetic / Demo Data,2026-06-24T00:00:00
6460,4801,77,36216,moisturizer,2026-05-17T07:14:51,1,Synthetic / Demo Data,2026-05-17T00:00:00
6461,4801,34,36221,toner,2026-05-20T09:46:51,1,Synthetic / Demo Data,2026-05-20T00:00:00
6462,4801,51,36223,active,2026-05-20T11:43:34,1,Synthetic / Demo Data,2026-05-20T00:00:00
6463,4801,40,36225,toner,2026-05-20T04:51:20,1,Synthetic / Demo Data,2026-05-20T00:00:00
6464,4801,112,36227,spf,2026-05-21T17:05:25,1,Synthetic / Demo Data,2026-05-21T00:00:00
6465,4801,68,36229,active,2026-05-21T18:04:13,1,Synthetic / Demo Data,2026-05-21T00:00:00
6466,4803,113,36242,spf,2026-04-29T08:08:34,1,Synthetic / Demo Data,2026-04-29T00:00:00
6467,4804,86,36254,moisturizer,2026-07-13T14:32:57,1,Synthetic / Demo Data,2026-07-13T00:00:00
6468,4806,69,36255,active,2026-01-10T18:59:48,1,Synthetic / Demo Data,2026-01-10T00:00:00
6469,4806,55,36256,active,2026-01-11T00:10:36,1,Synthetic / Demo Data,2026-01-11T00:00:00
6470,4806,82,36261,moisturizer,2026-01-11T05:14:18,1,Synthetic / Demo Data,2026-01-11T00:00:00
6471,4808,112,36276,spf,2026-04-26T17:41:57,1,Synthetic / Demo Data,2026-04-26T00:00:00
6472,4808,82,36277,moisturizer,2026-04-30T22:41:00,1,Synthetic / Demo Data,2026-04-30T00:00:00
6473,4810,2,36281,cleansing,2026-05-30T02:39:48,1,Synthetic / Demo Data,2026-05-30T00:00:00
6474,4810,51,36286,active,2026-05-31T10:47:14,1,Synthetic / Demo Data,2026-05-31T00:00:00
6475,4811,82,36290,moisturizer,2026-05-17T10:40:39,1,Synthetic / Demo Data,2026-05-17T00:00:00
6476,4811,90,36292,moisturizer,2026-06-02T22:21:29,1,Synthetic / Demo Data,2026-06-02T00:00:00
6477,4812,83,36300,moisturizer,2026-02-24T04:19:43,1,Synthetic / Demo Data,2026-02-24T00:00:00
6478,4813,97,36305,spf,2026-04-29T10:04:25,1,Synthetic / Demo Data,2026-04-29T00:00:00
6479,4814,66,36315,active,2026-04-05T22:03:20,1,Synthetic / Demo Data,2026-04-05T00:00:00
6480,4814,112,36318,spf,2026-04-11T03:13:15,1,Synthetic / Demo Data,2026-04-11T00:00:00
6481,4814,46,36320,toner,2026-04-10T23:35:28,1,Synthetic / Demo Data,2026-04-10T00:00:00
6482,4814,82,36323,moisturizer,2026-04-13T18:58:49,1,Synthetic / Demo Data,2026-04-13T00:00:00
6483,4815,106,36326,spf,2026-05-19T03:41:00,1,Synthetic / Demo Data,2026-05-19T00:00:00
6484,4815,27,36330,toner,2026-05-28T11:38:35,0,Synthetic / Demo Data,2026-05-28T00:00:00
6485,4815,19,36336,cleansing,2026-06-01T21:50:34,1,Synthetic / Demo Data,2026-06-01T00:00:00
6486,4816,109,36342,spf,2026-06-04T20:08:24,1,Synthetic / Demo Data,2026-06-04T00:00:00
6487,4816,106,36343,spf,2026-06-04T18:13:44,1,Synthetic / Demo Data,2026-06-04T00:00:00
6488,4816,36,36346,toner,2026-06-18T00:37:55,1,Synthetic / Demo Data,2026-06-18T00:00:00
6489,4816,1,36347,cleansing,2026-06-17T23:30:54,1,Synthetic / Demo Data,2026-06-17T00:00:00
6490,4816,70,36349,active,2026-06-27T05:41:28,1,Synthetic / Demo Data,2026-06-27T00:00:00
6491,4817,116,36358,spf,2026-09-07T09:56:15,1,Synthetic / Demo Data,2026-09-07T00:00:00
6492,4817,106,36361,spf,2026-09-14T02:09:18,1,Synthetic / Demo Data,2026-09-14T00:00:00
6493,4819,11,36364,cleansing,2026-07-31T19:20:42,1,Synthetic / Demo Data,2026-07-31T00:00:00
6494,4819,27,36368,toner,2026-08-01T14:14:50,1,Synthetic / Demo Data,2026-08-01T00:00:00
6495,4819,100,36376,spf,2026-08-15T00:20:40,1,Synthetic / Demo Data,2026-08-15T00:00:00
6496,4819,34,36377,toner,2026-08-15T17:25:46,1,Synthetic / Demo Data,2026-08-15T00:00:00
6497,4823,40,36391,toner,2026-05-11T06:11:28,1,Synthetic / Demo Data,2026-05-11T00:00:00
6498,4823,76,36392,moisturizer,2026-05-11T05:57:04,1,Synthetic / Demo Data,2026-05-11T00:00:00
6499,4826,80,36410,moisturizer,2026-04-17T12:47:45,1,Synthetic / Demo Data,2026-04-17T00:00:00
6500,4826,17,36413,cleansing,2026-04-17T12:49:43,1,Synthetic / Demo Data,2026-04-17T00:00:00
6501,4827,82,36419,moisturizer,2026-04-13T12:49:59,1,Synthetic / Demo Data,2026-04-13T00:00:00
6502,4827,27,36420,toner,2026-04-13T09:16:06,1,Synthetic / Demo Data,2026-04-13T00:00:00
6503,4827,113,36424,spf,2026-04-20T19:21:23,1,Synthetic / Demo Data,2026-04-20T00:00:00
6504,4827,34,36426,toner,2026-04-20T23:55:35,1,Synthetic / Demo Data,2026-04-20T00:00:00
6505,4827,79,36429,moisturizer,2026-05-02T02:14:29,1,Synthetic / Demo Data,2026-05-02T00:00:00
6506,4828,106,36436,spf,2026-06-12T06:29:47,1,Synthetic / Demo Data,2026-06-12T00:00:00
6507,4829,112,36442,spf,2026-06-30T00:16:19,1,Synthetic / Demo Data,2026-06-30T00:00:00
6508,4829,32,36443,toner,2026-06-29T22:44:52,1,Synthetic / Demo Data,2026-06-29T00:00:00
6509,4830,75,36448,moisturizer,2026-05-23T16:43:43,1,Synthetic / Demo Data,2026-05-23T00:00:00
6510,4830,113,36450,spf,2026-05-23T18:30:31,1,Synthetic / Demo Data,2026-05-23T00:00:00
6511,4830,16,36455,cleansing,2026-06-09T07:29:01,1,Synthetic / Demo Data,2026-06-09T00:00:00
6512,4830,14,36456,cleansing,2026-06-09T02:01:31,1,Synthetic / Demo Data,2026-06-09T00:00:00
6513,4831,97,36461,spf,2026-02-12T09:12:33,1,Synthetic / Demo Data,2026-02-12T00:00:00
6514,4831,116,36466,spf,2026-02-13T18:58:53,1,Synthetic / Demo Data,2026-02-13T00:00:00
6515,4831,112,36468,spf,2026-02-21T07:01:02,0,Synthetic / Demo Data,2026-02-21T00:00:00
6516,4831,110,36469,spf,2026-02-21T07:27:21,1,Synthetic / Demo Data,2026-02-21T00:00:00
6517,4832,27,36475,toner,2026-06-30T04:05:25,1,Synthetic / Demo Data,2026-06-30T00:00:00
6518,4832,112,36476,spf,2026-06-30T03:59:12,0,Synthetic / Demo Data,2026-06-30T00:00:00
6519,4832,78,36478,moisturizer,2026-06-30T04:58:04,1,Synthetic / Demo Data,2026-06-30T00:00:00
6520,4833,82,36481,moisturizer,2026-07-07T23:31:14,1,Synthetic / Demo Data,2026-07-07T00:00:00
6521,4833,116,36482,spf,2026-07-08T00:49:32,1,Synthetic / Demo Data,2026-07-08T00:00:00
6522,4833,66,36483,active,2026-07-07T21:31:34,1,Synthetic / Demo Data,2026-07-07T00:00:00
6523,4833,59,36484,active,2026-07-07T21:08:57,1,Synthetic / Demo Data,2026-07-07T00:00:00
6524,4835,94,36497,moisturizer,2026-02-01T16:54:39,1,Synthetic / Demo Data,2026-02-01T00:00:00
6525,4835,101,36499,spf,2026-02-02T00:45:23,1,Synthetic / Demo Data,2026-02-02T00:00:00
6526,4835,56,36505,active,2026-02-11T13:33:31,0,Synthetic / Demo Data,2026-02-11T00:00:00
6527,4835,19,36506,cleansing,2026-02-11T10:56:16,1,Synthetic / Demo Data,2026-02-11T00:00:00
6528,4835,110,36508,spf,2026-02-13T19:08:30,0,Synthetic / Demo Data,2026-02-13T00:00:00
6529,4836,117,36511,spf,2026-04-08T12:53:08,1,Synthetic / Demo Data,2026-04-08T00:00:00
6530,4838,66,36518,active,2026-02-07T00:57:04,0,Synthetic / Demo Data,2026-02-07T00:00:00
6531,4840,38,36526,toner,2026-04-05T22:17:28,0,Synthetic / Demo Data,2026-04-05T00:00:00
6532,4842,116,36533,spf,2026-05-28T03:18:51,1,Synthetic / Demo Data,2026-05-28T00:00:00
6533,4842,115,36534,spf,2026-05-28T05:16:30,1,Synthetic / Demo Data,2026-05-28T00:00:00
6534,4842,65,36537,active,2026-05-28T01:24:31,1,Synthetic / Demo Data,2026-05-28T00:00:00
6535,4842,56,36538,active,2026-06-03T02:20:32,1,Synthetic / Demo Data,2026-06-03T00:00:00
6536,4843,54,36545,active,2026-04-07T16:14:46,1,Synthetic / Demo Data,2026-04-07T00:00:00
6537,4843,99,36547,spf,2026-04-07T18:25:47,1,Synthetic / Demo Data,2026-04-07T00:00:00
6538,4843,111,36550,spf,2026-04-08T15:31:04,1,Synthetic / Demo Data,2026-04-08T00:00:00
6539,4843,116,36556,spf,2026-04-11T08:56:22,1,Synthetic / Demo Data,2026-04-11T00:00:00
6540,4843,69,36558,active,2026-04-11T06:57:01,1,Synthetic / Demo Data,2026-04-11T00:00:00
6541,4843,94,36559,moisturizer,2026-04-11T08:06:14,1,Synthetic / Demo Data,2026-04-11T00:00:00
6542,4844,97,36566,spf,2026-07-17T04:50:22,1,Synthetic / Demo Data,2026-07-17T00:00:00
6543,4844,41,36568,toner,2026-07-17T01:22:25,1,Synthetic / Demo Data,2026-07-17T00:00:00
6544,4845,66,36572,active,2026-08-14T10:37:41,1,Synthetic / Demo Data,2026-08-14T00:00:00
6545,4845,99,36581,spf,2026-08-25T12:42:49,1,Synthetic / Demo Data,2026-08-25T00:00:00
6546,4846,34,36587,toner,2026-04-07T06:04:41,1,Synthetic / Demo Data,2026-04-07T00:00:00
6547,4847,44,36599,toner,2026-02-18T14:11:34,1,Synthetic / Demo Data,2026-02-18T00:00:00
6548,4847,36,36600,toner,2026-02-18T13:08:12,1,Synthetic / Demo Data,2026-02-18T00:00:00
6549,4848,17,36604,cleansing,2026-01-31T16:20:31,1,Synthetic / Demo Data,2026-01-31T00:00:00
6550,4848,16,36606,cleansing,2026-01-31T13:49:57,1,Synthetic / Demo Data,2026-01-31T00:00:00
6551,4848,36,36611,toner,2026-02-05T16:45:08,1,Synthetic / Demo Data,2026-02-05T00:00:00
6552,4848,96,36613,moisturizer,2026-02-11T10:52:38,1,Synthetic / Demo Data,2026-02-11T00:00:00
6553,4849,80,36618,moisturizer,2026-02-23T04:20:00,1,Synthetic / Demo Data,2026-02-23T00:00:00
6554,4849,120,36620,spf,2026-02-27T23:03:07,1,Synthetic / Demo Data,2026-02-27T00:00:00
6555,4851,74,36631,moisturizer,2026-06-02T03:38:04,1,Synthetic / Demo Data,2026-06-02T00:00:00
6556,4851,70,36637,active,2026-06-05T21:57:05,1,Synthetic / Demo Data,2026-06-05T00:00:00
6557,4853,17,36639,cleansing,2026-05-05T14:41:05,1,Synthetic / Demo Data,2026-05-05T00:00:00
6558,4853,77,36641,moisturizer,2026-05-05T20:29:25,1,Synthetic / Demo Data,2026-05-05T00:00:00
6559,4853,24,36647,cleansing,2026-05-25T07:32:49,1,Synthetic / Demo Data,2026-05-25T00:00:00
6560,4853,30,36649,toner,2026-05-26T04:59:19,1,Synthetic / Demo Data,2026-05-26T00:00:00
6561,4854,113,36655,spf,2026-04-10T02:06:14,1,Synthetic / Demo Data,2026-04-10T00:00:00
6562,4855,21,36665,cleansing,2026-06-29T02:57:41,1,Synthetic / Demo Data,2026-06-29T00:00:00
6563,4855,16,36666,cleansing,2026-06-29T03:07:53,1,Synthetic / Demo Data,2026-06-29T00:00:00
6564,4857,106,36679,spf,2026-03-07T22:32:25,1,Synthetic / Demo Data,2026-03-07T00:00:00
6565,4857,63,36681,active,2026-03-11T16:12:08,1,Synthetic / Demo Data,2026-03-11T00:00:00
6566,4859,1,36692,cleansing,2026-09-11T05:49:30,1,Synthetic / Demo Data,2026-09-11T00:00:00
6567,4860,106,36706,spf,2026-02-04T00:13:08,1,Synthetic / Demo Data,2026-02-04T00:00:00
6568,4863,110,36725,spf,2026-07-08T16:36:41,1,Synthetic / Demo Data,2026-07-08T00:00:00
6569,4867,18,36746,cleansing,2026-07-22T16:56:31,0,Synthetic / Demo Data,2026-07-22T00:00:00
6570,4867,113,36753,spf,2026-07-30T18:28:42,1,Synthetic / Demo Data,2026-07-30T00:00:00
6571,4868,116,36758,spf,2026-08-07T13:17:42,1,Synthetic / Demo Data,2026-08-07T00:00:00
6572,4868,82,36759,moisturizer,2026-08-07T10:14:58,1,Synthetic / Demo Data,2026-08-07T00:00:00
6573,4868,5,36766,cleansing,2026-08-15T14:27:41,1,Synthetic / Demo Data,2026-08-15T00:00:00
6574,4871,116,36773,spf,2026-08-25T11:25:57,1,Synthetic / Demo Data,2026-08-25T00:00:00
6575,4871,1,36774,cleansing,2026-08-25T12:21:47,1,Synthetic / Demo Data,2026-08-25T00:00:00
6576,4871,88,36775,moisturizer,2026-08-25T16:18:30,0,Synthetic / Demo Data,2026-08-25T00:00:00
6577,4871,117,36777,spf,2026-08-29T00:32:06,1,Synthetic / Demo Data,2026-08-29T00:00:00
6578,4873,116,36794,spf,2026-01-17T03:48:42,1,Synthetic / Demo Data,2026-01-17T00:00:00
6579,4873,56,36801,active,2026-01-25T14:24:25,1,Synthetic / Demo Data,2026-01-25T00:00:00
6580,4877,37,36825,toner,2026-07-02T11:00:16,1,Synthetic / Demo Data,2026-07-02T00:00:00
6581,4877,36,36826,toner,2026-07-02T06:46:20,1,Synthetic / Demo Data,2026-07-02T00:00:00
6582,4878,11,36834,cleansing,2026-05-25T00:22:04,0,Synthetic / Demo Data,2026-05-25T00:00:00
6583,4879,14,36847,cleansing,2026-04-25T20:06:08,1,Synthetic / Demo Data,2026-04-25T00:00:00
6584,4879,3,36849,cleansing,2026-04-26T02:27:54,1,Synthetic / Demo Data,2026-04-26T00:00:00
6585,4879,79,36855,moisturizer,2026-04-30T18:42:44,1,Synthetic / Demo Data,2026-04-30T00:00:00
6586,4881,116,36857,spf,2026-06-15T15:39:54,1,Synthetic / Demo Data,2026-06-15T00:00:00
6587,4884,41,36868,toner,2026-07-15T10:41:49,1,Synthetic / Demo Data,2026-07-15T00:00:00
6588,4884,28,36871,toner,2026-07-15T11:01:34,1,Synthetic / Demo Data,2026-07-15T00:00:00
6589,4885,40,36874,toner,2026-07-29T19:48:19,1,Synthetic / Demo Data,2026-07-29T00:00:00
6590,4885,74,36880,moisturizer,2026-08-07T05:39:42,1,Synthetic / Demo Data,2026-08-07T00:00:00
6591,4886,2,36885,cleansing,2026-02-04T19:36:55,1,Synthetic / Demo Data,2026-02-04T00:00:00
6592,4886,94,36891,moisturizer,2026-02-11T11:16:58,0,Synthetic / Demo Data,2026-02-11T00:00:00
6593,4887,68,36893,active,2026-02-17T02:34:52,1,Synthetic / Demo Data,2026-02-17T00:00:00
6594,4890,112,36901,spf,2026-02-13T19:28:12,1,Synthetic / Demo Data,2026-02-13T00:00:00
6595,4890,66,36903,active,2026-02-13T18:05:28,1,Synthetic / Demo Data,2026-02-13T00:00:00
6596,4891,116,36917,spf,2026-07-16T07:29:21,1,Synthetic / Demo Data,2026-07-16T00:00:00
6597,4891,1,36921,cleansing,2026-07-16T04:04:00,1,Synthetic / Demo Data,2026-07-16T00:00:00
6598,4891,94,36922,moisturizer,2026-07-23T23:48:06,1,Synthetic / Demo Data,2026-07-23T00:00:00
6599,4894,56,36925,active,2026-03-16T06:38:06,1,Synthetic / Demo Data,2026-03-16T00:00:00
6600,4895,115,36937,spf,2026-06-07T09:11:24,1,Synthetic / Demo Data,2026-06-07T00:00:00
6601,4895,73,36939,moisturizer,2026-06-07T12:15:21,1,Synthetic / Demo Data,2026-06-07T00:00:00
6602,4896,36,36944,toner,2026-08-26T07:33:17,1,Synthetic / Demo Data,2026-08-26T00:00:00
6603,4896,92,36945,moisturizer,2026-08-26T06:44:10,1,Synthetic / Demo Data,2026-08-26T00:00:00
6604,4896,88,36946,moisturizer,2026-08-26T03:51:38,0,Synthetic / Demo Data,2026-08-26T00:00:00
6605,4896,80,36952,moisturizer,2026-08-30T20:45:11,1,Synthetic / Demo Data,2026-08-30T00:00:00
6606,4898,80,36958,moisturizer,2026-05-12T11:01:20,1,Synthetic / Demo Data,2026-05-12T00:00:00
6607,4899,40,36963,toner,2026-03-06T23:15:00,1,Synthetic / Demo Data,2026-03-06T00:00:00
6608,4901,92,36973,moisturizer,2026-08-15T11:00:11,1,Synthetic / Demo Data,2026-08-15T00:00:00
6609,4901,79,36980,moisturizer,2026-08-23T23:57:43,1,Synthetic / Demo Data,2026-08-23T00:00:00
6610,4905,50,36989,active,2026-09-04T02:22:55,1,Synthetic / Demo Data,2026-09-04T00:00:00
6611,4906,83,36993,moisturizer,2026-08-24T15:21:15,1,Synthetic / Demo Data,2026-08-24T00:00:00
6612,4906,82,37002,moisturizer,2026-08-31T01:01:15,1,Synthetic / Demo Data,2026-08-31T00:00:00
6613,4908,116,37020,spf,2026-07-29T06:06:20,1,Synthetic / Demo Data,2026-07-29T00:00:00
6614,4908,20,37024,cleansing,2026-08-06T06:42:14,1,Synthetic / Demo Data,2026-08-06T00:00:00
6615,4908,74,37026,moisturizer,2026-08-06T01:16:14,1,Synthetic / Demo Data,2026-08-06T00:00:00
6616,4908,35,37029,toner,2026-08-08T21:56:13,1,Synthetic / Demo Data,2026-08-08T00:00:00
6617,4908,6,37030,cleansing,2026-08-08T20:13:57,1,Synthetic / Demo Data,2026-08-08T00:00:00
6618,4909,54,37037,active,2026-06-12T08:25:50,0,Synthetic / Demo Data,2026-06-12T00:00:00
6619,4910,93,37049,moisturizer,2026-03-29T08:23:46,1,Synthetic / Demo Data,2026-03-29T00:00:00
6620,4913,106,37064,spf,2026-03-26T14:05:28,1,Synthetic / Demo Data,2026-03-26T00:00:00
6621,4913,70,37066,active,2026-03-27T11:41:20,0,Synthetic / Demo Data,2026-03-27T00:00:00
6622,4913,20,37070,cleansing,2026-03-27T12:31:18,1,Synthetic / Demo Data,2026-03-27T00:00:00
6623,4914,68,37081,active,2026-05-18T08:02:15,1,Synthetic / Demo Data,2026-05-18T00:00:00
6624,4914,18,37083,cleansing,2026-05-18T03:44:45,1,Synthetic / Demo Data,2026-05-18T00:00:00
6625,4917,116,37105,spf,2026-03-20T16:00:44,1,Synthetic / Demo Data,2026-03-20T00:00:00
6626,4917,88,37107,moisturizer,2026-03-20T18:14:33,1,Synthetic / Demo Data,2026-03-20T00:00:00
6627,4918,113,37111,spf,2026-04-01T16:02:15,1,Synthetic / Demo Data,2026-04-01T00:00:00
6628,4918,107,37112,spf,2026-04-01T19:45:02,1,Synthetic / Demo Data,2026-04-01T00:00:00
6629,4918,1,37119,cleansing,2026-04-10T11:27:23,1,Synthetic / Demo Data,2026-04-10T00:00:00
6630,4919,81,37131,moisturizer,2026-03-26T20:36:48,1,Synthetic / Demo Data,2026-03-26T00:00:00
6631,4919,52,37135,active,2026-03-27T03:12:06,1,Synthetic / Demo Data,2026-03-27T00:00:00
6632,4921,51,37138,active,2026-06-27T10:14:11,1,Synthetic / Demo Data,2026-06-27T00:00:00
6633,4921,75,37139,moisturizer,2026-06-27T14:40:32,1,Synthetic / Demo Data,2026-06-27T00:00:00
6634,4921,8,37141,cleansing,2026-07-09T11:13:46,1,Synthetic / Demo Data,2026-07-09T00:00:00
6635,4922,73,37150,moisturizer,2026-05-31T21:41:06,1,Synthetic / Demo Data,2026-05-31T00:00:00
6636,4923,2,37153,cleansing,2026-08-19T03:48:04,1,Synthetic / Demo Data,2026-08-19T00:00:00
6637,4924,83,37164,moisturizer,2026-04-11T18:32:47,1,Synthetic / Demo Data,2026-04-11T00:00:00
6638,4924,12,37165,cleansing,2026-04-21T09:04:00,1,Synthetic / Demo Data,2026-04-21T00:00:00
6639,4926,19,37176,cleansing,2026-07-06T09:42:07,1,Synthetic / Demo Data,2026-07-06T00:00:00
6640,4926,101,37177,spf,2026-07-06T12:20:22,0,Synthetic / Demo Data,2026-07-06T00:00:00
6641,4926,10,37181,cleansing,2026-07-13T17:09:35,0,Synthetic / Demo Data,2026-07-13T00:00:00
6642,4927,94,37187,moisturizer,2026-01-24T15:44:28,1,Synthetic / Demo Data,2026-01-24T00:00:00
6643,4933,92,37219,moisturizer,2026-06-20T01:22:22,1,Synthetic / Demo Data,2026-06-20T00:00:00
6644,4933,97,37224,spf,2026-06-26T12:45:56,1,Synthetic / Demo Data,2026-06-26T00:00:00
6645,4933,16,37225,cleansing,2026-06-26T09:57:04,1,Synthetic / Demo Data,2026-06-26T00:00:00
6646,4933,12,37228,cleansing,2026-07-02T16:56:48,1,Synthetic / Demo Data,2026-07-02T00:00:00
6647,4933,38,37229,toner,2026-07-02T21:55:14,1,Synthetic / Demo Data,2026-07-02T00:00:00
6648,4934,16,37236,cleansing,2026-04-20T07:33:58,1,Synthetic / Demo Data,2026-04-20T00:00:00
6649,4934,30,37238,toner,2026-04-20T03:09:35,1,Synthetic / Demo Data,2026-04-20T00:00:00
6650,4935,51,37244,active,2026-06-15T07:55:14,1,Synthetic / Demo Data,2026-06-15T00:00:00
6651,4937,1,37251,cleansing,2026-07-01T14:28:17,1,Synthetic / Demo Data,2026-07-01T00:00:00
6652,4937,74,37255,moisturizer,2026-07-01T08:04:10,1,Synthetic / Demo Data,2026-07-01T00:00:00
6653,4937,52,37257,active,2026-07-10T12:46:35,1,Synthetic / Demo Data,2026-07-10T00:00:00
6654,4938,107,37262,spf,2026-06-24T12:12:55,0,Synthetic / Demo Data,2026-06-24T00:00:00
6655,4942,100,37275,spf,2026-05-10T08:28:59,1,Synthetic / Demo Data,2026-05-10T00:00:00
6656,4942,27,37279,toner,2026-05-10T08:55:39,1,Synthetic / Demo Data,2026-05-10T00:00:00
6657,4943,65,37292,active,2026-08-14T02:57:40,1,Synthetic / Demo Data,2026-08-14T00:00:00
6658,4944,81,37304,moisturizer,2026-08-26T01:41:06,1,Synthetic / Demo Data,2026-08-26T00:00:00
6659,4944,19,37305,cleansing,2026-08-26T03:06:47,1,Synthetic / Demo Data,2026-08-26T00:00:00
6660,4945,70,37310,active,2026-06-08T03:17:01,1,Synthetic / Demo Data,2026-06-08T00:00:00
6661,4949,56,37345,active,2026-04-23T04:39:33,1,Synthetic / Demo Data,2026-04-23T00:00:00
6662,4949,36,37349,toner,2026-04-27T04:17:04,1,Synthetic / Demo Data,2026-04-27T00:00:00
6663,4949,38,37352,toner,2026-04-27T06:04:19,1,Synthetic / Demo Data,2026-04-27T00:00:00
6664,4949,81,37355,moisturizer,2026-05-04T05:23:39,1,Synthetic / Demo Data,2026-05-04T00:00:00
6665,4951,17,37361,cleansing,2026-06-21T07:27:18,1,Synthetic / Demo Data,2026-06-21T00:00:00
6666,4951,65,37368,active,2026-06-28T00:44:27,1,Synthetic / Demo Data,2026-06-28T00:00:00
6667,4952,116,37378,spf,2026-08-24T14:41:59,1,Synthetic / Demo Data,2026-08-24T00:00:00
6668,4952,14,37379,cleansing,2026-08-24T15:23:14,1,Synthetic / Demo Data,2026-08-24T00:00:00
6669,4952,40,37380,toner,2026-08-24T16:03:27,1,Synthetic / Demo Data,2026-08-24T00:00:00
6670,4954,51,37390,active,2026-02-09T12:16:22,1,Synthetic / Demo Data,2026-02-09T00:00:00
6671,4954,105,37398,spf,2026-02-26T02:35:33,1,Synthetic / Demo Data,2026-02-26T00:00:00
6672,4954,112,37399,spf,2026-02-26T02:47:30,1,Synthetic / Demo Data,2026-02-26T00:00:00
6673,4954,6,37401,cleansing,2026-03-01T09:06:28,1,Synthetic / Demo Data,2026-03-01T00:00:00
6674,4955,43,37403,toner,2026-01-29T14:05:53,1,Synthetic / Demo Data,2026-01-29T00:00:00
6675,4955,112,37406,spf,2026-01-29T15:18:00,1,Synthetic / Demo Data,2026-01-29T00:00:00
6676,4955,116,37407,spf,2026-01-29T14:36:36,1,Synthetic / Demo Data,2026-01-29T00:00:00
6677,4956,11,37416,cleansing,2026-05-02T00:42:42,1,Synthetic / Demo Data,2026-05-02T00:00:00
6678,4956,21,37421,cleansing,2026-05-03T01:11:55,1,Synthetic / Demo Data,2026-05-03T00:00:00
6679,4958,97,37431,spf,2026-09-02T11:04:51,1,Synthetic / Demo Data,2026-09-02T00:00:00
6680,4958,74,37432,moisturizer,2026-09-02T09:25:24,1,Synthetic / Demo Data,2026-09-02T00:00:00
6681,4958,107,37437,spf,2026-09-06T14:41:59,1,Synthetic / Demo Data,2026-09-06T00:00:00
6682,4959,113,37440,spf,2026-03-07T07:21:52,1,Synthetic / Demo Data,2026-03-07T00:00:00
6683,4959,72,37446,active,2026-03-17T23:06:14,1,Synthetic / Demo Data,2026-03-17T00:00:00
6684,4959,5,37447,cleansing,2026-03-18T04:36:53,1,Synthetic / Demo Data,2026-03-18T00:00:00
6685,4960,105,37453,spf,2026-07-25T19:25:49,0,Synthetic / Demo Data,2026-07-25T00:00:00
6686,4961,4,37460,cleansing,2026-01-23T01:11:15,1,Synthetic / Demo Data,2026-01-23T00:00:00
6687,4962,114,37468,spf,2026-05-08T21:33:35,1,Synthetic / Demo Data,2026-05-08T00:00:00
6688,4963,6,37471,cleansing,2026-02-10T09:06:12,1,Synthetic / Demo Data,2026-02-10T00:00:00
6689,4963,94,37480,moisturizer,2026-03-03T19:24:24,1,Synthetic / Demo Data,2026-03-03T00:00:00
6690,4964,99,37485,spf,2026-08-07T01:56:12,0,Synthetic / Demo Data,2026-08-07T00:00:00
6691,4965,90,37496,moisturizer,2026-08-27T09:34:14,1,Synthetic / Demo Data,2026-08-27T00:00:00
6692,4966,22,37502,cleansing,2026-08-26T13:48:53,1,Synthetic / Demo Data,2026-08-26T00:00:00
6693,4967,106,37508,spf,2026-05-21T12:56:03,1,Synthetic / Demo Data,2026-05-21T00:00:00
6694,4967,17,37510,cleansing,2026-05-21T16:56:26,1,Synthetic / Demo Data,2026-05-21T00:00:00
6695,4967,90,37513,moisturizer,2026-05-22T10:39:09,1,Synthetic / Demo Data,2026-05-22T00:00:00
6696,4967,69,37514,active,2026-05-22T12:53:28,1,Synthetic / Demo Data,2026-05-22T00:00:00
6697,4967,94,37518,moisturizer,2026-05-30T01:21:37,1,Synthetic / Demo Data,2026-05-30T00:00:00
6698,4967,27,37519,toner,2026-05-29T18:48:15,0,Synthetic / Demo Data,2026-05-29T00:00:00
6699,4968,113,37520,spf,2026-02-12T02:46:30,1,Synthetic / Demo Data,2026-02-12T00:00:00
6700,4968,62,37523,active,2026-02-12T01:20:55,1,Synthetic / Demo Data,2026-02-12T00:00:00
6701,4968,32,37527,toner,2026-02-12T19:41:19,0,Synthetic / Demo Data,2026-02-12T00:00:00
6702,4968,3,37529,cleansing,2026-02-12T20:44:34,1,Synthetic / Demo Data,2026-02-12T00:00:00
6703,4969,103,37534,spf,2026-05-20T03:57:59,1,Synthetic / Demo Data,2026-05-20T00:00:00
6704,4971,21,37542,cleansing,2026-07-11T10:18:42,1,Synthetic / Demo Data,2026-07-11T00:00:00
6705,4971,116,37543,spf,2026-07-11T10:18:36,0,Synthetic / Demo Data,2026-07-11T00:00:00
6706,4972,48,37552,toner,2026-01-02T20:32:21,1,Synthetic / Demo Data,2026-01-02T00:00:00
6707,4972,116,37554,spf,2026-01-02T20:50:51,1,Synthetic / Demo Data,2026-01-02T00:00:00
6708,4972,106,37556,spf,2026-01-17T20:26:10,1,Synthetic / Demo Data,2026-01-17T00:00:00
6709,4972,4,37561,cleansing,2026-01-19T14:14:27,1,Synthetic / Demo Data,2026-01-19T00:00:00
6710,4974,52,37568,active,2026-02-18T15:57:19,1,Synthetic / Demo Data,2026-02-18T00:00:00
6711,4974,100,37571,spf,2026-02-18T14:06:28,1,Synthetic / Demo Data,2026-02-18T00:00:00
6712,4974,65,37572,active,2026-02-18T12:01:32,1,Synthetic / Demo Data,2026-02-18T00:00:00
6713,4975,7,37580,cleansing,2026-05-10T10:37:54,1,Synthetic / Demo Data,2026-05-10T00:00:00
6714,4975,26,37582,toner,2026-05-18T07:32:48,1,Synthetic / Demo Data,2026-05-18T00:00:00
6715,4975,34,37584,toner,2026-05-18T07:54:54,1,Synthetic / Demo Data,2026-05-18T00:00:00
6716,4975,2,37586,cleansing,2026-05-18T02:42:31,1,Synthetic / Demo Data,2026-05-18T00:00:00
6717,4979,17,37590,cleansing,2026-05-27T02:41:23,1,Synthetic / Demo Data,2026-05-27T00:00:00
6718,4980,48,37597,toner,2026-07-18T22:49:17,1,Synthetic / Demo Data,2026-07-18T00:00:00
6719,4980,72,37601,active,2026-07-25T06:30:29,1,Synthetic / Demo Data,2026-07-25T00:00:00
6720,4981,113,37609,spf,2026-01-19T15:51:57,1,Synthetic / Demo Data,2026-01-19T00:00:00
6721,4981,104,37620,spf,2026-02-04T18:45:06,1,Synthetic / Demo Data,2026-02-04T00:00:00
6722,4982,99,37623,spf,2026-07-19T10:10:44,1,Synthetic / Demo Data,2026-07-19T00:00:00
6723,4982,74,37624,moisturizer,2026-07-19T12:21:10,1,Synthetic / Demo Data,2026-07-19T00:00:00
6724,4983,67,37639,active,2026-06-07T00:53:52,1,Synthetic / Demo Data,2026-06-07T00:00:00
6725,4983,52,37641,active,2026-06-07T00:35:56,1,Synthetic / Demo Data,2026-06-07T00:00:00
6726,4983,82,37643,moisturizer,2026-06-11T06:15:44,1,Synthetic / Demo Data,2026-06-11T00:00:00
6727,4985,63,37653,active,2026-03-03T09:31:05,1,Synthetic / Demo Data,2026-03-03T00:00:00
6728,4985,3,37656,cleansing,2026-03-03T12:37:20,1,Synthetic / Demo Data,2026-03-03T00:00:00
6729,4987,88,37665,moisturizer,2026-03-10T11:41:02,1,Synthetic / Demo Data,2026-03-10T00:00:00
6730,4987,53,37667,active,2026-03-10T18:05:50,1,Synthetic / Demo Data,2026-03-10T00:00:00
6731,4987,25,37673,toner,2026-03-23T20:00:56,1,Synthetic / Demo Data,2026-03-23T00:00:00
6732,4988,81,37677,moisturizer,2026-04-30T15:19:41,1,Synthetic / Demo Data,2026-04-30T00:00:00
6733,4988,106,37687,spf,2026-05-10T03:07:56,1,Synthetic / Demo Data,2026-05-10T00:00:00
6734,4988,14,37688,cleansing,2026-05-10T06:14:52,1,Synthetic / Demo Data,2026-05-10T00:00:00
6735,4989,56,37692,active,2026-07-02T03:43:27,1,Synthetic / Demo Data,2026-07-02T00:00:00
6736,4989,109,37696,spf,2026-07-05T16:33:24,1,Synthetic / Demo Data,2026-07-05T00:00:00
6737,4991,112,37702,spf,2026-09-03T01:04:01,1,Synthetic / Demo Data,2026-09-03T00:00:00
6738,4992,20,37710,cleansing,2026-03-23T04:59:19,1,Synthetic / Demo Data,2026-03-23T00:00:00
6739,4992,1,37715,cleansing,2026-04-09T00:12:48,0,Synthetic / Demo Data,2026-04-09T00:00:00
6740,4992,40,37718,toner,2026-04-09T01:31:09,1,Synthetic / Demo Data,2026-04-09T00:00:00
6741,4993,82,37726,moisturizer,2026-09-06T14:10:34,1,Synthetic / Demo Data,2026-09-06T00:00:00
6742,4996,92,37736,moisturizer,2026-01-19T19:53:39,1,Synthetic / Demo Data,2026-01-19T00:00:00
6743,4996,116,37741,spf,2026-01-29T02:21:33,1,Synthetic / Demo Data,2026-01-29T00:00:00
6744,4996,53,37742,active,2026-01-29T06:53:07,1,Synthetic / Demo Data,2026-01-29T00:00:00
6745,4998,37,37752,toner,2026-01-21T12:26:54,1,Synthetic / Demo Data,2026-01-21T00:00:00
6746,4998,87,37753,moisturizer,2026-01-21T14:49:15,1,Synthetic / Demo Data,2026-01-21T00:00:00
6747,4998,74,37755,moisturizer,2026-01-21T13:22:59,1,Synthetic / Demo Data,2026-01-21T00:00:00
6748,4998,116,37756,spf,2026-01-21T15:29:08,1,Synthetic / Demo Data,2026-01-21T00:00:00
6749,4999,12,37762,cleansing,2026-03-20T02:45:12,0,Synthetic / Demo Data,2026-03-20T00:00:00
6750,4999,66,37769,active,2026-03-23T22:00:30,1,Synthetic / Demo Data,2026-03-23T00:00:00
6751,4999,35,37773,toner,2026-03-25T10:28:10,1,Synthetic / Demo Data,2026-03-25T00:00:00
6752,4999,14,37774,cleansing,2026-03-25T11:48:45,1,Synthetic / Demo Data,2026-03-25T00:00:00
6753,5000,30,37776,toner,2026-05-31T09:36:49,1,Synthetic / Demo Data,2026-05-31T00:00:00
6754,5000,82,37780,moisturizer,2026-05-31T05:22:51,1,Synthetic / Demo Data,2026-05-31T00:00:00
6755,5002,8,37789,cleansing,2026-02-07T01:00:13,1,Synthetic / Demo Data,2026-02-07T00:00:00
6756,5004,40,37796,toner,2026-08-06T22:09:16,1,Synthetic / Demo Data,2026-08-06T00:00:00
6757,5004,22,37797,cleansing,2026-08-06T18:19:19,1,Synthetic / Demo Data,2026-08-06T00:00:00
6758,5005,94,37805,moisturizer,2026-01-16T06:44:18,1,Synthetic / Demo Data,2026-01-16T00:00:00
6759,5005,107,37812,spf,2026-01-25T21:12:25,1,Synthetic / Demo Data,2026-01-25T00:00:00
6760,5006,63,37818,active,2026-05-09T07:16:33,1,Synthetic / Demo Data,2026-05-09T00:00:00
6761,5006,81,37819,moisturizer,2026-05-09T11:38:10,1,Synthetic / Demo Data,2026-05-09T00:00:00
6762,5006,76,37821,moisturizer,2026-05-09T07:13:07,1,Synthetic / Demo Data,2026-05-09T00:00:00
6763,5006,82,37824,moisturizer,2026-05-15T01:14:19,1,Synthetic / Demo Data,2026-05-15T00:00:00
6764,5007,116,37832,spf,2026-05-10T11:53:46,1,Synthetic / Demo Data,2026-05-10T00:00:00
6765,5007,112,37835,spf,2026-05-10T11:31:36,1,Synthetic / Demo Data,2026-05-10T00:00:00
6766,5009,39,37842,toner,2026-05-21T18:17:26,1,Synthetic / Demo Data,2026-05-21T00:00:00
6767,5009,82,37844,moisturizer,2026-05-24T15:58:26,1,Synthetic / Demo Data,2026-05-24T00:00:00
6768,5009,66,37847,active,2026-05-24T15:25:18,1,Synthetic / Demo Data,2026-05-24T00:00:00
6769,5010,16,37855,cleansing,2026-04-10T10:42:08,1,Synthetic / Demo Data,2026-04-10T00:00:00
6770,5010,73,37858,moisturizer,2026-04-13T04:09:22,1,Synthetic / Demo Data,2026-04-13T00:00:00
6771,5010,45,37859,toner,2026-04-13T02:16:01,1,Synthetic / Demo Data,2026-04-13T00:00:00
6772,5011,5,37864,cleansing,2026-05-26T12:22:20,1,Synthetic / Demo Data,2026-05-26T00:00:00
6773,5011,76,37869,moisturizer,2026-05-29T22:30:29,1,Synthetic / Demo Data,2026-05-29T00:00:00
6774,5012,90,37871,moisturizer,2026-07-09T07:11:34,1,Synthetic / Demo Data,2026-07-09T00:00:00
6775,5014,86,37897,moisturizer,2026-07-06T10:26:04,1,Synthetic / Demo Data,2026-07-06T00:00:00
6776,5015,20,37901,cleansing,2026-05-31T02:10:02,1,Synthetic / Demo Data,2026-05-31T00:00:00
6777,5015,24,37906,cleansing,2026-06-17T17:55:42,1,Synthetic / Demo Data,2026-06-17T00:00:00
6778,5015,34,37907,toner,2026-06-17T15:34:21,1,Synthetic / Demo Data,2026-06-17T00:00:00
6779,5016,120,37912,spf,2026-02-01T17:18:21,1,Synthetic / Demo Data,2026-02-01T00:00:00
6780,5017,103,37918,spf,2026-03-19T17:20:59,1,Synthetic / Demo Data,2026-03-19T00:00:00
6781,5017,36,37920,toner,2026-03-29T18:18:50,1,Synthetic / Demo Data,2026-03-29T00:00:00
6782,5018,94,37930,moisturizer,2026-06-18T05:18:34,1,Synthetic / Demo Data,2026-06-18T00:00:00
6783,5018,49,37931,active,2026-06-18T02:55:42,1,Synthetic / Demo Data,2026-06-18T00:00:00
6784,5023,92,37945,moisturizer,2026-03-30T01:13:17,1,Synthetic / Demo Data,2026-03-30T00:00:00
6785,5026,1,37969,cleansing,2026-04-21T03:34:46,1,Synthetic / Demo Data,2026-04-21T00:00:00
6786,5027,48,37974,toner,2026-05-15T05:37:13,1,Synthetic / Demo Data,2026-05-15T00:00:00
6787,5027,21,37979,cleansing,2026-05-17T18:55:55,1,Synthetic / Demo Data,2026-05-17T00:00:00
6788,5030,51,37983,active,2026-04-30T05:22:54,1,Synthetic / Demo Data,2026-04-30T00:00:00
6789,5031,97,37992,spf,2026-04-11T19:43:08,1,Synthetic / Demo Data,2026-04-11T00:00:00
6790,5031,4,37993,cleansing,2026-04-11T22:21:01,1,Synthetic / Demo Data,2026-04-11T00:00:00
6791,5031,87,38000,moisturizer,2026-04-29T07:11:08,1,Synthetic / Demo Data,2026-04-29T00:00:00
6792,5032,94,38005,moisturizer,2026-05-20T21:19:23,1,Synthetic / Demo Data,2026-05-20T00:00:00
6793,5035,36,38017,toner,2026-02-18T00:15:20,1,Synthetic / Demo Data,2026-02-18T00:00:00
6794,5035,56,38019,active,2026-02-18T02:34:24,1,Synthetic / Demo Data,2026-02-18T00:00:00
6795,5038,25,38028,toner,2026-07-01T16:05:30,0,Synthetic / Demo Data,2026-07-01T00:00:00
6796,5040,82,38044,moisturizer,2026-08-27T17:42:17,1,Synthetic / Demo Data,2026-08-27T00:00:00
6797,5040,1,38046,cleansing,2026-08-27T16:10:33,1,Synthetic / Demo Data,2026-08-27T00:00:00
6798,5040,48,38051,toner,2026-08-29T06:51:38,1,Synthetic / Demo Data,2026-08-29T00:00:00
6799,5040,116,38053,spf,2026-09-02T08:48:15,1,Synthetic / Demo Data,2026-09-02T00:00:00
6800,5044,21,38065,cleansing,2026-04-24T18:37:21,1,Synthetic / Demo Data,2026-04-24T00:00:00
6801,5044,85,38074,moisturizer,2026-05-10T21:32:46,1,Synthetic / Demo Data,2026-05-10T00:00:00
6802,5046,38,38082,toner,2026-08-31T15:44:42,1,Synthetic / Demo Data,2026-08-31T00:00:00
6803,5048,32,38085,toner,2026-04-11T19:32:42,1,Synthetic / Demo Data,2026-04-11T00:00:00
6804,5048,40,38091,toner,2026-04-12T20:39:34,1,Synthetic / Demo Data,2026-04-12T00:00:00
6805,5049,116,38096,spf,2026-06-20T15:38:40,1,Synthetic / Demo Data,2026-06-20T00:00:00
6806,5049,66,38106,active,2026-07-05T22:00:48,1,Synthetic / Demo Data,2026-07-05T00:00:00
6807,5051,70,38117,active,2026-03-12T10:57:30,1,Synthetic / Demo Data,2026-03-12T00:00:00
6808,5052,40,38127,toner,2026-09-06T16:01:06,1,Synthetic / Demo Data,2026-09-06T00:00:00
6809,5052,1,38131,cleansing,2026-09-14T11:41:45,1,Synthetic / Demo Data,2026-09-14T00:00:00
6810,5054,49,38144,active,2026-06-04T03:05:58,1,Synthetic / Demo Data,2026-06-04T00:00:00
6811,5054,106,38146,spf,2026-06-04T03:03:27,1,Synthetic / Demo Data,2026-06-04T00:00:00
6812,5057,76,38161,moisturizer,2026-06-18T09:26:08,1,Synthetic / Demo Data,2026-06-18T00:00:00
6813,5057,90,38162,moisturizer,2026-06-18T05:48:31,1,Synthetic / Demo Data,2026-06-18T00:00:00
6814,5057,75,38168,moisturizer,2026-06-25T04:01:42,1,Synthetic / Demo Data,2026-06-25T00:00:00
6815,5060,55,38175,active,2026-01-30T11:37:32,1,Synthetic / Demo Data,2026-01-30T00:00:00
6816,5062,93,38182,moisturizer,2026-08-10T15:11:05,1,Synthetic / Demo Data,2026-08-10T00:00:00
6817,5062,90,38188,moisturizer,2026-08-13T20:48:06,1,Synthetic / Demo Data,2026-08-13T00:00:00
6818,5062,107,38189,spf,2026-08-13T15:24:24,1,Synthetic / Demo Data,2026-08-13T00:00:00
6819,5062,62,38191,active,2026-08-13T19:28:23,1,Synthetic / Demo Data,2026-08-13T00:00:00
6820,5062,55,38193,active,2026-08-14T10:35:59,1,Synthetic / Demo Data,2026-08-14T00:00:00
6821,5062,116,38196,spf,2026-08-14T10:23:09,1,Synthetic / Demo Data,2026-08-14T00:00:00
6822,5063,55,38204,active,2026-08-16T20:56:58,1,Synthetic / Demo Data,2026-08-16T00:00:00
6823,5064,16,38210,cleansing,2026-04-10T08:53:37,1,Synthetic / Demo Data,2026-04-10T00:00:00
6824,5065,51,38219,active,2026-08-27T07:11:35,1,Synthetic / Demo Data,2026-08-27T00:00:00
6825,5065,74,38220,moisturizer,2026-09-02T01:59:41,1,Synthetic / Demo Data,2026-09-02T00:00:00
6826,5065,92,38222,moisturizer,2026-09-01T20:04:48,1,Synthetic / Demo Data,2026-09-01T00:00:00
6827,5066,2,38227,cleansing,2026-02-01T21:47:32,1,Synthetic / Demo Data,2026-02-01T00:00:00
6828,5066,74,38233,moisturizer,2026-02-04T03:06:46,1,Synthetic / Demo Data,2026-02-04T00:00:00
6829,5068,36,38245,toner,2026-02-15T19:30:20,1,Synthetic / Demo Data,2026-02-15T00:00:00
6830,5068,60,38246,active,2026-02-15T22:10:39,1,Synthetic / Demo Data,2026-02-15T00:00:00
6831,5068,76,38250,moisturizer,2026-02-22T06:40:15,1,Synthetic / Demo Data,2026-02-22T00:00:00
6832,5069,21,38263,cleansing,2026-08-13T17:48:57,1,Synthetic / Demo Data,2026-08-13T00:00:00
6833,5071,21,38267,cleansing,2026-05-04T13:10:56,1,Synthetic / Demo Data,2026-05-04T00:00:00
6834,5071,62,38269,active,2026-05-18T14:55:34,1,Synthetic / Demo Data,2026-05-18T00:00:00
6835,5071,61,38272,active,2026-05-18T13:27:53,1,Synthetic / Demo Data,2026-05-18T00:00:00
6836,5071,73,38273,moisturizer,2026-05-18T15:22:41,1,Synthetic / Demo Data,2026-05-18T00:00:00
6837,5073,72,38284,active,2026-06-09T13:04:30,1,Synthetic / Demo Data,2026-06-09T00:00:00
6838,5074,113,38295,spf,2026-08-10T22:27:34,1,Synthetic / Demo Data,2026-08-10T00:00:00
6839,5075,55,38305,active,2026-06-26T13:42:47,1,Synthetic / Demo Data,2026-06-26T00:00:00
6840,5075,38,38309,toner,2026-07-04T17:37:41,1,Synthetic / Demo Data,2026-07-04T00:00:00
6841,5076,16,38310,cleansing,2026-03-06T16:57:58,1,Synthetic / Demo Data,2026-03-06T00:00:00
6842,5076,38,38317,toner,2026-03-07T07:12:35,1,Synthetic / Demo Data,2026-03-07T00:00:00
6843,5076,7,38321,cleansing,2026-03-17T05:54:47,1,Synthetic / Demo Data,2026-03-17T00:00:00
6844,5078,6,38324,cleansing,2026-07-30T09:59:04,1,Synthetic / Demo Data,2026-07-30T00:00:00
6845,5078,81,38325,moisturizer,2026-07-30T08:37:33,1,Synthetic / Demo Data,2026-07-30T00:00:00
6846,5078,21,38326,cleansing,2026-07-30T08:31:00,1,Synthetic / Demo Data,2026-07-30T00:00:00
6847,5078,66,38327,active,2026-07-31T08:18:26,1,Synthetic / Demo Data,2026-07-31T00:00:00
6848,5078,9,38329,cleansing,2026-07-31T09:29:38,1,Synthetic / Demo Data,2026-07-31T00:00:00
6849,5081,24,38335,cleansing,2026-05-12T01:17:18,1,Synthetic / Demo Data,2026-05-12T00:00:00
6850,5083,112,38351,spf,2026-05-13T03:39:36,1,Synthetic / Demo Data,2026-05-13T00:00:00
6851,5083,55,38352,active,2026-05-23T11:32:55,1,Synthetic / Demo Data,2026-05-23T00:00:00
6852,5084,109,38354,spf,2026-04-22T13:22:55,1,Synthetic / Demo Data,2026-04-22T00:00:00
6853,5084,94,38356,moisturizer,2026-04-22T11:40:40,1,Synthetic / Demo Data,2026-04-22T00:00:00
6854,5084,2,38358,cleansing,2026-04-27T20:14:57,1,Synthetic / Demo Data,2026-04-27T00:00:00
6855,5084,54,38368,active,2026-05-11T01:15:42,1,Synthetic / Demo Data,2026-05-11T00:00:00
6856,5085,21,38370,cleansing,2026-08-28T06:36:45,1,Synthetic / Demo Data,2026-08-28T00:00:00
6857,5085,32,38371,toner,2026-08-28T07:33:29,1,Synthetic / Demo Data,2026-08-28T00:00:00
6858,5086,1,38381,cleansing,2026-08-01T17:11:19,1,Synthetic / Demo Data,2026-08-01T00:00:00
6859,5086,116,38384,spf,2026-08-01T13:58:04,1,Synthetic / Demo Data,2026-08-01T00:00:00
6860,5086,84,38386,moisturizer,2026-08-11T20:24:34,1,Synthetic / Demo Data,2026-08-11T00:00:00
6861,5086,106,38391,spf,2026-08-15T07:31:21,1,Synthetic / Demo Data,2026-08-15T00:00:00
6862,5090,1,38399,cleansing,2026-03-31T16:09:27,1,Synthetic / Demo Data,2026-03-31T00:00:00
6863,5091,74,38402,moisturizer,2026-05-29T05:35:02,1,Synthetic / Demo Data,2026-05-29T00:00:00
6864,5091,110,38407,spf,2026-06-10T03:36:33,1,Synthetic / Demo Data,2026-06-10T00:00:00
6865,5095,16,38432,cleansing,2026-07-27T01:40:45,1,Synthetic / Demo Data,2026-07-27T00:00:00
6866,5095,116,38434,spf,2026-07-27T00:55:49,1,Synthetic / Demo Data,2026-07-27T00:00:00
6867,5097,76,38450,moisturizer,2026-06-19T02:29:37,1,Synthetic / Demo Data,2026-06-19T00:00:00
6868,5098,100,38468,spf,2026-04-08T19:22:50,1,Synthetic / Demo Data,2026-04-08T00:00:00
6869,5098,1,38471,cleansing,2026-04-08T22:16:54,1,Synthetic / Demo Data,2026-04-08T00:00:00
6870,5101,39,38499,toner,2026-08-20T06:46:13,1,Synthetic / Demo Data,2026-08-20T00:00:00
6871,5102,115,38507,spf,2026-01-11T20:38:30,1,Synthetic / Demo Data,2026-01-11T00:00:00
6872,5103,17,38516,cleansing,2026-01-17T17:21:27,1,Synthetic / Demo Data,2026-01-17T00:00:00
6873,5103,48,38520,toner,2026-01-25T17:09:11,1,Synthetic / Demo Data,2026-01-25T00:00:00
6874,5103,116,38522,spf,2026-01-25T22:10:04,1,Synthetic / Demo Data,2026-01-25T00:00:00
6875,5104,70,38526,active,2026-07-28T11:03:38,1,Synthetic / Demo Data,2026-07-28T00:00:00
6876,5104,106,38530,spf,2026-07-30T16:39:25,1,Synthetic / Demo Data,2026-07-30T00:00:00
6877,5104,17,38531,cleansing,2026-07-30T17:18:47,1,Synthetic / Demo Data,2026-07-30T00:00:00
6878,5104,43,38533,toner,2026-07-30T12:04:01,1,Synthetic / Demo Data,2026-07-30T00:00:00
6879,5104,63,38534,active,2026-07-30T15:55:14,1,Synthetic / Demo Data,2026-07-30T00:00:00
6880,5104,14,38535,cleansing,2026-08-11T05:16:30,1,Synthetic / Demo Data,2026-08-11T00:00:00
6881,5104,67,38538,active,2026-08-11T05:37:11,1,Synthetic / Demo Data,2026-08-11T00:00:00
6882,5104,31,38541,toner,2026-08-14T21:23:50,1,Synthetic / Demo Data,2026-08-14T00:00:00
6883,5105,24,38544,cleansing,2026-05-18T21:07:43,0,Synthetic / Demo Data,2026-05-18T00:00:00
6884,5105,92,38545,moisturizer,2026-05-18T19:39:18,1,Synthetic / Demo Data,2026-05-18T00:00:00
6885,5105,61,38547,active,2026-05-23T08:22:17,1,Synthetic / Demo Data,2026-05-23T00:00:00
6886,5105,68,38548,active,2026-05-23T07:32:35,1,Synthetic / Demo Data,2026-05-23T00:00:00
6887,5105,13,38553,cleansing,2026-05-31T11:22:19,1,Synthetic / Demo Data,2026-05-31T00:00:00
6888,5106,107,38558,spf,2026-05-24T17:16:17,1,Synthetic / Demo Data,2026-05-24T00:00:00
6889,5106,17,38559,cleansing,2026-06-03T14:53:40,1,Synthetic / Demo Data,2026-06-03T00:00:00
6890,5106,72,38560,active,2026-06-03T16:41:39,1,Synthetic / Demo Data,2026-06-03T00:00:00
6891,5108,79,38568,moisturizer,2026-02-27T01:15:21,1,Synthetic / Demo Data,2026-02-27T00:00:00
6892,5109,82,38575,moisturizer,2026-03-22T13:01:23,1,Synthetic / Demo Data,2026-03-22T00:00:00
6893,5110,83,38585,moisturizer,2026-01-19T09:45:29,1,Synthetic / Demo Data,2026-01-19T00:00:00
6894,5110,1,38588,cleansing,2026-01-26T23:26:56,0,Synthetic / Demo Data,2026-01-26T00:00:00
6895,5110,66,38589,active,2026-01-26T22:20:05,1,Synthetic / Demo Data,2026-01-26T00:00:00
6896,5113,18,38601,cleansing,2026-02-02T16:06:03,1,Synthetic / Demo Data,2026-02-02T00:00:00
6897,5116,54,38611,active,2026-09-01T12:17:13,1,Synthetic / Demo Data,2026-09-01T00:00:00
6898,5116,74,38615,moisturizer,2026-09-02T19:33:43,1,Synthetic / Demo Data,2026-09-02T00:00:00
6899,5116,69,38622,active,2026-09-04T18:17:01,1,Synthetic / Demo Data,2026-09-04T00:00:00
6900,5116,21,38623,cleansing,2026-09-04T21:04:04,1,Synthetic / Demo Data,2026-09-04T00:00:00
6901,5117,51,38633,active,2026-04-04T13:04:54,1,Synthetic / Demo Data,2026-04-04T00:00:00
6902,5118,4,38640,cleansing,2026-02-18T18:56:24,1,Synthetic / Demo Data,2026-02-18T00:00:00
6903,5119,17,38656,cleansing,2026-04-29T10:36:55,1,Synthetic / Demo Data,2026-04-29T00:00:00
6904,5120,27,38663,toner,2026-02-17T03:39:26,1,Synthetic / Demo Data,2026-02-17T00:00:00
6905,5120,112,38665,spf,2026-02-25T20:53:21,1,Synthetic / Demo Data,2026-02-25T00:00:00
6906,5121,74,38673,moisturizer,2026-07-11T07:43:42,1,Synthetic / Demo Data,2026-07-11T00:00:00
6907,5121,7,38674,cleansing,2026-07-11T04:40:06,1,Synthetic / Demo Data,2026-07-11T00:00:00
6908,5123,43,38688,toner,2026-09-03T04:13:49,1,Synthetic / Demo Data,2026-09-03T00:00:00
6909,5123,74,38689,moisturizer,2026-09-03T08:03:48,1,Synthetic / Demo Data,2026-09-03T00:00:00
6910,5123,104,38694,spf,2026-09-04T14:50:30,1,Synthetic / Demo Data,2026-09-04T00:00:00
6911,5124,109,38697,spf,2026-07-28T11:23:47,0,Synthetic / Demo Data,2026-07-28T00:00:00
6912,5124,61,38699,active,2026-07-28T05:09:17,0,Synthetic / Demo Data,2026-07-28T00:00:00
6913,5124,83,38703,moisturizer,2026-08-11T13:15:21,1,Synthetic / Demo Data,2026-08-11T00:00:00
6914,5125,27,38708,toner,2026-07-21T08:33:30,1,Synthetic / Demo Data,2026-07-21T00:00:00
6915,5125,80,38709,moisturizer,2026-08-09T09:37:44,1,Synthetic / Demo Data,2026-08-09T00:00:00
6916,5125,51,38711,active,2026-08-09T10:07:57,1,Synthetic / Demo Data,2026-08-09T00:00:00
6917,5127,116,38716,spf,2026-03-13T18:11:22,1,Synthetic / Demo Data,2026-03-13T00:00:00
6918,5130,90,38727,moisturizer,2026-02-01T13:27:49,1,Synthetic / Demo Data,2026-02-01T00:00:00
6919,5131,51,38737,active,2026-04-17T21:26:44,1,Synthetic / Demo Data,2026-04-17T00:00:00
6920,5131,70,38743,active,2026-04-22T20:50:20,1,Synthetic / Demo Data,2026-04-22T00:00:00
6921,5133,117,38744,spf,2026-08-14T19:14:43,1,Synthetic / Demo Data,2026-08-14T00:00:00
6922,5133,90,38748,moisturizer,2026-08-14T20:44:28,1,Synthetic / Demo Data,2026-08-14T00:00:00
6923,5133,112,38749,spf,2026-08-19T08:15:11,1,Synthetic / Demo Data,2026-08-19T00:00:00
6924,5133,25,38750,toner,2026-08-19T05:04:58,1,Synthetic / Demo Data,2026-08-19T00:00:00
6925,5134,90,38759,moisturizer,2026-03-01T07:48:18,1,Synthetic / Demo Data,2026-03-01T00:00:00
6926,5135,113,38772,spf,2026-07-09T16:57:54,1,Synthetic / Demo Data,2026-07-09T00:00:00
6927,5135,18,38773,cleansing,2026-07-09T12:53:19,1,Synthetic / Demo Data,2026-07-09T00:00:00
6928,5135,81,38780,moisturizer,2026-07-16T01:42:39,1,Synthetic / Demo Data,2026-07-16T00:00:00
6929,5135,116,38781,spf,2026-07-15T21:52:55,1,Synthetic / Demo Data,2026-07-15T00:00:00
6930,5136,77,38783,moisturizer,2026-06-28T20:24:15,1,Synthetic / Demo Data,2026-06-28T00:00:00
6931,5136,117,38785,spf,2026-06-28T19:36:28,1,Synthetic / Demo Data,2026-06-28T00:00:00
6932,5138,49,38791,active,2026-04-17T08:05:44,1,Synthetic / Demo Data,2026-04-17T00:00:00
6933,5138,107,38795,spf,2026-04-19T06:46:10,1,Synthetic / Demo Data,2026-04-19T00:00:00
6934,5138,20,38796,cleansing,2026-04-19T01:17:15,1,Synthetic / Demo Data,2026-04-19T00:00:00
6935,5143,38,38817,toner,2026-06-01T06:59:04,1,Synthetic / Demo Data,2026-06-01T00:00:00
6936,5146,19,38832,cleansing,2026-02-28T18:41:31,1,Synthetic / Demo Data,2026-02-28T00:00:00
6937,5149,108,38840,spf,2026-09-10T12:55:46,1,Synthetic / Demo Data,2026-09-10T00:00:00
6938,5149,112,38841,spf,2026-09-10T17:21:52,0,Synthetic / Demo Data,2026-09-10T00:00:00
6939,5150,46,38849,toner,2026-03-20T04:47:52,1,Synthetic / Demo Data,2026-03-20T00:00:00
6940,5151,116,38859,spf,2026-08-13T02:37:07,0,Synthetic / Demo Data,2026-08-13T00:00:00
6941,5155,74,38872,moisturizer,2026-03-05T11:45:55,0,Synthetic / Demo Data,2026-03-05T00:00:00
6942,5155,77,38873,moisturizer,2026-03-05T11:22:36,1,Synthetic / Demo Data,2026-03-05T00:00:00
6943,5156,31,38878,toner,2026-04-24T08:45:49,1,Synthetic / Demo Data,2026-04-24T00:00:00
6944,5156,37,38880,toner,2026-04-24T04:37:07,1,Synthetic / Demo Data,2026-04-24T00:00:00
6945,5157,116,38889,spf,2026-03-17T17:06:16,1,Synthetic / Demo Data,2026-03-17T00:00:00
6946,5157,14,38891,cleansing,2026-03-17T15:41:39,1,Synthetic / Demo Data,2026-03-17T00:00:00
6947,5158,93,38904,moisturizer,2026-01-23T19:50:37,0,Synthetic / Demo Data,2026-01-23T00:00:00
6948,5158,6,38908,cleansing,2026-02-10T06:40:15,0,Synthetic / Demo Data,2026-02-10T00:00:00
6949,5158,116,38909,spf,2026-02-10T10:19:17,1,Synthetic / Demo Data,2026-02-10T00:00:00
6950,5159,28,38911,toner,2026-06-30T22:14:14,1,Synthetic / Demo Data,2026-06-30T00:00:00
6951,5159,17,38913,cleansing,2026-07-01T00:50:11,1,Synthetic / Demo Data,2026-07-01T00:00:00
6952,5159,4,38920,cleansing,2026-07-11T00:07:03,1,Synthetic / Demo Data,2026-07-11T00:00:00
6953,5159,101,38921,spf,2026-07-10T21:10:24,1,Synthetic / Demo Data,2026-07-10T00:00:00
6954,5161,112,38930,spf,2026-02-12T03:04:04,1,Synthetic / Demo Data,2026-02-12T00:00:00
6955,5161,27,38934,toner,2026-02-12T04:18:38,0,Synthetic / Demo Data,2026-02-12T00:00:00
6956,5165,114,38956,spf,2026-05-11T11:19:46,1,Synthetic / Demo Data,2026-05-11T00:00:00
6957,5165,118,38958,spf,2026-05-12T12:53:28,1,Synthetic / Demo Data,2026-05-12T00:00:00
6958,5166,49,38972,active,2026-04-08T20:26:43,1,Synthetic / Demo Data,2026-04-08T00:00:00
6959,5168,48,38980,toner,2026-05-18T14:36:28,0,Synthetic / Demo Data,2026-05-18T00:00:00
6960,5168,80,38982,moisturizer,2026-05-18T18:37:45,1,Synthetic / Demo Data,2026-05-18T00:00:00
6961,5168,12,38984,cleansing,2026-05-18T16:13:11,1,Synthetic / Demo Data,2026-05-18T00:00:00
6962,5168,7,38987,cleansing,2026-06-03T01:35:06,1,Synthetic / Demo Data,2026-06-03T00:00:00
6963,5169,14,38995,cleansing,2026-06-01T06:44:22,1,Synthetic / Demo Data,2026-06-01T00:00:00
6964,5172,70,39009,active,2026-04-20T03:47:27,1,Synthetic / Demo Data,2026-04-20T00:00:00
6965,5173,92,39013,moisturizer,2026-04-13T02:22:26,1,Synthetic / Demo Data,2026-04-13T00:00:00
6966,5173,70,39014,active,2026-04-13T01:28:48,1,Synthetic / Demo Data,2026-04-13T00:00:00
6967,5174,11,39021,cleansing,2026-05-27T20:45:48,1,Synthetic / Demo Data,2026-05-27T00:00:00
6968,5174,114,39022,spf,2026-05-27T21:46:52,1,Synthetic / Demo Data,2026-05-27T00:00:00
6969,5174,82,39023,moisturizer,2026-05-28T00:33:13,1,Synthetic / Demo Data,2026-05-28T00:00:00
6970,5174,103,39027,spf,2026-06-07T00:18:52,1,Synthetic / Demo Data,2026-06-07T00:00:00
6971,5174,81,39030,moisturizer,2026-06-06T19:28:47,1,Synthetic / Demo Data,2026-06-06T00:00:00
6972,5175,5,39039,cleansing,2026-06-07T23:27:23,1,Synthetic / Demo Data,2026-06-07T00:00:00
6973,5176,68,39043,active,2026-03-27T14:07:24,1,Synthetic / Demo Data,2026-03-27T00:00:00
6974,5176,54,39044,active,2026-03-27T10:44:55,1,Synthetic / Demo Data,2026-03-27T00:00:00
6975,5176,21,39049,cleansing,2026-03-30T13:09:23,1,Synthetic / Demo Data,2026-03-30T00:00:00
6976,5177,7,39050,cleansing,2026-02-18T15:12:01,1,Synthetic / Demo Data,2026-02-18T00:00:00
6977,5179,48,39062,toner,2026-01-31T05:11:57,1,Synthetic / Demo Data,2026-01-31T00:00:00
6978,5179,110,39063,spf,2026-01-31T02:41:05,1,Synthetic / Demo Data,2026-01-31T00:00:00
6979,5180,4,39069,cleansing,2026-07-10T03:58:08,1,Synthetic / Demo Data,2026-07-10T00:00:00
6980,5181,120,39078,spf,2026-02-08T18:49:54,1,Synthetic / Demo Data,2026-02-08T00:00:00
6981,5181,116,39079,spf,2026-02-09T15:46:29,1,Synthetic / Demo Data,2026-02-09T00:00:00
6982,5183,55,39085,active,2026-02-15T02:18:09,1,Synthetic / Demo Data,2026-02-15T00:00:00
6983,5183,101,39093,spf,2026-02-15T06:27:56,1,Synthetic / Demo Data,2026-02-15T00:00:00
6984,5183,106,39094,spf,2026-02-25T15:08:28,0,Synthetic / Demo Data,2026-02-25T00:00:00
6985,5183,10,39095,cleansing,2026-02-25T16:27:41,1,Synthetic / Demo Data,2026-02-25T00:00:00
6986,5187,116,39109,spf,2026-02-18T15:55:58,0,Synthetic / Demo Data,2026-02-18T00:00:00
6987,5189,70,39126,active,2026-04-19T21:18:37,1,Synthetic / Demo Data,2026-04-19T00:00:00
6988,5189,12,39129,cleansing,2026-04-19T18:25:38,1,Synthetic / Demo Data,2026-04-19T00:00:00
6989,5190,108,39131,spf,2026-03-28T22:56:11,1,Synthetic / Demo Data,2026-03-28T00:00:00
6990,5190,86,39134,moisturizer,2026-03-28T22:08:00,1,Synthetic / Demo Data,2026-03-28T00:00:00
6991,5190,115,39135,spf,2026-04-07T18:44:02,1,Synthetic / Demo Data,2026-04-07T00:00:00
6992,5190,96,39136,moisturizer,2026-04-07T18:05:43,1,Synthetic / Demo Data,2026-04-07T00:00:00
6993,5190,76,39140,moisturizer,2026-04-18T03:08:21,1,Synthetic / Demo Data,2026-04-18T00:00:00
6994,5191,31,39145,toner,2026-05-10T23:55:59,1,Synthetic / Demo Data,2026-05-10T00:00:00
6995,5192,16,39157,cleansing,2026-03-19T10:36:19,1,Synthetic / Demo Data,2026-03-19T00:00:00
6996,5194,27,39173,toner,2026-04-18T12:23:08,1,Synthetic / Demo Data,2026-04-18T00:00:00
6997,5198,32,39192,toner,2026-09-21T06:37:42,1,Synthetic / Demo Data,2026-09-21T00:00:00
6998,5199,113,39195,spf,2026-02-04T16:11:08,1,Synthetic / Demo Data,2026-02-04T00:00:00
6999,5199,67,39205,active,2026-02-07T23:01:21,1,Synthetic / Demo Data,2026-02-07T00:00:00
7000,5200,32,39212,toner,2026-01-23T13:30:21,1,Synthetic / Demo Data,2026-01-23T00:00:00
7001,5200,96,39213,moisturizer,2026-01-23T06:38:13,1,Synthetic / Demo Data,2026-01-23T00:00:00
7002,5200,17,39215,cleansing,2026-01-25T06:54:36,0,Synthetic / Demo Data,2026-01-25T00:00:00
7003,5200,59,39220,active,2026-01-29T07:25:03,1,Synthetic / Demo Data,2026-01-29T00:00:00
7004,5200,49,39224,active,2026-01-29T09:01:56,0,Synthetic / Demo Data,2026-01-29T00:00:00
7005,5201,81,39229,moisturizer,2026-01-20T18:57:52,1,Synthetic / Demo Data,2026-01-20T00:00:00
7006,5201,78,39230,moisturizer,2026-01-20T20:13:15,1,Synthetic / Demo Data,2026-01-20T00:00:00
7007,5201,1,39234,cleansing,2026-01-23T15:12:10,1,Synthetic / Demo Data,2026-01-23T00:00:00
7008,5203,76,39251,moisturizer,2026-08-16T00:03:04,1,Synthetic / Demo Data,2026-08-16T00:00:00
7009,5204,105,39253,spf,2026-07-19T11:47:24,0,Synthetic / Demo Data,2026-07-19T00:00:00
7010,5204,21,39257,cleansing,2026-07-23T07:42:03,1,Synthetic / Demo Data,2026-07-23T00:00:00
7011,5205,12,39260,cleansing,2026-03-10T07:29:59,1,Synthetic / Demo Data,2026-03-10T00:00:00
7012,5205,36,39262,toner,2026-03-10T08:01:55,0,Synthetic / Demo Data,2026-03-10T00:00:00
7013,5205,41,39268,toner,2026-03-13T08:39:26,1,Synthetic / Demo Data,2026-03-13T00:00:00
7014,5205,80,39269,moisturizer,2026-03-13T07:36:46,1,Synthetic / Demo Data,2026-03-13T00:00:00
7015,5205,76,39270,moisturizer,2026-03-14T22:04:20,0,Synthetic / Demo Data,2026-03-14T00:00:00
7016,5205,116,39272,spf,2026-03-15T02:59:09,1,Synthetic / Demo Data,2026-03-15T00:00:00
7017,5206,6,39286,cleansing,2026-06-02T07:41:44,1,Synthetic / Demo Data,2026-06-02T00:00:00
7018,5206,74,39288,moisturizer,2026-06-07T19:19:16,1,Synthetic / Demo Data,2026-06-07T00:00:00
7019,5207,27,39295,toner,2026-03-24T03:27:18,1,Synthetic / Demo Data,2026-03-24T00:00:00
7020,5207,38,39296,toner,2026-03-24T03:01:04,1,Synthetic / Demo Data,2026-03-24T00:00:00
7021,5208,108,39307,spf,2026-01-24T21:50:15,1,Synthetic / Demo Data,2026-01-24T00:00:00
7022,5208,92,39308,moisturizer,2026-01-25T02:59:23,1,Synthetic / Demo Data,2026-01-25T00:00:00
7023,5209,48,39318,toner,2026-04-17T14:44:59,1,Synthetic / Demo Data,2026-04-17T00:00:00
7024,5213,66,39332,active,2026-06-20T16:18:16,1,Synthetic / Demo Data,2026-06-20T00:00:00
7025,5213,113,39339,spf,2026-06-24T07:06:53,1,Synthetic / Demo Data,2026-06-24T00:00:00
7026,5214,102,39345,spf,2026-01-27T21:26:27,1,Synthetic / Demo Data,2026-01-27T00:00:00
7027,5215,34,39354,toner,2026-01-16T11:03:52,0,Synthetic / Demo Data,2026-01-16T00:00:00
7028,5215,40,39358,toner,2026-01-20T18:06:28,1,Synthetic / Demo Data,2026-01-20T00:00:00
7029,5216,7,39363,cleansing,2026-04-06T06:47:41,1,Synthetic / Demo Data,2026-04-06T00:00:00
7030,5216,46,39370,toner,2026-04-09T04:32:20,1,Synthetic / Demo Data,2026-04-09T00:00:00
7031,5216,66,39372,active,2026-04-09T06:25:29,1,Synthetic / Demo Data,2026-04-09T00:00:00
7032,5217,5,39378,cleansing,2026-07-04T01:28:58,1,Synthetic / Demo Data,2026-07-04T00:00:00
7033,5217,3,39380,cleansing,2026-07-03T22:38:30,0,Synthetic / Demo Data,2026-07-03T00:00:00
7034,5218,27,39383,toner,2026-07-12T06:06:51,1,Synthetic / Demo Data,2026-07-12T00:00:00
7035,5220,116,39400,spf,2026-05-20T08:46:43,1,Synthetic / Demo Data,2026-05-20T00:00:00
7036,5220,107,39401,spf,2026-05-20T11:32:39,1,Synthetic / Demo Data,2026-05-20T00:00:00
7037,5220,10,39402,cleansing,2026-05-20T14:05:21,1,Synthetic / Demo Data,2026-05-20T00:00:00
7038,5220,80,39403,moisturizer,2026-05-20T08:54:37,1,Synthetic / Demo Data,2026-05-20T00:00:00
7039,5220,1,39405,cleansing,2026-05-20T13:33:56,1,Synthetic / Demo Data,2026-05-20T00:00:00
7040,5222,89,39411,moisturizer,2026-07-17T19:25:28,1,Synthetic / Demo Data,2026-07-17T00:00:00
7041,5222,21,39412,cleansing,2026-07-17T20:12:50,1,Synthetic / Demo Data,2026-07-17T00:00:00
7042,5226,116,39431,spf,2026-09-10T07:21:09,1,Synthetic / Demo Data,2026-09-10T00:00:00
7043,5226,99,39433,spf,2026-09-10T09:15:59,0,Synthetic / Demo Data,2026-09-10T00:00:00
7044,5227,88,39438,moisturizer,2026-06-05T13:40:44,1,Synthetic / Demo Data,2026-06-05T00:00:00
7045,5228,19,39444,cleansing,2026-02-03T23:35:56,1,Synthetic / Demo Data,2026-02-03T00:00:00
7046,5228,112,39445,spf,2026-02-04T01:32:33,1,Synthetic / Demo Data,2026-02-04T00:00:00
7047,5229,17,39451,cleansing,2026-08-31T04:26:09,1,Synthetic / Demo Data,2026-08-31T00:00:00
7048,5229,35,39458,toner,2026-09-06T06:16:06,1,Synthetic / Demo Data,2026-09-06T00:00:00
7049,5230,3,39466,cleansing,2026-07-03T02:55:07,1,Synthetic / Demo Data,2026-07-03T00:00:00
7050,5231,16,39477,cleansing,2026-08-30T22:12:53,1,Synthetic / Demo Data,2026-08-30T00:00:00
7051,5231,14,39482,cleansing,2026-09-10T10:04:17,1,Synthetic / Demo Data,2026-09-10T00:00:00
7052,5232,61,39485,active,2026-01-20T04:36:23,1,Synthetic / Demo Data,2026-01-20T00:00:00
7053,5232,2,39492,cleansing,2026-01-20T22:40:47,1,Synthetic / Demo Data,2026-01-20T00:00:00
7054,5234,31,39506,toner,2026-07-23T09:08:12,0,Synthetic / Demo Data,2026-07-23T00:00:00
7055,5234,48,39507,toner,2026-07-23T14:56:30,1,Synthetic / Demo Data,2026-07-23T00:00:00
7056,5234,43,39511,toner,2026-08-02T17:45:19,1,Synthetic / Demo Data,2026-08-02T00:00:00
7057,5237,43,39533,toner,2026-02-05T17:36:50,1,Synthetic / Demo Data,2026-02-05T00:00:00
7058,5237,17,39534,cleansing,2026-02-05T10:39:32,1,Synthetic / Demo Data,2026-02-05T00:00:00
7059,5237,116,39537,spf,2026-02-06T12:53:07,1,Synthetic / Demo Data,2026-02-06T00:00:00
7060,5237,16,39538,cleansing,2026-02-06T18:22:03,1,Synthetic / Demo Data,2026-02-06T00:00:00
7061,5237,22,39542,cleansing,2026-02-09T05:29:19,1,Synthetic / Demo Data,2026-02-09T00:00:00
7062,5240,82,39552,moisturizer,2026-08-31T10:33:49,1,Synthetic / Demo Data,2026-08-31T00:00:00
7063,5242,112,39566,spf,2026-07-21T15:48:49,0,Synthetic / Demo Data,2026-07-21T00:00:00
7064,5242,30,39568,toner,2026-07-21T15:22:33,1,Synthetic / Demo Data,2026-07-21T00:00:00
7065,5244,55,39569,active,2026-05-13T06:17:38,1,Synthetic / Demo Data,2026-05-13T00:00:00
7066,5244,14,39576,cleansing,2026-05-15T00:51:40,1,Synthetic / Demo Data,2026-05-15T00:00:00
7067,5244,94,39577,moisturizer,2026-05-14T18:25:01,1,Synthetic / Demo Data,2026-05-14T00:00:00
7068,5244,79,39581,moisturizer,2026-05-20T05:55:15,1,Synthetic / Demo Data,2026-05-20T00:00:00
7069,5247,69,39587,active,2026-02-10T22:40:56,1,Synthetic / Demo Data,2026-02-10T00:00:00
7070,5248,2,39593,cleansing,2026-04-16T15:11:29,1,Synthetic / Demo Data,2026-04-16T00:00:00
7071,5249,40,39601,toner,2026-03-19T16:43:42,1,Synthetic / Demo Data,2026-03-19T00:00:00
7072,5249,75,39605,moisturizer,2026-03-29T06:35:37,1,Synthetic / Demo Data,2026-03-29T00:00:00
7073,5249,32,39607,toner,2026-03-29T09:46:22,0,Synthetic / Demo Data,2026-03-29T00:00:00
7074,5249,55,39611,active,2026-04-05T14:34:16,1,Synthetic / Demo Data,2026-04-05T00:00:00
7075,5251,112,39613,spf,2026-06-20T04:01:17,0,Synthetic / Demo Data,2026-06-20T00:00:00
7076,5252,61,39623,active,2026-02-21T12:24:50,1,Synthetic / Demo Data,2026-02-21T00:00:00
7077,5252,94,39625,moisturizer,2026-02-28T10:41:31,1,Synthetic / Demo Data,2026-02-28T00:00:00
7078,5254,78,39636,moisturizer,2026-03-06T15:23:31,1,Synthetic / Demo Data,2026-03-06T00:00:00
7079,5254,4,39638,cleansing,2026-03-06T15:46:37,1,Synthetic / Demo Data,2026-03-06T00:00:00
7080,5254,17,39639,cleansing,2026-03-06T19:25:34,1,Synthetic / Demo Data,2026-03-06T00:00:00
7081,5255,116,39642,spf,2026-08-11T10:18:45,0,Synthetic / Demo Data,2026-08-11T00:00:00
7082,5255,40,39647,toner,2026-08-12T20:49:42,1,Synthetic / Demo Data,2026-08-12T00:00:00
7083,5255,114,39652,spf,2026-08-14T19:52:49,1,Synthetic / Demo Data,2026-08-14T00:00:00
7084,5258,74,39664,moisturizer,2026-06-12T08:56:59,1,Synthetic / Demo Data,2026-06-12T00:00:00
7085,5258,56,39665,active,2026-06-12T09:19:36,1,Synthetic / Demo Data,2026-06-12T00:00:00
7086,5258,33,39671,toner,2026-06-17T14:37:36,1,Synthetic / Demo Data,2026-06-17T00:00:00
7087,5261,55,39684,active,2026-02-18T16:18:10,1,Synthetic / Demo Data,2026-02-18T00:00:00
7088,5261,111,39691,spf,2026-02-26T06:40:30,1,Synthetic / Demo Data,2026-02-26T00:00:00
7089,5261,37,39692,toner,2026-03-03T21:15:39,0,Synthetic / Demo Data,2026-03-03T00:00:00
7090,5261,51,39696,active,2026-03-03T19:29:34,0,Synthetic / Demo Data,2026-03-03T00:00:00
7091,5262,90,39698,moisturizer,2026-02-04T18:04:02,1,Synthetic / Demo Data,2026-02-04T00:00:00
7092,5262,17,39704,cleansing,2026-02-08T17:19:46,1,Synthetic / Demo Data,2026-02-08T00:00:00
7093,5263,111,39710,spf,2026-03-15T04:36:55,1,Synthetic / Demo Data,2026-03-15T00:00:00
7094,5263,99,39715,spf,2026-03-19T21:29:56,1,Synthetic / Demo Data,2026-03-19T00:00:00
7095,5264,93,39720,moisturizer,2026-08-15T02:13:04,1,Synthetic / Demo Data,2026-08-15T00:00:00
7096,5267,72,39732,active,2026-09-02T22:45:03,1,Synthetic / Demo Data,2026-09-02T00:00:00
7097,5267,27,39736,toner,2026-09-03T19:40:36,1,Synthetic / Demo Data,2026-09-03T00:00:00
7098,5269,9,39739,cleansing,2026-01-28T10:00:07,1,Synthetic / Demo Data,2026-01-28T00:00:00
7099,5269,24,39741,cleansing,2026-01-28T10:14:36,1,Synthetic / Demo Data,2026-01-28T00:00:00
7100,5269,27,39742,toner,2026-02-10T13:26:10,1,Synthetic / Demo Data,2026-02-10T00:00:00
7101,5271,35,39746,toner,2026-08-16T02:56:41,1,Synthetic / Demo Data,2026-08-16T00:00:00
7102,5271,74,39747,moisturizer,2026-08-16T03:46:18,1,Synthetic / Demo Data,2026-08-16T00:00:00
7103,5273,21,39770,cleansing,2026-06-20T03:46:03,1,Synthetic / Demo Data,2026-06-20T00:00:00
7104,5273,83,39773,moisturizer,2026-06-24T19:51:48,1,Synthetic / Demo Data,2026-06-24T00:00:00
7105,5273,63,39774,active,2026-06-24T16:59:18,1,Synthetic / Demo Data,2026-06-24T00:00:00
7106,5276,45,39780,toner,2026-03-02T08:40:48,1,Synthetic / Demo Data,2026-03-02T00:00:00
7107,5277,109,39791,spf,2026-07-30T13:47:05,1,Synthetic / Demo Data,2026-07-30T00:00:00
7108,5277,63,39793,active,2026-08-09T13:20:00,1,Synthetic / Demo Data,2026-08-09T00:00:00
7109,5277,16,39796,cleansing,2026-08-09T11:45:20,1,Synthetic / Demo Data,2026-08-09T00:00:00
7110,5278,70,39803,active,2026-02-04T03:43:49,1,Synthetic / Demo Data,2026-02-04T00:00:00
7111,5279,18,39809,cleansing,2026-07-03T01:56:28,1,Synthetic / Demo Data,2026-07-03T00:00:00
7112,5279,6,39810,cleansing,2026-07-03T03:07:55,0,Synthetic / Demo Data,2026-07-03T00:00:00
7113,5279,91,39813,moisturizer,2026-07-15T00:56:25,1,Synthetic / Demo Data,2026-07-15T00:00:00
7114,5279,36,39814,toner,2026-07-14T21:33:16,1,Synthetic / Demo Data,2026-07-14T00:00:00
7115,5279,90,39816,moisturizer,2026-07-14T20:21:33,1,Synthetic / Demo Data,2026-07-14T00:00:00
7116,5285,100,39819,spf,2026-04-07T16:45:23,1,Synthetic / Demo Data,2026-04-07T00:00:00
7117,5285,112,39820,spf,2026-04-07T18:59:24,1,Synthetic / Demo Data,2026-04-07T00:00:00
7118,5285,116,39821,spf,2026-04-07T16:31:24,1,Synthetic / Demo Data,2026-04-07T00:00:00
7119,5285,7,39822,cleansing,2026-04-07T17:03:07,1,Synthetic / Demo Data,2026-04-07T00:00:00
7120,5285,110,39824,spf,2026-04-16T06:08:40,1,Synthetic / Demo Data,2026-04-16T00:00:00
7121,5285,21,39828,cleansing,2026-04-16T05:15:58,0,Synthetic / Demo Data,2026-04-16T00:00:00
7122,5286,116,39830,spf,2026-01-24T04:55:14,1,Synthetic / Demo Data,2026-01-24T00:00:00
7123,5288,82,39838,moisturizer,2026-05-24T17:34:06,1,Synthetic / Demo Data,2026-05-24T00:00:00
7124,5288,62,39840,active,2026-05-24T13:05:16,1,Synthetic / Demo Data,2026-05-24T00:00:00
7125,5290,82,39858,moisturizer,2026-03-29T21:54:43,1,Synthetic / Demo Data,2026-03-29T00:00:00
7126,5290,116,39860,spf,2026-03-30T02:01:11,1,Synthetic / Demo Data,2026-03-30T00:00:00
7127,5291,73,39867,moisturizer,2026-05-09T01:55:44,1,Synthetic / Demo Data,2026-05-09T00:00:00
7128,5291,21,39871,cleansing,2026-05-09T05:33:52,1,Synthetic / Demo Data,2026-05-09T00:00:00
7129,5291,116,39872,spf,2026-05-13T11:47:29,1,Synthetic / Demo Data,2026-05-13T00:00:00
7130,5292,17,39882,cleansing,2026-03-19T14:22:20,1,Synthetic / Demo Data,2026-03-19T00:00:00
7131,5296,116,39895,spf,2026-08-07T23:51:34,1,Synthetic / Demo Data,2026-08-07T00:00:00
7132,5297,55,39898,active,2026-01-15T19:10:37,1,Synthetic / Demo Data,2026-01-15T00:00:00
7133,5302,82,39917,moisturizer,2026-02-14T19:01:19,0,Synthetic / Demo Data,2026-02-14T00:00:00
7134,5302,34,39925,toner,2026-02-28T00:09:25,1,Synthetic / Demo Data,2026-02-28T00:00:00
7135,5302,107,39926,spf,2026-02-28T02:37:24,1,Synthetic / Demo Data,2026-02-28T00:00:00
7136,5302,81,39928,moisturizer,2026-03-01T01:14:50,1,Synthetic / Demo Data,2026-03-01T00:00:00
7137,5302,97,39929,spf,2026-02-28T21:23:19,1,Synthetic / Demo Data,2026-02-28T00:00:00
7138,5304,106,39941,spf,2026-02-28T11:14:34,1,Synthetic / Demo Data,2026-02-28T00:00:00
7139,5305,4,39949,cleansing,2026-08-08T12:00:23,0,Synthetic / Demo Data,2026-08-08T00:00:00
7140,5305,39,39951,toner,2026-08-08T11:27:56,1,Synthetic / Demo Data,2026-08-08T00:00:00
7141,5305,81,39955,moisturizer,2026-08-14T12:54:44,1,Synthetic / Demo Data,2026-08-14T00:00:00
7142,5305,110,39958,spf,2026-08-14T14:16:19,1,Synthetic / Demo Data,2026-08-14T00:00:00
7143,5307,97,39969,spf,2026-03-06T18:59:34,1,Synthetic / Demo Data,2026-03-06T00:00:00
7144,5307,53,39970,active,2026-03-07T06:36:04,1,Synthetic / Demo Data,2026-03-07T00:00:00
7145,5311,21,39972,cleansing,2026-01-13T13:27:48,1,Synthetic / Demo Data,2026-01-13T00:00:00
7146,5311,99,39976,spf,2026-01-15T06:30:27,1,Synthetic / Demo Data,2026-01-15T00:00:00
7147,5312,81,39984,moisturizer,2026-07-26T02:30:23,1,Synthetic / Demo Data,2026-07-26T00:00:00
7148,5312,63,39987,active,2026-07-25T23:27:00,1,Synthetic / Demo Data,2026-07-25T00:00:00
7149,5314,32,40011,toner,2026-04-26T20:54:26,1,Synthetic / Demo Data,2026-04-26T00:00:00
7150,5317,10,40014,cleansing,2026-03-30T05:17:31,1,Synthetic / Demo Data,2026-03-30T00:00:00
7151,5317,94,40021,moisturizer,2026-03-31T16:19:34,1,Synthetic / Demo Data,2026-03-31T00:00:00
7152,5320,82,40038,moisturizer,2026-09-07T14:43:17,1,Synthetic / Demo Data,2026-09-07T00:00:00
7153,5320,116,40042,spf,2026-09-07T09:42:51,1,Synthetic / Demo Data,2026-09-07T00:00:00
7154,5320,70,40044,active,2026-09-12T10:18:02,1,Synthetic / Demo Data,2026-09-12T00:00:00
7155,5320,106,40045,spf,2026-09-12T10:38:06,1,Synthetic / Demo Data,2026-09-12T00:00:00
7156,5322,76,40050,moisturizer,2026-08-04T13:22:08,1,Synthetic / Demo Data,2026-08-04T00:00:00
7157,5322,82,40055,moisturizer,2026-08-05T14:29:14,1,Synthetic / Demo Data,2026-08-05T00:00:00
7158,5322,42,40063,toner,2026-08-07T02:42:27,1,Synthetic / Demo Data,2026-08-07T00:00:00
7159,5324,35,40072,toner,2026-07-31T19:40:27,0,Synthetic / Demo Data,2026-07-31T00:00:00
7160,5325,11,40085,cleansing,2026-04-05T11:27:31,1,Synthetic / Demo Data,2026-04-05T00:00:00
7161,5325,76,40087,moisturizer,2026-04-07T07:22:40,1,Synthetic / Demo Data,2026-04-07T00:00:00
7162,5325,68,40089,active,2026-04-07T08:36:33,1,Synthetic / Demo Data,2026-04-07T00:00:00
7163,5329,21,40107,cleansing,2026-07-29T19:40:47,1,Synthetic / Demo Data,2026-07-29T00:00:00
7164,5333,1,40114,cleansing,2026-08-30T01:00:56,1,Synthetic / Demo Data,2026-08-30T00:00:00
7165,5334,14,40118,cleansing,2026-06-22T06:15:34,1,Synthetic / Demo Data,2026-06-22T00:00:00
7166,5334,76,40119,moisturizer,2026-06-22T06:05:09,1,Synthetic / Demo Data,2026-06-22T00:00:00
7167,5334,113,40123,spf,2026-07-08T10:34:40,1,Synthetic / Demo Data,2026-07-08T00:00:00
7168,5335,90,40134,moisturizer,2026-03-05T20:03:40,1,Synthetic / Demo Data,2026-03-05T00:00:00
7169,5338,1,40158,cleansing,2026-03-04T19:43:19,1,Synthetic / Demo Data,2026-03-04T00:00:00
7170,5338,9,40161,cleansing,2026-03-14T21:00:38,1,Synthetic / Demo Data,2026-03-14T00:00:00
7171,5338,76,40162,moisturizer,2026-03-14T21:15:33,1,Synthetic / Demo Data,2026-03-14T00:00:00
7172,5338,107,40163,spf,2026-03-14T20:29:37,1,Synthetic / Demo Data,2026-03-14T00:00:00
7173,5340,105,40167,spf,2026-05-28T01:59:18,1,Synthetic / Demo Data,2026-05-28T00:00:00
7174,5342,80,40175,moisturizer,2026-03-09T21:32:44,1,Synthetic / Demo Data,2026-03-09T00:00:00
7175,5342,81,40181,moisturizer,2026-03-15T17:01:13,1,Synthetic / Demo Data,2026-03-15T00:00:00
7176,5343,36,40183,toner,2026-08-18T18:52:29,1,Synthetic / Demo Data,2026-08-18T00:00:00
7177,5343,51,40188,active,2026-08-22T18:31:10,1,Synthetic / Demo Data,2026-08-22T00:00:00
7178,5343,20,40189,cleansing,2026-08-22T14:57:31,1,Synthetic / Demo Data,2026-08-22T00:00:00
7179,5343,38,40193,toner,2026-08-26T23:43:46,0,Synthetic / Demo Data,2026-08-26T00:00:00
7180,5345,112,40195,spf,2026-01-12T21:58:21,1,Synthetic / Demo Data,2026-01-12T00:00:00
7181,5345,116,40196,spf,2026-01-13T00:06:48,1,Synthetic / Demo Data,2026-01-13T00:00:00
7182,5346,92,40217,moisturizer,2026-07-15T04:25:46,1,Synthetic / Demo Data,2026-07-15T00:00:00
7183,5347,15,40220,cleansing,2026-03-04T07:28:19,1,Synthetic / Demo Data,2026-03-04T00:00:00
7184,5347,21,40227,cleansing,2026-03-14T06:21:29,1,Synthetic / Demo Data,2026-03-14T00:00:00
7185,5348,21,40232,cleansing,2026-06-15T04:41:36,1,Synthetic / Demo Data,2026-06-15T00:00:00
7186,5348,79,40233,moisturizer,2026-06-15T11:33:54,1,Synthetic / Demo Data,2026-06-15T00:00:00
7187,5348,72,40237,active,2026-06-15T20:57:08,1,Synthetic / Demo Data,2026-06-15T00:00:00
7188,5348,77,40238,moisturizer,2026-06-15T17:04:22,1,Synthetic / Demo Data,2026-06-15T00:00:00
7189,5348,1,40239,cleansing,2026-06-25T23:03:42,1,Synthetic / Demo Data,2026-06-25T00:00:00
7190,5348,105,40241,spf,2026-06-26T02:27:56,1,Synthetic / Demo Data,2026-06-26T00:00:00
7191,5348,106,40242,spf,2026-06-26T02:55:18,1,Synthetic / Demo Data,2026-06-26T00:00:00
7192,5349,19,40247,cleansing,2026-09-13T23:48:21,1,Synthetic / Demo Data,2026-09-13T00:00:00
7193,5349,84,40249,moisturizer,2026-09-13T23:41:31,0,Synthetic / Demo Data,2026-09-13T00:00:00
7194,5352,106,40264,spf,2026-06-13T21:27:21,1,Synthetic / Demo Data,2026-06-13T00:00:00
7195,5352,69,40268,active,2026-06-29T17:37:33,1,Synthetic / Demo Data,2026-06-29T00:00:00
7196,5352,105,40270,spf,2026-06-29T17:46:00,1,Synthetic / Demo Data,2026-06-29T00:00:00
7197,5352,82,40272,moisturizer,2026-06-29T13:18:52,1,Synthetic / Demo Data,2026-06-29T00:00:00
7198,5354,27,40282,toner,2026-05-24T10:55:33,1,Synthetic / Demo Data,2026-05-24T00:00:00
7199,5354,29,40284,toner,2026-05-24T12:01:59,1,Synthetic / Demo Data,2026-05-24T00:00:00
7200,5354,10,40287,cleansing,2026-05-30T07:04:02,1,Synthetic / Demo Data,2026-05-30T00:00:00
7201,5355,53,40289,active,2026-08-17T13:30:15,1,Synthetic / Demo Data,2026-08-17T00:00:00
7202,5355,115,40292,spf,2026-08-17T13:14:09,1,Synthetic / Demo Data,2026-08-17T00:00:00
7203,5356,100,40298,spf,2026-04-21T05:43:23,1,Synthetic / Demo Data,2026-04-21T00:00:00
7204,5356,116,40305,spf,2026-04-23T23:06:48,1,Synthetic / Demo Data,2026-04-23T00:00:00
7205,5360,49,40322,active,2026-05-02T03:07:47,1,Synthetic / Demo Data,2026-05-02T00:00:00
7206,5364,37,40344,toner,2026-01-13T09:28:49,1,Synthetic / Demo Data,2026-01-13T00:00:00
7207,5366,6,40356,cleansing,2026-09-04T00:56:03,1,Synthetic / Demo Data,2026-09-04T00:00:00
7208,5368,118,40374,spf,2026-03-26T11:27:12,1,Synthetic / Demo Data,2026-03-26T00:00:00
7209,5371,94,40380,moisturizer,2026-08-28T20:09:38,1,Synthetic / Demo Data,2026-08-28T00:00:00
7210,5372,69,40392,active,2026-05-22T16:45:31,1,Synthetic / Demo Data,2026-05-22T00:00:00
7211,5374,111,40400,spf,2026-04-17T22:45:09,1,Synthetic / Demo Data,2026-04-17T00:00:00
7212,5375,6,40402,cleansing,2026-04-04T05:36:37,1,Synthetic / Demo Data,2026-04-04T00:00:00
7213,5375,21,40404,cleansing,2026-04-04T00:15:02,1,Synthetic / Demo Data,2026-04-04T00:00:00
7214,5378,12,40431,cleansing,2026-01-17T02:29:54,1,Synthetic / Demo Data,2026-01-17T00:00:00
7215,5379,34,40445,toner,2026-05-20T10:05:19,1,Synthetic / Demo Data,2026-05-20T00:00:00
7216,5380,10,40454,cleansing,2026-08-05T06:12:36,1,Synthetic / Demo Data,2026-08-05T00:00:00
7217,5380,67,40460,active,2026-08-19T11:13:22,1,Synthetic / Demo Data,2026-08-19T00:00:00
7218,5382,41,40472,toner,2026-08-25T07:39:17,1,Synthetic / Demo Data,2026-08-25T00:00:00
7219,5384,120,40482,spf,2026-03-04T17:01:52,1,Synthetic / Demo Data,2026-03-04T00:00:00
7220,5384,74,40484,moisturizer,2026-03-04T20:46:33,1,Synthetic / Demo Data,2026-03-04T00:00:00
7221,5384,109,40488,spf,2026-03-13T13:15:03,1,Synthetic / Demo Data,2026-03-13T00:00:00
7222,5385,14,40492,cleansing,2026-08-30T22:33:30,1,Synthetic / Demo Data,2026-08-30T00:00:00
7223,5385,24,40496,cleansing,2026-08-31T01:41:33,1,Synthetic / Demo Data,2026-08-31T00:00:00
7224,5385,82,40497,moisturizer,2026-09-01T03:22:59,1,Synthetic / Demo Data,2026-09-01T00:00:00
7225,5387,102,40506,spf,2026-03-17T06:17:07,1,Synthetic / Demo Data,2026-03-17T00:00:00
7226,5387,27,40511,toner,2026-03-21T19:26:40,1,Synthetic / Demo Data,2026-03-21T00:00:00
7227,5387,4,40513,cleansing,2026-03-21T22:01:10,1,Synthetic / Demo Data,2026-03-21T00:00:00
7228,5389,13,40524,cleansing,2026-05-05T20:08:33,1,Synthetic / Demo Data,2026-05-05T00:00:00
7229,5390,20,40527,cleansing,2026-06-23T04:18:02,1,Synthetic / Demo Data,2026-06-23T00:00:00
7230,5390,4,40530,cleansing,2026-06-22T23:36:33,1,Synthetic / Demo Data,2026-06-22T00:00:00
7231,5390,103,40533,spf,2026-07-01T00:07:47,1,Synthetic / Demo Data,2026-07-01T00:00:00
7232,5390,48,40534,toner,2026-07-01T02:46:34,1,Synthetic / Demo Data,2026-07-01T00:00:00
7233,5391,106,40539,spf,2026-02-07T02:34:33,1,Synthetic / Demo Data,2026-02-07T00:00:00
7234,5392,100,40546,spf,2026-09-01T23:25:53,1,Synthetic / Demo Data,2026-09-01T00:00:00
7235,5393,17,40551,cleansing,2026-06-03T20:02:52,1,Synthetic / Demo Data,2026-06-03T00:00:00
7236,5393,94,40555,moisturizer,2026-06-03T18:41:30,1,Synthetic / Demo Data,2026-06-03T00:00:00
7237,5394,82,40565,moisturizer,2026-07-01T03:30:08,1,Synthetic / Demo Data,2026-07-01T00:00:00
7238,5394,94,40567,moisturizer,2026-07-01T04:30:55,1,Synthetic / Demo Data,2026-07-01T00:00:00
7239,5394,22,40568,cleansing,2026-07-01T03:34:08,1,Synthetic / Demo Data,2026-07-01T00:00:00
7240,5398,46,40597,toner,2026-03-18T03:10:37,0,Synthetic / Demo Data,2026-03-18T00:00:00
7241,5398,106,40602,spf,2026-03-22T00:33:13,1,Synthetic / Demo Data,2026-03-22T00:00:00
7242,5399,90,40607,moisturizer,2026-05-03T13:14:18,0,Synthetic / Demo Data,2026-05-03T00:00:00
7243,5399,51,40609,active,2026-05-03T19:53:35,1,Synthetic / Demo Data,2026-05-03T00:00:00
7244,5399,19,40615,cleansing,2026-05-06T09:51:05,1,Synthetic / Demo Data,2026-05-06T00:00:00
7245,5403,1,40638,cleansing,2026-01-15T00:37:25,0,Synthetic / Demo Data,2026-01-15T00:00:00
7246,5403,6,40643,cleansing,2026-01-24T10:34:27,1,Synthetic / Demo Data,2026-01-24T00:00:00
7247,5407,17,40664,cleansing,2026-07-15T12:46:21,1,Synthetic / Demo Data,2026-07-15T00:00:00
7248,5407,89,40665,moisturizer,2026-07-15T14:01:40,1,Synthetic / Demo Data,2026-07-15T00:00:00
7249,5409,18,40683,cleansing,2026-02-27T01:13:25,1,Synthetic / Demo Data,2026-02-27T00:00:00
7250,5409,37,40685,toner,2026-02-27T03:05:49,1,Synthetic / Demo Data,2026-02-27T00:00:00
7251,5409,1,40687,cleansing,2026-02-27T05:45:47,1,Synthetic / Demo Data,2026-02-27T00:00:00
7252,5409,77,40689,moisturizer,2026-03-13T01:29:02,1,Synthetic / Demo Data,2026-03-13T00:00:00
7253,5409,83,40691,moisturizer,2026-03-13T01:32:45,1,Synthetic / Demo Data,2026-03-13T00:00:00
7254,5409,9,40693,cleansing,2026-03-21T10:22:01,1,Synthetic / Demo Data,2026-03-21T00:00:00
7255,5411,7,40697,cleansing,2026-01-27T11:37:38,1,Synthetic / Demo Data,2026-01-27T00:00:00
7256,5411,28,40705,toner,2026-02-03T02:25:09,1,Synthetic / Demo Data,2026-02-03T00:00:00
7257,5414,94,40723,moisturizer,2026-07-12T16:38:13,0,Synthetic / Demo Data,2026-07-12T00:00:00
7258,5414,48,40729,toner,2026-07-15T16:52:35,1,Synthetic / Demo Data,2026-07-15T00:00:00
7259,5415,40,40737,toner,2026-04-17T10:59:01,1,Synthetic / Demo Data,2026-04-17T00:00:00
7260,5415,21,40739,cleansing,2026-04-23T00:31:38,1,Synthetic / Demo Data,2026-04-23T00:00:00
7261,5415,52,40740,active,2026-04-23T03:28:31,1,Synthetic / Demo Data,2026-04-23T00:00:00
7262,5415,96,40741,moisturizer,2026-04-23T00:06:06,1,Synthetic / Demo Data,2026-04-23T00:00:00
7263,5415,76,40742,moisturizer,2026-04-23T04:24:16,1,Synthetic / Demo Data,2026-04-23T00:00:00
7264,5417,118,40743,spf,2026-07-30T07:12:48,1,Synthetic / Demo Data,2026-07-30T00:00:00
7265,5420,27,40754,toner,2026-03-18T13:58:43,1,Synthetic / Demo Data,2026-03-18T00:00:00
7266,5424,48,40766,toner,2026-07-13T21:46:57,1,Synthetic / Demo Data,2026-07-13T00:00:00
7267,5425,112,40770,spf,2026-07-27T11:38:11,1,Synthetic / Demo Data,2026-07-27T00:00:00
7268,5425,16,40772,cleansing,2026-07-27T09:45:02,1,Synthetic / Demo Data,2026-07-27T00:00:00
7269,5425,40,40778,toner,2026-08-11T18:58:36,1,Synthetic / Demo Data,2026-08-11T00:00:00
7270,5426,64,40786,active,2026-04-16T21:38:04,1,Synthetic / Demo Data,2026-04-16T00:00:00
7271,5426,54,40790,active,2026-04-28T03:27:14,1,Synthetic / Demo Data,2026-04-28T00:00:00
7272,5426,26,40792,toner,2026-04-27T23:18:22,1,Synthetic / Demo Data,2026-04-27T00:00:00
7273,5427,63,40796,active,2026-07-15T03:42:44,1,Synthetic / Demo Data,2026-07-15T00:00:00
7274,5427,22,40798,cleansing,2026-07-15T00:58:02,1,Synthetic / Demo Data,2026-07-15T00:00:00
7275,5427,101,40799,spf,2026-07-15T07:48:06,1,Synthetic / Demo Data,2026-07-15T00:00:00
7276,5427,10,40812,cleansing,2026-07-29T21:37:22,1,Synthetic / Demo Data,2026-07-29T00:00:00
7277,5430,52,40816,active,2026-06-25T17:09:21,1,Synthetic / Demo Data,2026-06-25T00:00:00
7278,5431,27,40819,toner,2026-02-27T00:19:36,1,Synthetic / Demo Data,2026-02-27T00:00:00
7279,5431,112,40825,spf,2026-03-11T10:52:28,1,Synthetic / Demo Data,2026-03-11T00:00:00
7280,5432,38,40831,toner,2026-01-23T10:22:00,1,Synthetic / Demo Data,2026-01-23T00:00:00
7281,5434,4,40835,cleansing,2026-07-15T22:40:00,1,Synthetic / Demo Data,2026-07-15T00:00:00
7282,5434,55,40836,active,2026-07-15T23:37:04,1,Synthetic / Demo Data,2026-07-15T00:00:00
7283,5435,22,40846,cleansing,2026-03-06T23:35:33,1,Synthetic / Demo Data,2026-03-06T00:00:00
7284,5435,38,40851,toner,2026-03-08T09:34:08,1,Synthetic / Demo Data,2026-03-08T00:00:00
7285,5436,79,40856,moisturizer,2026-04-30T11:52:15,1,Synthetic / Demo Data,2026-04-30T00:00:00
7286,5436,116,40857,spf,2026-04-30T03:57:54,1,Synthetic / Demo Data,2026-04-30T00:00:00
7287,5436,21,40860,cleansing,2026-05-07T17:14:20,1,Synthetic / Demo Data,2026-05-07T00:00:00
7288,5436,103,40861,spf,2026-05-07T21:40:59,0,Synthetic / Demo Data,2026-05-07T00:00:00
7289,5437,55,40877,active,2026-03-10T03:54:36,1,Synthetic / Demo Data,2026-03-10T00:00:00
7290,5437,43,40880,toner,2026-03-09T23:37:36,1,Synthetic / Demo Data,2026-03-09T00:00:00
7291,5438,48,40890,toner,2026-03-17T22:45:47,1,Synthetic / Demo Data,2026-03-17T00:00:00
7292,5439,61,40892,active,2026-03-02T05:50:46,1,Synthetic / Demo Data,2026-03-02T00:00:00
7293,5439,116,40897,spf,2026-03-08T07:16:25,1,Synthetic / Demo Data,2026-03-08T00:00:00
7294,5439,55,40900,active,2026-03-08T05:21:41,1,Synthetic / Demo Data,2026-03-08T00:00:00
7295,5439,100,40902,spf,2026-03-12T16:14:59,1,Synthetic / Demo Data,2026-03-12T00:00:00
7296,5440,6,40908,cleansing,2026-04-04T09:19:57,1,Synthetic / Demo Data,2026-04-04T00:00:00
7297,5440,116,40919,spf,2026-04-17T19:42:02,1,Synthetic / Demo Data,2026-04-17T00:00:00
7298,5442,63,40920,active,2026-01-19T19:14:01,1,Synthetic / Demo Data,2026-01-19T00:00:00
7299,5442,106,40921,spf,2026-01-19T21:19:28,0,Synthetic / Demo Data,2026-01-19T00:00:00
7300,5442,36,40927,toner,2026-01-22T14:44:46,1,Synthetic / Demo Data,2026-01-22T00:00:00
7301,5449,58,40944,active,2026-04-19T15:11:42,1,Synthetic / Demo Data,2026-04-19T00:00:00
7302,5449,101,40950,spf,2026-05-06T17:13:26,1,Synthetic / Demo Data,2026-05-06T00:00:00
7303,5450,21,40953,cleansing,2026-01-27T09:52:31,1,Synthetic / Demo Data,2026-01-27T00:00:00
7304,5451,9,40969,cleansing,2026-05-12T01:57:46,1,Synthetic / Demo Data,2026-05-12T00:00:00
7305,5451,55,40975,active,2026-05-16T12:54:19,1,Synthetic / Demo Data,2026-05-16T00:00:00
7306,5451,46,40977,toner,2026-05-16T13:47:24,1,Synthetic / Demo Data,2026-05-16T00:00:00
7307,5451,84,40979,moisturizer,2026-05-27T11:49:50,1,Synthetic / Demo Data,2026-05-27T00:00:00
7308,5452,22,40982,cleansing,2026-03-09T11:24:26,1,Synthetic / Demo Data,2026-03-09T00:00:00
7309,5456,116,41026,spf,2026-06-27T01:41:52,1,Synthetic / Demo Data,2026-06-27T00:00:00
7310,5456,36,41027,toner,2026-06-27T04:41:35,1,Synthetic / Demo Data,2026-06-27T00:00:00
7311,5456,105,41028,spf,2026-06-27T01:26:42,1,Synthetic / Demo Data,2026-06-27T00:00:00
7312,5456,69,41029,active,2026-06-27T02:13:56,1,Synthetic / Demo Data,2026-06-27T00:00:00
7313,5456,28,41032,toner,2026-07-03T21:48:47,1,Synthetic / Demo Data,2026-07-03T00:00:00
7314,5457,75,41038,moisturizer,2026-01-30T01:10:22,1,Synthetic / Demo Data,2026-01-30T00:00:00
7315,5457,1,41041,cleansing,2026-02-14T19:28:52,1,Synthetic / Demo Data,2026-02-14T00:00:00
7316,5459,96,41046,moisturizer,2026-02-27T07:52:47,1,Synthetic / Demo Data,2026-02-27T00:00:00
7317,5459,34,41048,toner,2026-02-27T10:43:50,1,Synthetic / Demo Data,2026-02-27T00:00:00
7318,5460,86,41063,moisturizer,2026-03-13T18:37:28,1,Synthetic / Demo Data,2026-03-13T00:00:00
7319,5461,12,41069,cleansing,2026-06-30T03:22:35,0,Synthetic / Demo Data,2026-06-30T00:00:00
7320,5461,27,41077,toner,2026-07-04T19:45:49,1,Synthetic / Demo Data,2026-07-04T00:00:00
7321,5462,82,41080,moisturizer,2026-03-02T07:40:30,1,Synthetic / Demo Data,2026-03-02T00:00:00
7322,5462,17,41081,cleansing,2026-03-02T06:43:31,1,Synthetic / Demo Data,2026-03-02T00:00:00
7323,5463,63,41093,active,2026-05-16T17:14:00,0,Synthetic / Demo Data,2026-05-16T00:00:00
7324,5463,46,41096,toner,2026-05-16T19:31:59,1,Synthetic / Demo Data,2026-05-16T00:00:00
7325,5466,6,41110,cleansing,2026-06-08T21:15:50,1,Synthetic / Demo Data,2026-06-08T00:00:00
7326,5467,81,41124,moisturizer,2026-04-20T23:42:04,1,Synthetic / Demo Data,2026-04-20T00:00:00
7327,5469,34,41133,toner,2026-05-26T10:34:39,1,Synthetic / Demo Data,2026-05-26T00:00:00
7328,5469,52,41141,active,2026-05-26T15:59:14,1,Synthetic / Demo Data,2026-05-26T00:00:00
7329,5472,42,41161,toner,2026-08-24T00:23:08,1,Synthetic / Demo Data,2026-08-24T00:00:00
7330,5473,21,41164,cleansing,2026-08-23T15:27:31,1,Synthetic / Demo Data,2026-08-23T00:00:00
7331,5473,66,41168,active,2026-08-23T15:58:37,1,Synthetic / Demo Data,2026-08-23T00:00:00
7332,5480,107,41195,spf,2026-08-22T03:59:36,1,Synthetic / Demo Data,2026-08-22T00:00:00
7333,5481,66,41200,active,2026-05-24T11:42:33,1,Synthetic / Demo Data,2026-05-24T00:00:00
7334,5481,83,41201,moisturizer,2026-05-24T13:29:45,1,Synthetic / Demo Data,2026-05-24T00:00:00
7335,5483,116,41212,spf,2026-01-30T23:41:27,1,Synthetic / Demo Data,2026-01-30T00:00:00
7336,5483,118,41214,spf,2026-01-31T03:00:16,1,Synthetic / Demo Data,2026-01-31T00:00:00
7337,5484,16,41228,cleansing,2026-09-04T17:21:32,1,Synthetic / Demo Data,2026-09-04T00:00:00
7338,5486,25,41231,toner,2026-05-24T17:30:34,1,Synthetic / Demo Data,2026-05-24T00:00:00
7339,5486,84,41233,moisturizer,2026-05-24T22:57:39,1,Synthetic / Demo Data,2026-05-24T00:00:00
7340,5486,7,41234,cleansing,2026-05-25T17:16:12,1,Synthetic / Demo Data,2026-05-25T00:00:00
7341,5486,28,41236,toner,2026-05-25T22:38:05,1,Synthetic / Demo Data,2026-05-25T00:00:00
7342,5486,116,41237,spf,2026-05-25T21:23:48,1,Synthetic / Demo Data,2026-05-25T00:00:00
7343,5489,56,41241,active,2026-07-22T05:45:48,0,Synthetic / Demo Data,2026-07-22T00:00:00
7344,5489,65,41244,active,2026-07-22T05:51:30,1,Synthetic / Demo Data,2026-07-22T00:00:00
7345,5489,83,41250,moisturizer,2026-07-29T07:27:33,0,Synthetic / Demo Data,2026-07-29T00:00:00
7346,5492,116,41263,spf,2026-02-18T14:57:57,1,Synthetic / Demo Data,2026-02-18T00:00:00
7347,5492,40,41264,toner,2026-02-18T20:55:02,1,Synthetic / Demo Data,2026-02-18T00:00:00
7348,5492,5,41267,cleansing,2026-02-19T08:15:36,1,Synthetic / Demo Data,2026-02-19T00:00:00
7349,5493,54,41271,active,2026-07-08T03:41:43,1,Synthetic / Demo Data,2026-07-08T00:00:00
7350,5493,65,41274,active,2026-07-15T00:25:01,1,Synthetic / Demo Data,2026-07-15T00:00:00
7351,5493,97,41277,spf,2026-07-15T04:38:14,1,Synthetic / Demo Data,2026-07-15T00:00:00
7352,5493,21,41279,cleansing,2026-07-22T17:34:28,1,Synthetic / Demo Data,2026-07-22T00:00:00
7353,5496,112,41297,spf,2026-06-28T00:45:26,1,Synthetic / Demo Data,2026-06-28T00:00:00
7354,5496,24,41301,cleansing,2026-06-29T21:57:57,1,Synthetic / Demo Data,2026-06-29T00:00:00
7355,5497,40,41303,toner,2026-05-21T08:37:10,1,Synthetic / Demo Data,2026-05-21T00:00:00
7356,5497,42,41308,toner,2026-05-31T09:20:20,1,Synthetic / Demo Data,2026-05-31T00:00:00
7357,5497,79,41309,moisturizer,2026-05-31T14:48:03,0,Synthetic / Demo Data,2026-05-31T00:00:00
7358,5497,66,41310,active,2026-05-31T09:14:35,1,Synthetic / Demo Data,2026-05-31T00:00:00
7359,5497,58,41311,active,2026-05-31T11:37:13,1,Synthetic / Demo Data,2026-05-31T00:00:00
7360,5497,33,41313,toner,2026-05-31T11:33:22,1,Synthetic / Demo Data,2026-05-31T00:00:00
7361,5498,68,41316,active,2026-01-06T14:45:13,1,Synthetic / Demo Data,2026-01-06T00:00:00
7362,5499,79,41325,moisturizer,2026-02-10T17:51:29,1,Synthetic / Demo Data,2026-02-10T00:00:00
7363,5499,63,41329,active,2026-02-27T07:48:45,1,Synthetic / Demo Data,2026-02-27T00:00:00
7364,5501,97,41340,spf,2026-02-24T08:09:52,1,Synthetic / Demo Data,2026-02-24T00:00:00
7365,5501,66,41344,active,2026-03-10T23:07:46,1,Synthetic / Demo Data,2026-03-10T00:00:00
7366,5501,18,41351,cleansing,2026-03-16T12:04:53,1,Synthetic / Demo Data,2026-03-16T00:00:00
7367,5502,49,41352,active,2026-02-13T13:38:26,1,Synthetic / Demo Data,2026-02-13T00:00:00
7368,5502,92,41353,moisturizer,2026-02-13T13:53:06,1,Synthetic / Demo Data,2026-02-13T00:00:00
7369,5504,55,41364,active,2026-08-05T03:04:09,0,Synthetic / Demo Data,2026-08-05T00:00:00
7370,5504,82,41370,moisturizer,2026-08-15T17:53:32,1,Synthetic / Demo Data,2026-08-15T00:00:00
7371,5504,57,41372,active,2026-08-15T18:37:42,1,Synthetic / Demo Data,2026-08-15T00:00:00
7372,5505,2,41381,cleansing,2026-03-10T01:33:38,1,Synthetic / Demo Data,2026-03-10T00:00:00
7373,5505,115,41382,spf,2026-03-25T02:23:36,0,Synthetic / Demo Data,2026-03-25T00:00:00
7374,5506,112,41390,spf,2026-06-04T04:52:05,1,Synthetic / Demo Data,2026-06-04T00:00:00
7375,5507,21,41399,cleansing,2026-01-28T17:15:57,1,Synthetic / Demo Data,2026-01-28T00:00:00
7376,5508,99,41407,spf,2026-07-14T04:55:32,1,Synthetic / Demo Data,2026-07-14T00:00:00
7377,5508,66,41409,active,2026-07-14T01:56:03,1,Synthetic / Demo Data,2026-07-14T00:00:00
7378,5508,20,41410,cleansing,2026-07-14T02:08:24,1,Synthetic / Demo Data,2026-07-14T00:00:00
7379,5508,80,41414,moisturizer,2026-07-21T01:05:46,1,Synthetic / Demo Data,2026-07-21T00:00:00
7380,5508,111,41416,spf,2026-07-21T03:04:54,1,Synthetic / Demo Data,2026-07-21T00:00:00
7381,5510,81,41423,moisturizer,2026-04-28T02:24:39,1,Synthetic / Demo Data,2026-04-28T00:00:00
7382,5510,38,41428,toner,2026-05-01T07:36:48,1,Synthetic / Demo Data,2026-05-01T00:00:00
7383,5511,115,41433,spf,2026-05-11T04:03:40,1,Synthetic / Demo Data,2026-05-11T00:00:00
7384,5511,67,41444,active,2026-05-16T14:33:28,1,Synthetic / Demo Data,2026-05-16T00:00:00
7385,5512,90,41447,moisturizer,2026-03-19T17:33:10,1,Synthetic / Demo Data,2026-03-19T00:00:00
7386,5512,88,41451,moisturizer,2026-03-23T11:18:18,1,Synthetic / Demo Data,2026-03-23T00:00:00
7387,5514,94,41454,moisturizer,2026-03-01T07:03:48,1,Synthetic / Demo Data,2026-03-01T00:00:00
7388,5514,116,41456,spf,2026-03-01T07:37:27,1,Synthetic / Demo Data,2026-03-01T00:00:00
7389,5514,40,41462,toner,2026-03-05T03:56:00,1,Synthetic / Demo Data,2026-03-05T00:00:00
7390,5514,18,41463,cleansing,2026-03-05T03:56:27,1,Synthetic / Demo Data,2026-03-05T00:00:00
7391,5515,9,41466,cleansing,2026-03-21T22:42:17,1,Synthetic / Demo Data,2026-03-21T00:00:00
7392,5515,68,41474,active,2026-03-26T11:05:48,1,Synthetic / Demo Data,2026-03-26T00:00:00
7393,5517,120,41477,spf,2026-07-26T22:38:28,1,Synthetic / Demo Data,2026-07-26T00:00:00
7394,5517,12,41485,cleansing,2026-07-28T02:09:45,1,Synthetic / Demo Data,2026-07-28T00:00:00
7395,5519,97,41489,spf,2026-06-27T01:58:20,0,Synthetic / Demo Data,2026-06-27T00:00:00
7396,5519,74,41491,moisturizer,2026-06-27T00:22:24,1,Synthetic / Demo Data,2026-06-27T00:00:00
7397,5519,52,41499,active,2026-07-07T03:39:02,1,Synthetic / Demo Data,2026-07-07T00:00:00
7398,5520,36,41504,toner,2026-05-22T17:18:54,1,Synthetic / Demo Data,2026-05-22T00:00:00
7399,5520,24,41505,cleansing,2026-05-22T14:17:49,0,Synthetic / Demo Data,2026-05-22T00:00:00
7400,5520,39,41509,toner,2026-05-29T22:47:01,1,Synthetic / Demo Data,2026-05-29T00:00:00
7401,5522,80,41514,moisturizer,2026-05-04T23:11:36,1,Synthetic / Demo Data,2026-05-04T00:00:00
7402,5522,89,41516,moisturizer,2026-05-10T00:28:42,1,Synthetic / Demo Data,2026-05-10T00:00:00
7403,5523,107,41525,spf,2026-07-18T11:25:06,1,Synthetic / Demo Data,2026-07-18T00:00:00
7404,5523,116,41531,spf,2026-07-19T00:20:21,1,Synthetic / Demo Data,2026-07-19T00:00:00
7405,5524,1,41539,cleansing,2026-04-18T20:14:42,0,Synthetic / Demo Data,2026-04-18T00:00:00
7406,5525,14,41552,cleansing,2026-08-02T06:19:09,1,Synthetic / Demo Data,2026-08-02T00:00:00
7407,5527,80,41555,moisturizer,2026-09-03T15:52:54,1,Synthetic / Demo Data,2026-09-03T00:00:00
7408,5527,112,41558,spf,2026-09-03T14:41:28,1,Synthetic / Demo Data,2026-09-03T00:00:00
7409,5529,10,41568,cleansing,2026-09-07T13:08:45,1,Synthetic / Demo Data,2026-09-07T00:00:00
7410,5529,44,41572,toner,2026-09-07T16:32:02,1,Synthetic / Demo Data,2026-09-07T00:00:00
7411,5531,10,41594,cleansing,2026-08-14T10:51:58,1,Synthetic / Demo Data,2026-08-14T00:00:00
7412,5532,1,41604,cleansing,2026-06-20T00:00:17,1,Synthetic / Demo Data,2026-06-20T00:00:00
7413,5532,112,41607,spf,2026-06-20T04:18:09,1,Synthetic / Demo Data,2026-06-20T00:00:00
7414,5533,104,41616,spf,2026-04-15T13:53:02,1,Synthetic / Demo Data,2026-04-15T00:00:00
7415,5534,97,41621,spf,2026-02-12T08:26:10,1,Synthetic / Demo Data,2026-02-12T00:00:00
7416,5534,104,41628,spf,2026-02-13T06:08:00,0,Synthetic / Demo Data,2026-02-13T00:00:00
7417,5535,51,41634,active,2026-08-12T03:55:11,1,Synthetic / Demo Data,2026-08-12T00:00:00
7418,5535,110,41635,spf,2026-08-12T04:30:21,1,Synthetic / Demo Data,2026-08-12T00:00:00
7419,5535,80,41637,moisturizer,2026-08-16T08:40:21,0,Synthetic / Demo Data,2026-08-16T00:00:00
7420,5535,55,41639,active,2026-08-16T11:05:35,1,Synthetic / Demo Data,2026-08-16T00:00:00
7421,5535,113,41641,spf,2026-08-16T06:06:28,1,Synthetic / Demo Data,2026-08-16T00:00:00
7422,5535,82,41644,moisturizer,2026-08-22T23:49:27,1,Synthetic / Demo Data,2026-08-22T00:00:00
7423,5536,90,41646,moisturizer,2026-08-25T02:47:03,1,Synthetic / Demo Data,2026-08-25T00:00:00
7424,5536,92,41650,moisturizer,2026-08-24T23:54:14,1,Synthetic / Demo Data,2026-08-24T00:00:00
7425,5537,24,41659,cleansing,2026-03-08T04:37:21,1,Synthetic / Demo Data,2026-03-08T00:00:00
7426,5537,55,41661,active,2026-03-08T06:13:22,1,Synthetic / Demo Data,2026-03-08T00:00:00
7427,5537,10,41668,cleansing,2026-03-14T02:56:33,1,Synthetic / Demo Data,2026-03-14T00:00:00
7428,5537,51,41669,active,2026-03-14T06:08:41,1,Synthetic / Demo Data,2026-03-14T00:00:00
7429,5537,34,41671,toner,2026-03-25T02:16:33,1,Synthetic / Demo Data,2026-03-25T00:00:00
7430,5538,94,41674,moisturizer,2026-05-05T00:14:02,1,Synthetic / Demo Data,2026-05-05T00:00:00
7431,5539,116,41682,spf,2026-07-03T17:25:48,1,Synthetic / Demo Data,2026-07-03T00:00:00
7432,5539,26,41684,toner,2026-07-03T18:59:00,1,Synthetic / Demo Data,2026-07-03T00:00:00
7433,5539,10,41686,cleansing,2026-07-09T10:19:28,1,Synthetic / Demo Data,2026-07-09T00:00:00
7434,5539,90,41687,moisturizer,2026-07-09T08:53:25,1,Synthetic / Demo Data,2026-07-09T00:00:00
7435,5539,84,41690,moisturizer,2026-07-09T07:12:12,1,Synthetic / Demo Data,2026-07-09T00:00:00
7436,5539,51,41691,active,2026-07-14T10:52:43,1,Synthetic / Demo Data,2026-07-14T00:00:00
7437,5540,106,41697,spf,2026-06-08T00:35:49,1,Synthetic / Demo Data,2026-06-08T00:00:00
7438,5540,61,41700,active,2026-06-08T05:04:33,1,Synthetic / Demo Data,2026-06-08T00:00:00
7439,5541,52,41709,active,2026-03-17T22:15:09,1,Synthetic / Demo Data,2026-03-17T00:00:00
7440,5543,9,41717,cleansing,2026-03-20T07:51:00,0,Synthetic / Demo Data,2026-03-20T00:00:00
7441,5543,72,41718,active,2026-03-20T08:00:50,1,Synthetic / Demo Data,2026-03-20T00:00:00
7442,5543,13,41719,cleansing,2026-03-26T20:23:03,1,Synthetic / Demo Data,2026-03-26T00:00:00
7443,5543,34,41720,toner,2026-03-26T20:59:30,1,Synthetic / Demo Data,2026-03-26T00:00:00
7444,5553,16,41743,cleansing,2026-09-18T10:01:50,1,Synthetic / Demo Data,2026-09-18T00:00:00
7445,5556,116,41747,spf,2026-04-05T17:03:13,1,Synthetic / Demo Data,2026-04-05T00:00:00
7446,5558,3,41770,cleansing,2026-02-13T01:59:47,0,Synthetic / Demo Data,2026-02-13T00:00:00
7447,5558,120,41771,spf,2026-02-13T00:07:51,1,Synthetic / Demo Data,2026-02-13T00:00:00
7448,5558,116,41772,spf,2026-02-13T04:34:03,1,Synthetic / Demo Data,2026-02-13T00:00:00
7449,5558,22,41774,cleansing,2026-02-15T00:05:07,1,Synthetic / Demo Data,2026-02-15T00:00:00
7450,5558,19,41780,cleansing,2026-02-27T03:51:08,1,Synthetic / Demo Data,2026-02-27T00:00:00
7451,5558,80,41781,moisturizer,2026-02-27T06:25:14,1,Synthetic / Demo Data,2026-02-27T00:00:00
7452,5561,85,41786,moisturizer,2026-04-20T07:25:55,1,Synthetic / Demo Data,2026-04-20T00:00:00
7453,5561,70,41788,active,2026-04-20T10:39:42,1,Synthetic / Demo Data,2026-04-20T00:00:00
7454,5561,19,41791,cleansing,2026-05-02T04:33:14,1,Synthetic / Demo Data,2026-05-02T00:00:00
7455,5561,81,41797,moisturizer,2026-05-12T16:53:18,1,Synthetic / Demo Data,2026-05-12T00:00:00
7456,5564,103,41827,spf,2026-04-12T00:15:18,1,Synthetic / Demo Data,2026-04-12T00:00:00
7457,5564,64,41830,active,2026-04-22T17:09:24,1,Synthetic / Demo Data,2026-04-22T00:00:00
7458,5564,111,41832,spf,2026-04-22T11:49:45,1,Synthetic / Demo Data,2026-04-22T00:00:00
7459,5564,61,41834,active,2026-04-23T06:34:39,1,Synthetic / Demo Data,2026-04-23T00:00:00
7460,5565,16,41836,cleansing,2026-06-08T02:33:02,1,Synthetic / Demo Data,2026-06-08T00:00:00
7461,5565,11,41840,cleansing,2026-06-07T21:17:42,1,Synthetic / Demo Data,2026-06-07T00:00:00
7462,5565,86,41841,moisturizer,2026-06-16T19:00:55,1,Synthetic / Demo Data,2026-06-16T00:00:00
7463,5565,38,41845,toner,2026-06-16T17:48:32,1,Synthetic / Demo Data,2026-06-16T00:00:00
7464,5565,63,41848,active,2026-06-20T21:18:55,1,Synthetic / Demo Data,2026-06-20T00:00:00
7465,5566,116,41857,spf,2026-07-17T21:25:25,1,Synthetic / Demo Data,2026-07-17T00:00:00
7466,5567,25,41868,toner,2026-08-01T04:23:46,1,Synthetic / Demo Data,2026-08-01T00:00:00
7467,5569,16,41870,cleansing,2026-02-18T09:57:34,1,Synthetic / Demo Data,2026-02-18T00:00:00
7468,5571,14,41892,cleansing,2026-08-10T18:00:56,1,Synthetic / Demo Data,2026-08-10T00:00:00
7469,5576,113,41915,spf,2026-08-25T10:42:25,1,Synthetic / Demo Data,2026-08-25T00:00:00
7470,5576,90,41916,moisturizer,2026-08-25T08:13:34,1,Synthetic / Demo Data,2026-08-25T00:00:00
7471,5577,40,41927,toner,2026-07-03T16:18:47,1,Synthetic / Demo Data,2026-07-03T00:00:00
7472,5578,112,41930,spf,2026-07-26T14:43:03,1,Synthetic / Demo Data,2026-07-26T00:00:00
7473,5578,77,41932,moisturizer,2026-07-26T10:39:27,1,Synthetic / Demo Data,2026-07-26T00:00:00
7474,5579,107,41941,spf,2026-06-09T09:20:45,1,Synthetic / Demo Data,2026-06-09T00:00:00
7475,5579,31,41944,toner,2026-06-09T12:23:21,1,Synthetic / Demo Data,2026-06-09T00:00:00
7476,5579,106,41948,spf,2026-06-17T06:28:43,1,Synthetic / Demo Data,2026-06-17T00:00:00
7477,5579,98,41952,spf,2026-06-18T03:12:45,1,Synthetic / Demo Data,2026-06-18T00:00:00
7478,5580,50,41957,active,2026-07-04T09:32:54,1,Synthetic / Demo Data,2026-07-04T00:00:00
7479,5580,42,41963,toner,2026-07-11T15:46:10,0,Synthetic / Demo Data,2026-07-11T00:00:00
7480,5580,97,41965,spf,2026-07-11T19:11:31,1,Synthetic / Demo Data,2026-07-11T00:00:00
7481,5582,90,41977,moisturizer,2026-04-08T05:30:33,1,Synthetic / Demo Data,2026-04-08T00:00:00
7482,5582,116,41978,spf,2026-04-08T10:00:11,1,Synthetic / Demo Data,2026-04-08T00:00:00
7483,5585,51,41982,active,2026-05-26T09:06:25,0,Synthetic / Demo Data,2026-05-26T00:00:00
7484,5585,28,41985,toner,2026-05-27T18:03:59,0,Synthetic / Demo Data,2026-05-27T00:00:00
7485,5585,101,41987,spf,2026-05-27T13:03:53,1,Synthetic / Demo Data,2026-05-27T00:00:00
7486,5585,94,41995,moisturizer,2026-06-05T19:07:52,1,Synthetic / Demo Data,2026-06-05T00:00:00
7487,5586,17,41999,cleansing,2026-05-03T15:13:13,1,Synthetic / Demo Data,2026-05-03T00:00:00
7488,5587,57,42016,active,2026-08-15T03:58:17,1,Synthetic / Demo Data,2026-08-15T00:00:00
7489,5589,27,42023,toner,2026-05-27T16:46:22,0,Synthetic / Demo Data,2026-05-27T00:00:00
7490,5589,112,42024,spf,2026-05-27T22:05:15,1,Synthetic / Demo Data,2026-05-27T00:00:00
7491,5589,54,42028,active,2026-05-29T03:34:30,1,Synthetic / Demo Data,2026-05-29T00:00:00
7492,5590,97,42033,spf,2026-07-16T04:31:25,1,Synthetic / Demo Data,2026-07-16T00:00:00
7493,5590,106,42034,spf,2026-07-16T06:28:47,0,Synthetic / Demo Data,2026-07-16T00:00:00
7494,5593,14,42047,cleansing,2026-02-18T07:54:52,1,Synthetic / Demo Data,2026-02-18T00:00:00
7495,5593,16,42052,cleansing,2026-02-19T07:39:11,0,Synthetic / Demo Data,2026-02-19T00:00:00
7496,5594,6,42061,cleansing,2026-08-24T14:09:17,1,Synthetic / Demo Data,2026-08-24T00:00:00
7497,5594,49,42062,active,2026-08-24T13:35:30,1,Synthetic / Demo Data,2026-08-24T00:00:00
7498,5594,55,42066,active,2026-09-07T13:41:47,1,Synthetic / Demo Data,2026-09-07T00:00:00
7499,5594,17,42071,cleansing,2026-09-11T10:18:47,0,Synthetic / Demo Data,2026-09-11T00:00:00
7500,5595,82,42072,moisturizer,2026-06-16T14:12:26,1,Synthetic / Demo Data,2026-06-16T00:00:00
7501,5595,11,42073,cleansing,2026-06-16T14:30:08,1,Synthetic / Demo Data,2026-06-16T00:00:00
7502,5596,27,42083,toner,2026-05-15T08:51:15,0,Synthetic / Demo Data,2026-05-15T00:00:00
7503,5596,82,42085,moisturizer,2026-05-30T22:00:08,1,Synthetic / Demo Data,2026-05-30T00:00:00
7504,5596,63,42086,active,2026-05-31T00:41:12,1,Synthetic / Demo Data,2026-05-31T00:00:00
7505,5598,116,42101,spf,2026-07-13T01:33:19,1,Synthetic / Demo Data,2026-07-13T00:00:00
7506,5598,90,42106,moisturizer,2026-07-13T20:00:15,1,Synthetic / Demo Data,2026-07-13T00:00:00
7507,5598,17,42108,cleansing,2026-07-13T20:28:49,1,Synthetic / Demo Data,2026-07-13T00:00:00
7508,5598,112,42112,spf,2026-07-21T13:39:36,1,Synthetic / Demo Data,2026-07-21T00:00:00
7509,5598,27,42113,toner,2026-07-21T09:54:58,1,Synthetic / Demo Data,2026-07-21T00:00:00
7510,5598,55,42115,active,2026-07-21T18:52:24,1,Synthetic / Demo Data,2026-07-21T00:00:00
7511,5599,19,42120,cleansing,2026-02-28T08:15:30,1,Synthetic / Demo Data,2026-02-28T00:00:00
7512,5599,116,42122,spf,2026-03-09T05:33:19,0,Synthetic / Demo Data,2026-03-09T00:00:00
7513,5600,90,42133,moisturizer,2026-09-22T21:28:05,0,Synthetic / Demo Data,2026-09-22T00:00:00
7514,5602,17,42136,cleansing,2026-07-28T14:51:25,1,Synthetic / Demo Data,2026-07-28T00:00:00
7515,5602,16,42137,cleansing,2026-07-28T14:34:10,1,Synthetic / Demo Data,2026-07-28T00:00:00
7516,5602,7,42138,cleansing,2026-07-28T16:31:53,1,Synthetic / Demo Data,2026-07-28T00:00:00
7517,5602,1,42139,cleansing,2026-07-28T10:10:49,1,Synthetic / Demo Data,2026-07-28T00:00:00
7518,5603,40,42151,toner,2026-07-25T19:22:45,1,Synthetic / Demo Data,2026-07-25T00:00:00
7519,5603,9,42157,cleansing,2026-07-29T19:57:39,1,Synthetic / Demo Data,2026-07-29T00:00:00
7520,5604,4,42165,cleansing,2026-08-22T13:22:45,1,Synthetic / Demo Data,2026-08-22T00:00:00
7521,5604,21,42169,cleansing,2026-08-25T11:53:44,1,Synthetic / Demo Data,2026-08-25T00:00:00
7522,5604,92,42170,moisturizer,2026-08-25T12:10:41,1,Synthetic / Demo Data,2026-08-25T00:00:00
7523,5605,97,42174,spf,2026-05-14T16:12:41,1,Synthetic / Demo Data,2026-05-14T00:00:00
7524,5606,68,42188,active,2026-02-06T17:50:15,1,Synthetic / Demo Data,2026-02-06T00:00:00
7525,5606,21,42193,cleansing,2026-02-11T06:38:09,1,Synthetic / Demo Data,2026-02-11T00:00:00
7526,5607,116,42198,spf,2026-02-21T03:41:47,1,Synthetic / Demo Data,2026-02-21T00:00:00
7527,5607,74,42200,moisturizer,2026-02-21T05:12:33,1,Synthetic / Demo Data,2026-02-21T00:00:00
7528,5607,53,42201,active,2026-02-21T09:03:01,1,Synthetic / Demo Data,2026-02-21T00:00:00
7529,5607,82,42205,moisturizer,2026-03-08T13:13:04,1,Synthetic / Demo Data,2026-03-08T00:00:00
7530,5610,76,42208,moisturizer,2026-05-30T20:17:54,0,Synthetic / Demo Data,2026-05-30T00:00:00
7531,5611,38,42219,toner,2026-08-27T21:16:46,1,Synthetic / Demo Data,2026-08-27T00:00:00
7532,5614,116,42232,spf,2026-04-01T07:08:19,1,Synthetic / Demo Data,2026-04-01T00:00:00
7533,5614,84,42235,moisturizer,2026-04-01T12:44:06,1,Synthetic / Demo Data,2026-04-01T00:00:00
7534,5614,74,42236,moisturizer,2026-04-01T08:29:36,1,Synthetic / Demo Data,2026-04-01T00:00:00
7535,5614,117,42239,spf,2026-04-07T08:46:04,1,Synthetic / Demo Data,2026-04-07T00:00:00
7536,5615,116,42245,spf,2026-08-09T06:39:24,1,Synthetic / Demo Data,2026-08-09T00:00:00
7537,5615,61,42249,active,2026-08-23T11:37:26,1,Synthetic / Demo Data,2026-08-23T00:00:00
7538,5615,18,42250,cleansing,2026-08-23T12:01:05,1,Synthetic / Demo Data,2026-08-23T00:00:00
7539,5617,74,42261,moisturizer,2026-01-26T13:51:51,1,Synthetic / Demo Data,2026-01-26T00:00:00
7540,5617,76,42265,moisturizer,2026-01-28T04:10:45,1,Synthetic / Demo Data,2026-01-28T00:00:00
7541,5618,19,42278,cleansing,2026-02-13T01:10:47,0,Synthetic / Demo Data,2026-02-13T00:00:00
7542,5620,18,42287,cleansing,2026-03-09T14:42:21,1,Synthetic / Demo Data,2026-03-09T00:00:00
7543,5620,76,42290,moisturizer,2026-03-25T07:26:05,1,Synthetic / Demo Data,2026-03-25T00:00:00
7544,5621,54,42301,active,2026-02-13T06:18:38,1,Synthetic / Demo Data,2026-02-13T00:00:00
7545,5621,38,42304,toner,2026-02-25T06:07:47,1,Synthetic / Demo Data,2026-02-25T00:00:00
7546,5623,85,42311,moisturizer,2026-05-03T05:21:26,1,Synthetic / Demo Data,2026-05-03T00:00:00
7547,5623,18,42313,cleansing,2026-05-13T10:30:03,1,Synthetic / Demo Data,2026-05-13T00:00:00
7548,5624,105,42317,spf,2026-07-28T11:01:09,1,Synthetic / Demo Data,2026-07-28T00:00:00
7549,5625,12,42328,cleansing,2026-09-03T10:43:38,1,Synthetic / Demo Data,2026-09-03T00:00:00
7550,5625,2,42332,cleansing,2026-09-03T11:32:54,1,Synthetic / Demo Data,2026-09-03T00:00:00
7551,5625,22,42335,cleansing,2026-09-18T09:55:20,1,Synthetic / Demo Data,2026-09-18T00:00:00
7552,5626,21,42343,cleansing,2026-07-02T07:22:20,1,Synthetic / Demo Data,2026-07-02T00:00:00
7553,5627,17,42347,cleansing,2026-08-29T05:26:23,0,Synthetic / Demo Data,2026-08-29T00:00:00
7554,5627,99,42351,spf,2026-09-01T04:01:14,1,Synthetic / Demo Data,2026-09-01T00:00:00
7555,5627,10,42352,cleansing,2026-09-01T00:40:54,0,Synthetic / Demo Data,2026-09-01T00:00:00
7556,5628,116,42367,spf,2026-03-03T02:30:47,1,Synthetic / Demo Data,2026-03-03T00:00:00
7557,5628,41,42368,toner,2026-03-03T04:24:24,1,Synthetic / Demo Data,2026-03-03T00:00:00
7558,5629,109,42371,spf,2026-04-30T02:25:06,1,Synthetic / Demo Data,2026-04-30T00:00:00
7559,5629,1,42372,cleansing,2026-04-29T21:58:08,1,Synthetic / Demo Data,2026-04-29T00:00:00
7560,5629,12,42373,cleansing,2026-04-30T02:45:34,1,Synthetic / Demo Data,2026-04-30T00:00:00
7561,5629,21,42376,cleansing,2026-05-05T09:34:12,1,Synthetic / Demo Data,2026-05-05T00:00:00
7562,5630,16,42386,cleansing,2026-08-04T18:52:30,1,Synthetic / Demo Data,2026-08-04T00:00:00
7563,5630,1,42388,cleansing,2026-08-04T20:49:48,1,Synthetic / Demo Data,2026-08-04T00:00:00
7564,5631,116,42397,spf,2026-06-10T07:27:35,1,Synthetic / Demo Data,2026-06-10T00:00:00
7565,5632,32,42402,toner,2026-07-06T06:02:13,1,Synthetic / Demo Data,2026-07-06T00:00:00
7566,5632,21,42405,cleansing,2026-07-14T01:46:19,1,Synthetic / Demo Data,2026-07-14T00:00:00
7567,5633,69,42417,active,2026-04-13T12:19:58,1,Synthetic / Demo Data,2026-04-13T00:00:00
7568,5633,22,42420,cleansing,2026-04-16T08:29:55,1,Synthetic / Demo Data,2026-04-16T00:00:00
7569,5635,78,42432,moisturizer,2026-02-15T00:40:41,1,Synthetic / Demo Data,2026-02-15T00:00:00
7570,5635,21,42436,cleansing,2026-02-19T00:36:43,1,Synthetic / Demo Data,2026-02-19T00:00:00
7571,5635,116,42437,spf,2026-02-18T19:32:54,0,Synthetic / Demo Data,2026-02-18T00:00:00
7572,5638,101,42448,spf,2026-02-17T10:52:10,1,Synthetic / Demo Data,2026-02-17T00:00:00
7573,5638,21,42453,cleansing,2026-02-22T03:32:53,1,Synthetic / Demo Data,2026-02-22T00:00:00
7574,5638,69,42456,active,2026-02-22T06:50:32,1,Synthetic / Demo Data,2026-02-22T00:00:00
7575,5638,106,42459,spf,2026-02-26T09:57:24,1,Synthetic / Demo Data,2026-02-26T00:00:00
7576,5644,116,42473,spf,2026-02-04T03:09:25,1,Synthetic / Demo Data,2026-02-04T00:00:00
7577,5644,1,42478,cleansing,2026-02-17T18:17:08,1,Synthetic / Demo Data,2026-02-17T00:00:00
7578,5645,63,42479,active,2026-02-09T19:05:02,1,Synthetic / Demo Data,2026-02-09T00:00:00
7579,5645,116,42487,spf,2026-02-11T12:44:34,1,Synthetic / Demo Data,2026-02-11T00:00:00
7580,5646,9,42496,cleansing,2026-07-12T05:05:27,1,Synthetic / Demo Data,2026-07-12T00:00:00
7581,5646,107,42498,spf,2026-07-12T07:28:01,1,Synthetic / Demo Data,2026-07-12T00:00:00
7582,5647,61,42503,active,2026-02-18T12:56:11,1,Synthetic / Demo Data,2026-02-18T00:00:00
7583,5647,14,42508,cleansing,2026-02-21T09:08:42,1,Synthetic / Demo Data,2026-02-21T00:00:00
7584,5648,27,42514,toner,2026-01-24T14:30:41,1,Synthetic / Demo Data,2026-01-24T00:00:00
7585,5651,94,42537,moisturizer,2026-01-29T00:36:46,1,Synthetic / Demo Data,2026-01-29T00:00:00
7586,5651,104,42539,spf,2026-01-29T02:33:43,1,Synthetic / Demo Data,2026-01-29T00:00:00
7587,5653,70,42555,active,2026-06-14T13:07:33,1,Synthetic / Demo Data,2026-06-14T00:00:00
7588,5654,65,42568,active,2026-08-12T23:32:15,1,Synthetic / Demo Data,2026-08-12T00:00:00
7589,5655,14,42572,cleansing,2026-06-16T07:07:03,1,Synthetic / Demo Data,2026-06-16T00:00:00
7590,5655,38,42578,toner,2026-06-27T03:32:13,1,Synthetic / Demo Data,2026-06-27T00:00:00
7591,5657,14,42588,cleansing,2026-05-16T17:33:29,1,Synthetic / Demo Data,2026-05-16T00:00:00
7592,5658,106,42591,spf,2026-06-14T00:37:16,1,Synthetic / Demo Data,2026-06-14T00:00:00
7593,5658,21,42594,cleansing,2026-06-13T21:46:36,1,Synthetic / Demo Data,2026-06-13T00:00:00
7594,5658,101,42599,spf,2026-06-15T18:53:23,1,Synthetic / Demo Data,2026-06-15T00:00:00
7595,5658,57,42601,active,2026-07-03T15:23:48,1,Synthetic / Demo Data,2026-07-03T00:00:00
7596,5658,42,42602,toner,2026-07-03T15:22:50,1,Synthetic / Demo Data,2026-07-03T00:00:00
7597,5659,7,42604,cleansing,2026-04-16T05:50:53,1,Synthetic / Demo Data,2026-04-16T00:00:00
7598,5659,12,42607,cleansing,2026-04-16T06:50:32,1,Synthetic / Demo Data,2026-04-16T00:00:00
7599,5659,92,42612,moisturizer,2026-04-28T06:25:12,0,Synthetic / Demo Data,2026-04-28T00:00:00
7600,5659,78,42614,moisturizer,2026-05-02T04:00:01,1,Synthetic / Demo Data,2026-05-02T00:00:00
7601,5661,12,42615,cleansing,2026-08-01T10:41:15,1,Synthetic / Demo Data,2026-08-01T00:00:00
7602,5662,82,42625,moisturizer,2026-06-15T10:58:52,1,Synthetic / Demo Data,2026-06-15T00:00:00
7603,5662,97,42630,spf,2026-06-20T10:07:46,1,Synthetic / Demo Data,2026-06-20T00:00:00
7604,5662,96,42632,moisturizer,2026-06-20T11:55:14,1,Synthetic / Demo Data,2026-06-20T00:00:00
7605,5664,12,42634,cleansing,2026-04-05T08:04:47,1,Synthetic / Demo Data,2026-04-05T00:00:00
7606,5664,25,42637,toner,2026-04-05T13:49:08,1,Synthetic / Demo Data,2026-04-05T00:00:00
7607,5664,61,42639,active,2026-04-05T09:10:21,1,Synthetic / Demo Data,2026-04-05T00:00:00
7608,5664,48,42640,toner,2026-04-05T10:19:25,1,Synthetic / Demo Data,2026-04-05T00:00:00
7609,5666,39,42650,toner,2026-08-31T20:06:49,1,Synthetic / Demo Data,2026-08-31T00:00:00
7610,5666,21,42654,cleansing,2026-09-01T23:37:04,1,Synthetic / Demo Data,2026-09-01T00:00:00
7611,5669,105,42664,spf,2026-04-19T06:08:57,1,Synthetic / Demo Data,2026-04-19T00:00:00
7612,5669,1,42665,cleansing,2026-04-19T07:48:37,1,Synthetic / Demo Data,2026-04-19T00:00:00
7613,5674,111,42682,spf,2026-05-19T22:50:25,1,Synthetic / Demo Data,2026-05-19T00:00:00
7614,5679,19,42694,cleansing,2026-07-02T09:26:00,0,Synthetic / Demo Data,2026-07-02T00:00:00
7615,5680,21,42700,cleansing,2026-08-13T12:19:16,1,Synthetic / Demo Data,2026-08-13T00:00:00
7616,5681,66,42714,active,2026-05-26T21:40:50,1,Synthetic / Demo Data,2026-05-26T00:00:00
7617,5683,40,42732,toner,2026-08-29T00:35:44,1,Synthetic / Demo Data,2026-08-29T00:00:00
7618,5683,81,42736,moisturizer,2026-08-28T22:05:55,1,Synthetic / Demo Data,2026-08-28T00:00:00
7619,5686,106,42739,spf,2026-08-10T08:31:28,1,Synthetic / Demo Data,2026-08-10T00:00:00
7620,5686,48,42743,toner,2026-08-16T07:14:27,1,Synthetic / Demo Data,2026-08-16T00:00:00
7621,5688,105,42752,spf,2026-03-13T10:17:06,1,Synthetic / Demo Data,2026-03-13T00:00:00
7622,5688,106,42754,spf,2026-03-13T08:44:09,1,Synthetic / Demo Data,2026-03-13T00:00:00
7623,5688,20,42757,cleansing,2026-03-15T09:14:42,1,Synthetic / Demo Data,2026-03-15T00:00:00
7624,5688,14,42758,cleansing,2026-03-15T06:35:28,1,Synthetic / Demo Data,2026-03-15T00:00:00
7625,5689,107,42768,spf,2026-06-17T12:30:37,1,Synthetic / Demo Data,2026-06-17T00:00:00
7626,5690,42,42774,toner,2026-03-17T16:19:49,1,Synthetic / Demo Data,2026-03-17T00:00:00
7627,5690,74,42776,moisturizer,2026-03-17T16:38:13,1,Synthetic / Demo Data,2026-03-17T00:00:00
7628,5691,9,42784,cleansing,2026-03-19T19:24:57,1,Synthetic / Demo Data,2026-03-19T00:00:00
7629,5691,1,42787,cleansing,2026-03-19T19:38:38,0,Synthetic / Demo Data,2026-03-19T00:00:00
7630,5693,90,42806,moisturizer,2026-05-28T23:56:20,1,Synthetic / Demo Data,2026-05-28T00:00:00
7631,5695,49,42824,active,2026-05-05T22:05:40,1,Synthetic / Demo Data,2026-05-05T00:00:00
7632,5695,21,42826,cleansing,2026-05-06T02:29:48,1,Synthetic / Demo Data,2026-05-06T00:00:00
7633,5695,39,42830,toner,2026-05-06T06:47:46,1,Synthetic / Demo Data,2026-05-06T00:00:00
7634,5696,63,42833,active,2026-06-27T10:28:37,1,Synthetic / Demo Data,2026-06-27T00:00:00
7635,5696,35,42835,toner,2026-06-27T15:01:40,1,Synthetic / Demo Data,2026-06-27T00:00:00
7636,5696,1,42838,cleansing,2026-07-05T04:11:18,1,Synthetic / Demo Data,2026-07-05T00:00:00
7637,5696,67,42840,active,2026-07-04T23:39:20,1,Synthetic / Demo Data,2026-07-04T00:00:00
7638,5696,14,42843,cleansing,2026-07-05T15:36:03,1,Synthetic / Demo Data,2026-07-05T00:00:00
7639,5696,18,42846,cleansing,2026-07-05T15:17:53,1,Synthetic / Demo Data,2026-07-05T00:00:00
7640,5699,1,42849,cleansing,2026-03-12T13:27:50,1,Synthetic / Demo Data,2026-03-12T00:00:00
7641,5699,21,42851,cleansing,2026-03-12T13:54:09,1,Synthetic / Demo Data,2026-03-12T00:00:00
7642,5702,16,42858,cleansing,2026-02-07T09:18:20,1,Synthetic / Demo Data,2026-02-07T00:00:00
7643,5704,66,42878,active,2026-05-21T02:58:58,0,Synthetic / Demo Data,2026-05-21T00:00:00
7644,5704,94,42880,moisturizer,2026-05-31T11:06:27,1,Synthetic / Demo Data,2026-05-31T00:00:00
7645,5705,97,42881,spf,2026-07-09T19:27:41,1,Synthetic / Demo Data,2026-07-09T00:00:00
7646,5705,21,42886,cleansing,2026-07-12T01:52:32,1,Synthetic / Demo Data,2026-07-12T00:00:00
7647,5705,103,42888,spf,2026-07-11T22:33:25,1,Synthetic / Demo Data,2026-07-11T00:00:00
7648,5705,42,42889,toner,2026-07-12T02:32:47,1,Synthetic / Demo Data,2026-07-12T00:00:00
7649,5707,12,42910,cleansing,2026-01-20T07:23:43,1,Synthetic / Demo Data,2026-01-20T00:00:00
7650,5707,27,42913,toner,2026-01-25T05:53:53,1,Synthetic / Demo Data,2026-01-25T00:00:00
7651,5711,68,42915,active,2026-02-26T03:17:04,1,Synthetic / Demo Data,2026-02-26T00:00:00
7652,5711,76,42920,moisturizer,2026-02-28T05:49:00,1,Synthetic / Demo Data,2026-02-28T00:00:00
7653,5711,64,42921,active,2026-02-28T08:32:45,0,Synthetic / Demo Data,2026-02-28T00:00:00
7654,5712,103,42923,spf,2026-06-08T19:34:13,0,Synthetic / Demo Data,2026-06-08T00:00:00
7655,5714,21,42938,cleansing,2026-01-10T08:28:59,1,Synthetic / Demo Data,2026-01-10T00:00:00
7656,5714,107,42943,spf,2026-01-10T20:49:12,0,Synthetic / Demo Data,2026-01-10T00:00:00
7657,5714,109,42945,spf,2026-01-11T02:45:04,1,Synthetic / Demo Data,2026-01-11T00:00:00
7658,5714,40,42946,toner,2026-01-11T03:06:06,1,Synthetic / Demo Data,2026-01-11T00:00:00
7659,5716,66,42953,active,2026-04-06T13:44:58,0,Synthetic / Demo Data,2026-04-06T00:00:00
7660,5716,1,42956,cleansing,2026-04-13T13:18:12,1,Synthetic / Demo Data,2026-04-13T00:00:00
7661,5716,114,42959,spf,2026-04-14T01:08:08,1,Synthetic / Demo Data,2026-04-14T00:00:00
7662,5721,91,42984,moisturizer,2026-02-17T12:00:05,1,Synthetic / Demo Data,2026-02-17T00:00:00
7663,5721,34,42989,toner,2026-02-21T13:39:54,1,Synthetic / Demo Data,2026-02-21T00:00:00
7664,5721,18,42990,cleansing,2026-02-21T19:36:57,1,Synthetic / Demo Data,2026-02-21T00:00:00
7665,5721,89,42991,moisturizer,2026-02-21T17:30:53,1,Synthetic / Demo Data,2026-02-21T00:00:00
7666,5722,109,42993,spf,2026-08-20T17:44:25,1,Synthetic / Demo Data,2026-08-20T00:00:00
7667,5723,5,43001,cleansing,2026-03-17T05:21:22,1,Synthetic / Demo Data,2026-03-17T00:00:00
7668,5723,34,43005,toner,2026-03-17T04:47:33,1,Synthetic / Demo Data,2026-03-17T00:00:00
7669,5723,17,43007,cleansing,2026-03-22T03:58:17,1,Synthetic / Demo Data,2026-03-22T00:00:00
7670,5724,21,43014,cleansing,2026-04-21T03:59:25,1,Synthetic / Demo Data,2026-04-21T00:00:00
7671,5724,63,43016,active,2026-04-21T06:12:52,1,Synthetic / Demo Data,2026-04-21T00:00:00
7672,5724,46,43020,toner,2026-05-01T18:53:38,1,Synthetic / Demo Data,2026-05-01T00:00:00
7673,5728,116,43044,spf,2026-09-13T16:12:27,1,Synthetic / Demo Data,2026-09-13T00:00:00
7674,5728,104,43045,spf,2026-09-13T13:30:04,1,Synthetic / Demo Data,2026-09-13T00:00:00
7675,5728,4,43051,cleansing,2026-09-14T03:08:26,1,Synthetic / Demo Data,2026-09-14T00:00:00
7676,5730,110,43067,spf,2026-07-28T23:30:04,1,Synthetic / Demo Data,2026-07-28T00:00:00
7677,5732,34,43073,toner,2026-07-27T20:05:20,1,Synthetic / Demo Data,2026-07-27T00:00:00
7678,5733,106,43088,spf,2026-07-16T13:35:23,1,Synthetic / Demo Data,2026-07-16T00:00:00
7679,5734,51,43093,active,2026-04-29T20:02:07,1,Synthetic / Demo Data,2026-04-29T00:00:00
7680,5734,92,43099,moisturizer,2026-05-02T03:06:32,1,Synthetic / Demo Data,2026-05-02T00:00:00
7681,5735,14,43102,cleansing,2026-01-30T21:43:28,1,Synthetic / Demo Data,2026-01-30T00:00:00
7682,5735,80,43104,moisturizer,2026-01-30T18:57:37,1,Synthetic / Demo Data,2026-01-30T00:00:00
7683,5735,51,43105,active,2026-01-30T21:01:27,1,Synthetic / Demo Data,2026-01-30T00:00:00
7684,5736,13,43110,cleansing,2026-07-29T04:46:43,1,Synthetic / Demo Data,2026-07-29T00:00:00
7685,5736,24,43111,cleansing,2026-07-29T05:45:26,1,Synthetic / Demo Data,2026-07-29T00:00:00
7686,5736,66,43112,active,2026-07-29T04:43:42,1,Synthetic / Demo Data,2026-07-29T00:00:00
7687,5736,99,43114,spf,2026-08-17T04:32:21,1,Synthetic / Demo Data,2026-08-17T00:00:00
7688,5737,112,43117,spf,2026-06-08T21:39:41,1,Synthetic / Demo Data,2026-06-08T00:00:00
7689,5738,75,43129,moisturizer,2026-05-27T19:21:46,1,Synthetic / Demo Data,2026-05-27T00:00:00
7690,5738,9,43133,cleansing,2026-05-30T22:46:09,1,Synthetic / Demo Data,2026-05-30T00:00:00
7691,5738,67,43134,active,2026-05-31T06:15:37,1,Synthetic / Demo Data,2026-05-31T00:00:00
7692,5738,28,43136,toner,2026-06-08T17:31:26,1,Synthetic / Demo Data,2026-06-08T00:00:00
7693,5739,74,43144,moisturizer,2026-02-27T22:32:32,1,Synthetic / Demo Data,2026-02-27T00:00:00
7694,5740,92,43155,moisturizer,2026-03-28T14:28:43,1,Synthetic / Demo Data,2026-03-28T00:00:00
7695,5741,10,43164,cleansing,2026-05-27T03:52:59,0,Synthetic / Demo Data,2026-05-27T00:00:00
7696,5742,73,43174,moisturizer,2026-02-17T03:54:59,1,Synthetic / Demo Data,2026-02-17T00:00:00
7697,5742,17,43179,cleansing,2026-02-22T03:54:15,0,Synthetic / Demo Data,2026-02-22T00:00:00
7698,5743,106,43186,spf,2026-07-10T02:33:21,1,Synthetic / Demo Data,2026-07-10T00:00:00
7699,5743,27,43189,toner,2026-07-10T02:54:31,1,Synthetic / Demo Data,2026-07-10T00:00:00
7700,5743,21,43192,cleansing,2026-07-16T17:58:44,1,Synthetic / Demo Data,2026-07-16T00:00:00
7701,5745,80,43195,moisturizer,2026-07-14T19:11:20,1,Synthetic / Demo Data,2026-07-14T00:00:00
7702,5745,37,43198,toner,2026-07-17T20:41:46,1,Synthetic / Demo Data,2026-07-17T00:00:00
7703,5745,26,43199,toner,2026-07-17T16:32:03,1,Synthetic / Demo Data,2026-07-17T00:00:00
7704,5745,66,43202,active,2026-07-17T19:16:23,1,Synthetic / Demo Data,2026-07-17T00:00:00
7705,5746,74,43203,moisturizer,2026-07-30T10:15:39,1,Synthetic / Demo Data,2026-07-30T00:00:00
7706,5746,28,43204,toner,2026-07-30T09:55:11,0,Synthetic / Demo Data,2026-07-30T00:00:00
7707,5747,88,43217,moisturizer,2026-07-20T10:33:00,1,Synthetic / Demo Data,2026-07-20T00:00:00
7708,5747,69,43218,active,2026-07-20T11:55:00,0,Synthetic / Demo Data,2026-07-20T00:00:00
7709,5747,82,43221,moisturizer,2026-07-20T09:06:10,1,Synthetic / Demo Data,2026-07-20T00:00:00
7710,5748,70,43228,active,2026-02-05T22:22:28,1,Synthetic / Demo Data,2026-02-05T00:00:00
7711,5748,22,43231,cleansing,2026-02-05T19:34:06,1,Synthetic / Demo Data,2026-02-05T00:00:00
7712,5748,12,43232,cleansing,2026-02-05T22:21:38,1,Synthetic / Demo Data,2026-02-05T00:00:00
7713,5749,108,43233,spf,2026-06-23T05:24:28,1,Synthetic / Demo Data,2026-06-23T00:00:00
7714,5749,82,43235,moisturizer,2026-06-23T10:11:18,1,Synthetic / Demo Data,2026-06-23T00:00:00
7715,5749,5,43241,cleansing,2026-06-25T00:40:58,1,Synthetic / Demo Data,2026-06-25T00:00:00
7716,5750,64,43244,active,2026-05-09T05:39:27,1,Synthetic / Demo Data,2026-05-09T00:00:00
7717,5751,65,43258,active,2026-03-17T21:44:20,1,Synthetic / Demo Data,2026-03-17T00:00:00
7718,5752,68,43270,active,2026-09-12T05:01:52,1,Synthetic / Demo Data,2026-09-12T00:00:00
7719,5752,107,43279,spf,2026-09-17T23:50:06,1,Synthetic / Demo Data,2026-09-17T00:00:00
7720,5753,40,43284,toner,2026-07-07T14:12:54,1,Synthetic / Demo Data,2026-07-07T00:00:00
7721,5753,18,43285,cleansing,2026-07-19T00:28:34,1,Synthetic / Demo Data,2026-07-19T00:00:00
7722,5754,114,43290,spf,2026-04-13T04:30:31,1,Synthetic / Demo Data,2026-04-13T00:00:00
7723,5754,65,43299,active,2026-04-18T05:12:00,1,Synthetic / Demo Data,2026-04-18T00:00:00
7724,5756,112,43306,spf,2026-05-13T00:54:03,1,Synthetic / Demo Data,2026-05-13T00:00:00
7725,5756,109,43312,spf,2026-05-19T05:49:06,1,Synthetic / Demo Data,2026-05-19T00:00:00
7726,5757,24,43320,cleansing,2026-02-09T05:29:35,1,Synthetic / Demo Data,2026-02-09T00:00:00
7727,5757,38,43324,toner,2026-02-13T08:59:58,1,Synthetic / Demo Data,2026-02-13T00:00:00
7728,5762,82,43339,moisturizer,2026-04-24T00:41:09,1,Synthetic / Demo Data,2026-04-24T00:00:00
7729,5762,63,43340,active,2026-04-23T21:29:11,1,Synthetic / Demo Data,2026-04-23T00:00:00
7730,5762,18,43343,cleansing,2026-04-24T20:41:05,1,Synthetic / Demo Data,2026-04-24T00:00:00
7731,5763,74,43358,moisturizer,2026-07-06T16:46:43,1,Synthetic / Demo Data,2026-07-06T00:00:00
7732,5764,52,43363,active,2026-02-24T21:31:25,1,Synthetic / Demo Data,2026-02-24T00:00:00
7733,5765,82,43366,moisturizer,2026-07-27T19:44:09,1,Synthetic / Demo Data,2026-07-27T00:00:00
7734,5768,7,43374,cleansing,2026-01-28T00:23:37,1,Synthetic / Demo Data,2026-01-28T00:00:00
7735,5769,1,43385,cleansing,2026-03-19T21:49:22,1,Synthetic / Demo Data,2026-03-19T00:00:00
7736,5769,99,43388,spf,2026-03-24T06:59:24,1,Synthetic / Demo Data,2026-03-24T00:00:00
7737,5769,40,43392,toner,2026-03-24T03:04:18,1,Synthetic / Demo Data,2026-03-24T00:00:00
7738,5770,63,43395,active,2026-07-29T05:59:17,1,Synthetic / Demo Data,2026-07-29T00:00:00
7739,5770,15,43399,cleansing,2026-08-04T00:31:01,1,Synthetic / Demo Data,2026-08-04T00:00:00
7740,5770,6,43400,cleansing,2026-08-04T01:30:44,1,Synthetic / Demo Data,2026-08-04T00:00:00
7741,5770,104,43402,spf,2026-08-03T21:40:10,1,Synthetic / Demo Data,2026-08-03T00:00:00
7742,5770,116,43403,spf,2026-08-07T07:10:06,1,Synthetic / Demo Data,2026-08-07T00:00:00
7743,5771,92,43404,moisturizer,2026-04-02T20:59:45,1,Synthetic / Demo Data,2026-04-02T00:00:00
7744,5771,69,43408,active,2026-04-03T00:08:07,1,Synthetic / Demo Data,2026-04-03T00:00:00
7745,5771,67,43411,active,2026-04-04T06:27:44,1,Synthetic / Demo Data,2026-04-04T00:00:00
7746,5771,116,43413,spf,2026-04-04T10:37:38,1,Synthetic / Demo Data,2026-04-04T00:00:00
7747,5773,112,43417,spf,2026-07-15T00:05:36,1,Synthetic / Demo Data,2026-07-15T00:00:00
7748,5773,66,43421,active,2026-07-14T23:12:09,1,Synthetic / Demo Data,2026-07-14T00:00:00
7749,5773,84,43423,moisturizer,2026-07-18T23:35:53,1,Synthetic / Demo Data,2026-07-18T00:00:00
7750,5773,80,43427,moisturizer,2026-07-28T04:30:54,1,Synthetic / Demo Data,2026-07-28T00:00:00
7751,5773,16,43429,cleansing,2026-07-28T00:46:55,1,Synthetic / Demo Data,2026-07-28T00:00:00
7752,5775,56,43440,active,2026-03-03T16:37:51,1,Synthetic / Demo Data,2026-03-03T00:00:00
7753,5775,55,43444,active,2026-03-03T13:46:10,1,Synthetic / Demo Data,2026-03-03T00:00:00
7754,5775,72,43450,active,2026-03-07T14:08:25,1,Synthetic / Demo Data,2026-03-07T00:00:00
7755,5779,63,43455,active,2026-06-28T10:47:52,1,Synthetic / Demo Data,2026-06-28T00:00:00
7756,5779,107,43461,spf,2026-06-30T17:13:38,1,Synthetic / Demo Data,2026-06-30T00:00:00
7757,5780,79,43469,moisturizer,2026-06-01T23:34:20,1,Synthetic / Demo Data,2026-06-01T00:00:00
7758,5781,27,43477,toner,2026-05-24T08:07:19,0,Synthetic / Demo Data,2026-05-24T00:00:00
7759,5782,58,43489,active,2026-02-26T15:23:40,1,Synthetic / Demo Data,2026-02-26T00:00:00
7760,5782,55,43492,active,2026-02-26T15:21:33,1,Synthetic / Demo Data,2026-02-26T00:00:00
7761,5782,106,43495,spf,2026-03-01T23:43:30,1,Synthetic / Demo Data,2026-03-01T00:00:00
7762,5785,74,43521,moisturizer,2026-07-06T21:04:41,1,Synthetic / Demo Data,2026-07-06T00:00:00
7763,5786,63,43527,active,2026-05-18T01:21:52,1,Synthetic / Demo Data,2026-05-18T00:00:00
7764,5786,39,43530,toner,2026-05-18T04:58:55,1,Synthetic / Demo Data,2026-05-18T00:00:00
7765,5786,74,43532,moisturizer,2026-05-18T04:42:31,1,Synthetic / Demo Data,2026-05-18T00:00:00
7766,5786,10,43533,cleansing,2026-05-18T09:58:27,0,Synthetic / Demo Data,2026-05-18T00:00:00
7767,5786,7,43538,cleansing,2026-05-27T09:26:22,1,Synthetic / Demo Data,2026-05-27T00:00:00
7768,5786,8,43539,cleansing,2026-05-27T06:47:47,1,Synthetic / Demo Data,2026-05-27T00:00:00
7769,5787,74,43541,moisturizer,2026-03-15T10:43:18,1,Synthetic / Demo Data,2026-03-15T00:00:00
7770,5787,41,43546,toner,2026-03-19T07:06:25,1,Synthetic / Demo Data,2026-03-19T00:00:00
7771,5787,97,43549,spf,2026-03-19T08:14:01,1,Synthetic / Demo Data,2026-03-19T00:00:00
7772,5793,30,43555,toner,2026-08-06T10:05:35,1,Synthetic / Demo Data,2026-08-06T00:00:00
7773,5797,21,43564,cleansing,2026-05-12T20:23:54,1,Synthetic / Demo Data,2026-05-12T00:00:00
7774,5797,61,43565,active,2026-05-12T18:41:30,1,Synthetic / Demo Data,2026-05-12T00:00:00
7775,5799,18,43579,cleansing,2026-02-05T01:41:32,1,Synthetic / Demo Data,2026-02-05T00:00:00
7776,5803,28,43590,toner,2026-08-03T20:49:07,1,Synthetic / Demo Data,2026-08-03T00:00:00
7777,5803,14,43592,cleansing,2026-08-03T18:58:58,1,Synthetic / Demo Data,2026-08-03T00:00:00
7778,5803,90,43601,moisturizer,2026-08-18T18:52:58,1,Synthetic / Demo Data,2026-08-18T00:00:00
7779,5805,97,43615,spf,2026-09-02T18:09:32,1,Synthetic / Demo Data,2026-09-02T00:00:00
7780,5805,12,43616,cleansing,2026-09-09T23:21:18,1,Synthetic / Demo Data,2026-09-09T00:00:00
7781,5808,112,43631,spf,2026-03-16T13:14:29,1,Synthetic / Demo Data,2026-03-16T00:00:00
7782,5808,37,43633,toner,2026-03-16T22:51:33,0,Synthetic / Demo Data,2026-03-16T00:00:00
7783,5810,74,43644,moisturizer,2026-01-25T14:37:01,1,Synthetic / Demo Data,2026-01-25T00:00:00
7784,5811,88,43646,moisturizer,2026-04-07T09:42:32,1,Synthetic / Demo Data,2026-04-07T00:00:00
7785,5811,55,43649,active,2026-04-07T08:28:00,1,Synthetic / Demo Data,2026-04-07T00:00:00
7786,5811,75,43653,moisturizer,2026-04-24T05:08:54,1,Synthetic / Demo Data,2026-04-24T00:00:00
7787,5811,18,43658,cleansing,2026-04-26T10:47:01,1,Synthetic / Demo Data,2026-04-26T00:00:00
7788,5812,60,43659,active,2026-08-09T14:16:56,1,Synthetic / Demo Data,2026-08-09T00:00:00
7789,5812,14,43664,cleansing,2026-08-12T14:09:51,1,Synthetic / Demo Data,2026-08-12T00:00:00
7790,5812,38,43667,toner,2026-08-12T20:08:14,1,Synthetic / Demo Data,2026-08-12T00:00:00
7791,5814,34,43672,toner,2026-03-09T12:16:39,1,Synthetic / Demo Data,2026-03-09T00:00:00
7792,5814,84,43673,moisturizer,2026-03-09T14:41:08,1,Synthetic / Demo Data,2026-03-09T00:00:00
7793,5815,21,43687,cleansing,2026-05-26T00:44:08,1,Synthetic / Demo Data,2026-05-26T00:00:00
7794,5815,83,43688,moisturizer,2026-05-26T03:02:18,1,Synthetic / Demo Data,2026-05-26T00:00:00
7795,5815,107,43691,spf,2026-05-26T19:48:02,1,Synthetic / Demo Data,2026-05-26T00:00:00
7796,5815,20,43693,cleansing,2026-05-26T15:39:26,1,Synthetic / Demo Data,2026-05-26T00:00:00
7797,5816,1,43694,cleansing,2026-03-01T11:24:12,1,Synthetic / Demo Data,2026-03-01T00:00:00
7798,5816,74,43703,moisturizer,2026-03-11T22:54:34,1,Synthetic / Demo Data,2026-03-11T00:00:00
7799,5817,24,43705,cleansing,2026-03-31T17:17:23,1,Synthetic / Demo Data,2026-03-31T00:00:00
7800,5817,3,43711,cleansing,2026-04-01T13:53:47,1,Synthetic / Demo Data,2026-04-01T00:00:00
7801,5817,112,43712,spf,2026-04-01T15:01:00,1,Synthetic / Demo Data,2026-04-01T00:00:00
7802,5817,66,43713,active,2026-04-01T14:09:23,1,Synthetic / Demo Data,2026-04-01T00:00:00
7803,5818,1,43716,cleansing,2026-07-27T19:43:56,1,Synthetic / Demo Data,2026-07-27T00:00:00
7804,5818,109,43725,spf,2026-08-03T06:23:34,1,Synthetic / Demo Data,2026-08-03T00:00:00
7805,5818,14,43726,cleansing,2026-08-04T10:55:12,1,Synthetic / Demo Data,2026-08-04T00:00:00
7806,5820,8,43744,cleansing,2026-05-15T22:36:24,1,Synthetic / Demo Data,2026-05-15T00:00:00
7807,5821,116,43751,spf,2026-02-06T04:36:45,1,Synthetic / Demo Data,2026-02-06T00:00:00
7808,5821,97,43752,spf,2026-02-12T10:17:45,1,Synthetic / Demo Data,2026-02-12T00:00:00
7809,5822,110,43759,spf,2026-07-07T02:02:32,1,Synthetic / Demo Data,2026-07-07T00:00:00
7810,5823,7,43763,cleansing,2026-06-16T16:10:30,1,Synthetic / Demo Data,2026-06-16T00:00:00
7811,5823,1,43764,cleansing,2026-06-16T11:01:54,1,Synthetic / Demo Data,2026-06-16T00:00:00
7812,5827,84,43777,moisturizer,2026-02-19T21:28:48,1,Synthetic / Demo Data,2026-02-19T00:00:00
7813,5827,116,43779,spf,2026-02-19T22:46:30,1,Synthetic / Demo Data,2026-02-19T00:00:00
7814,5827,40,43786,toner,2026-02-24T10:28:58,1,Synthetic / Demo Data,2026-02-24T00:00:00
7815,5830,6,43809,cleansing,2026-04-05T17:23:58,1,Synthetic / Demo Data,2026-04-05T00:00:00
7816,5830,116,43814,spf,2026-04-14T17:56:53,0,Synthetic / Demo Data,2026-04-14T00:00:00
7817,5831,66,43821,active,2026-04-17T22:36:23,0,Synthetic / Demo Data,2026-04-17T00:00:00
7818,5832,67,43835,active,2026-02-27T20:57:29,1,Synthetic / Demo Data,2026-02-27T00:00:00
7819,5833,55,43842,active,2026-07-02T19:42:21,1,Synthetic / Demo Data,2026-07-02T00:00:00
7820,5833,17,43843,cleansing,2026-07-03T00:24:45,0,Synthetic / Demo Data,2026-07-03T00:00:00
7821,5833,62,43847,active,2026-07-09T23:16:31,1,Synthetic / Demo Data,2026-07-09T00:00:00
7822,5834,21,43854,cleansing,2026-06-24T18:43:21,1,Synthetic / Demo Data,2026-06-24T00:00:00
7823,5834,41,43857,toner,2026-06-24T14:06:41,1,Synthetic / Demo Data,2026-06-24T00:00:00
7824,5834,7,43859,cleansing,2026-06-30T19:31:14,1,Synthetic / Demo Data,2026-06-30T00:00:00
7825,5836,106,43875,spf,2026-03-10T16:55:41,1,Synthetic / Demo Data,2026-03-10T00:00:00
7826,5836,66,43876,active,2026-03-10T18:40:02,1,Synthetic / Demo Data,2026-03-10T00:00:00
7827,5836,22,43877,cleansing,2026-03-10T15:27:25,1,Synthetic / Demo Data,2026-03-10T00:00:00
7828,5837,82,43879,moisturizer,2026-07-27T23:04:24,1,Synthetic / Demo Data,2026-07-27T00:00:00
7829,5837,3,43880,cleansing,2026-07-27T18:05:54,1,Synthetic / Demo Data,2026-07-27T00:00:00
7830,5837,6,43883,cleansing,2026-07-27T22:11:07,1,Synthetic / Demo Data,2026-07-27T00:00:00
7831,5838,19,43896,cleansing,2026-06-11T16:02:29,1,Synthetic / Demo Data,2026-06-11T00:00:00
7832,5839,63,43903,active,2026-09-21T09:52:54,1,Synthetic / Demo Data,2026-09-21T00:00:00
7833,5842,59,43909,active,2026-02-17T23:45:57,1,Synthetic / Demo Data,2026-02-17T00:00:00
7834,5843,78,43925,moisturizer,2026-08-31T09:18:20,1,Synthetic / Demo Data,2026-08-31T00:00:00
7835,5843,55,43934,active,2026-09-14T13:28:03,1,Synthetic / Demo Data,2026-09-14T00:00:00
7836,5844,70,43938,active,2026-09-06T15:40:37,0,Synthetic / Demo Data,2026-09-06T00:00:00
7837,5845,12,43949,cleansing,2026-01-31T16:07:36,0,Synthetic / Demo Data,2026-01-31T00:00:00
7838,5845,14,43952,cleansing,2026-02-18T02:19:46,1,Synthetic / Demo Data,2026-02-18T00:00:00
7839,5846,80,43963,moisturizer,2026-01-12T02:05:16,1,Synthetic / Demo Data,2026-01-12T00:00:00
7840,5848,82,43967,moisturizer,2026-04-06T12:23:44,1,Synthetic / Demo Data,2026-04-06T00:00:00
7841,5848,43,43968,toner,2026-04-06T15:15:18,1,Synthetic / Demo Data,2026-04-06T00:00:00
7842,5848,64,43979,active,2026-04-14T09:31:11,1,Synthetic / Demo Data,2026-04-14T00:00:00
7843,5850,43,44002,toner,2026-06-12T13:06:11,1,Synthetic / Demo Data,2026-06-12T00:00:00
7844,5851,24,44005,cleansing,2026-08-24T09:31:08,1,Synthetic / Demo Data,2026-08-24T00:00:00
7845,5852,90,44018,moisturizer,2026-08-17T03:58:48,1,Synthetic / Demo Data,2026-08-17T00:00:00
7846,5853,27,44032,toner,2026-05-18T12:10:12,1,Synthetic / Demo Data,2026-05-18T00:00:00
7847,5853,17,44035,cleansing,2026-06-01T00:32:46,1,Synthetic / Demo Data,2026-06-01T00:00:00
7848,5854,118,44044,spf,2026-08-05T18:42:07,1,Synthetic / Demo Data,2026-08-05T00:00:00
7849,5854,20,44045,cleansing,2026-08-06T01:16:05,1,Synthetic / Demo Data,2026-08-06T00:00:00
7850,5854,90,44047,moisturizer,2026-08-13T18:24:12,1,Synthetic / Demo Data,2026-08-13T00:00:00
7851,5859,51,44050,active,2026-06-05T13:24:13,1,Synthetic / Demo Data,2026-06-05T00:00:00
7852,5859,12,44054,cleansing,2026-06-08T09:48:48,1,Synthetic / Demo Data,2026-06-08T00:00:00
7853,5859,32,44059,toner,2026-06-13T13:19:58,1,Synthetic / Demo Data,2026-06-13T00:00:00
7854,5859,63,44062,active,2026-06-13T09:15:17,1,Synthetic / Demo Data,2026-06-13T00:00:00
7855,5860,37,44068,toner,2026-04-13T22:41:37,1,Synthetic / Demo Data,2026-04-13T00:00:00
7856,5860,6,44072,cleansing,2026-04-14T00:17:17,1,Synthetic / Demo Data,2026-04-14T00:00:00
7857,5861,90,44077,moisturizer,2026-03-22T14:38:04,1,Synthetic / Demo Data,2026-03-22T00:00:00
7858,5861,83,44082,moisturizer,2026-04-01T10:16:01,1,Synthetic / Demo Data,2026-04-01T00:00:00
7859,5861,112,44085,spf,2026-04-02T12:34:25,1,Synthetic / Demo Data,2026-04-02T00:00:00
7860,5862,1,44096,cleansing,2026-03-24T13:27:19,0,Synthetic / Demo Data,2026-03-24T00:00:00
7861,5863,80,44100,moisturizer,2026-04-17T21:32:00,1,Synthetic / Demo Data,2026-04-17T00:00:00
7862,5863,36,44102,toner,2026-04-17T23:44:39,1,Synthetic / Demo Data,2026-04-17T00:00:00
7863,5863,65,44106,active,2026-04-18T20:00:26,1,Synthetic / Demo Data,2026-04-18T00:00:00
7864,5863,116,44107,spf,2026-04-18T19:10:21,1,Synthetic / Demo Data,2026-04-18T00:00:00
7865,5863,100,44108,spf,2026-04-26T06:10:21,1,Synthetic / Demo Data,2026-04-26T00:00:00
7866,5863,8,44112,cleansing,2026-04-26T07:34:47,1,Synthetic / Demo Data,2026-04-26T00:00:00
7867,5863,107,44113,spf,2026-05-01T15:12:55,1,Synthetic / Demo Data,2026-05-01T00:00:00
7868,5864,113,44124,spf,2026-08-07T14:48:35,1,Synthetic / Demo Data,2026-08-07T00:00:00
7869,5865,79,44134,moisturizer,2026-03-05T13:55:52,1,Synthetic / Demo Data,2026-03-05T00:00:00
7870,5865,2,44135,cleansing,2026-03-06T17:31:53,1,Synthetic / Demo Data,2026-03-06T00:00:00
7871,5866,17,44139,cleansing,2026-06-16T11:32:19,1,Synthetic / Demo Data,2026-06-16T00:00:00
7872,5866,37,44141,toner,2026-06-16T10:03:24,0,Synthetic / Demo Data,2026-06-16T00:00:00
7873,5866,105,44142,spf,2026-06-17T08:48:25,1,Synthetic / Demo Data,2026-06-17T00:00:00
7874,5866,94,44143,moisturizer,2026-06-17T10:41:21,1,Synthetic / Demo Data,2026-06-17T00:00:00
7875,5867,97,44149,spf,2026-08-17T00:34:53,1,Synthetic / Demo Data,2026-08-17T00:00:00
7876,5867,76,44153,moisturizer,2026-08-24T05:15:40,1,Synthetic / Demo Data,2026-08-24T00:00:00
7877,5867,67,44155,active,2026-08-24T07:20:52,1,Synthetic / Demo Data,2026-08-24T00:00:00
7878,5867,88,44159,moisturizer,2026-09-02T22:17:41,0,Synthetic / Demo Data,2026-09-02T00:00:00
7879,5867,8,44161,cleansing,2026-09-02T19:34:42,1,Synthetic / Demo Data,2026-09-02T00:00:00
7880,5868,90,44162,moisturizer,2026-08-06T23:28:58,1,Synthetic / Demo Data,2026-08-06T00:00:00
7881,5868,45,44167,toner,2026-08-12T17:28:57,1,Synthetic / Demo Data,2026-08-12T00:00:00
7882,5871,66,44177,active,2026-05-22T22:17:18,0,Synthetic / Demo Data,2026-05-22T00:00:00
7883,5872,20,44182,cleansing,2026-02-25T04:19:37,0,Synthetic / Demo Data,2026-02-25T00:00:00
7884,5874,7,44193,cleansing,2026-03-13T10:01:39,1,Synthetic / Demo Data,2026-03-13T00:00:00
7885,5880,62,44212,active,2026-05-08T16:26:08,1,Synthetic / Demo Data,2026-05-08T00:00:00
7886,5880,7,44214,cleansing,2026-05-08T10:55:59,1,Synthetic / Demo Data,2026-05-08T00:00:00
7887,5885,61,44259,active,2026-03-01T08:26:07,1,Synthetic / Demo Data,2026-03-01T00:00:00
7888,5888,79,44270,moisturizer,2026-01-06T07:51:10,1,Synthetic / Demo Data,2026-01-06T00:00:00
7889,5892,118,44283,spf,2026-08-11T09:26:33,1,Synthetic / Demo Data,2026-08-11T00:00:00
7890,5893,88,44293,moisturizer,2026-04-11T15:21:35,0,Synthetic / Demo Data,2026-04-11T00:00:00
7891,5893,72,44295,active,2026-04-11T19:45:19,1,Synthetic / Demo Data,2026-04-11T00:00:00
7892,5894,112,44300,spf,2026-07-10T02:08:15,1,Synthetic / Demo Data,2026-07-10T00:00:00
7893,5895,120,44309,spf,2026-07-30T03:09:06,1,Synthetic / Demo Data,2026-07-30T00:00:00
7894,5895,109,44318,spf,2026-08-13T08:49:14,0,Synthetic / Demo Data,2026-08-13T00:00:00
7895,5897,67,44320,active,2026-03-06T20:47:38,1,Synthetic / Demo Data,2026-03-06T00:00:00
7896,5897,90,44322,moisturizer,2026-03-06T23:03:27,1,Synthetic / Demo Data,2026-03-06T00:00:00
7897,5897,21,44326,cleansing,2026-03-09T06:34:58,1,Synthetic / Demo Data,2026-03-09T00:00:00
7898,5897,113,44328,spf,2026-03-09T04:37:25,1,Synthetic / Demo Data,2026-03-09T00:00:00
7899,5900,10,44344,cleansing,2026-08-06T01:28:55,1,Synthetic / Demo Data,2026-08-06T00:00:00
7900,5900,82,44345,moisturizer,2026-08-05T23:15:43,1,Synthetic / Demo Data,2026-08-05T00:00:00
7901,5900,66,44346,active,2026-08-17T14:25:08,0,Synthetic / Demo Data,2026-08-17T00:00:00
7902,5901,48,44352,toner,2026-07-17T06:38:35,1,Synthetic / Demo Data,2026-07-17T00:00:00
7903,5905,63,44392,active,2026-04-02T17:57:52,1,Synthetic / Demo Data,2026-04-02T00:00:00
7904,5905,78,44393,moisturizer,2026-04-02T16:03:02,1,Synthetic / Demo Data,2026-04-02T00:00:00
7905,5906,110,44405,spf,2026-06-30T13:01:08,1,Synthetic / Demo Data,2026-06-30T00:00:00
7906,5908,94,44412,moisturizer,2026-02-03T09:38:00,1,Synthetic / Demo Data,2026-02-03T00:00:00
7907,5908,88,44420,moisturizer,2026-02-03T20:23:40,0,Synthetic / Demo Data,2026-02-03T00:00:00
7908,5908,24,44421,cleansing,2026-02-03T16:18:15,1,Synthetic / Demo Data,2026-02-03T00:00:00
7909,5908,77,44425,moisturizer,2026-02-05T17:37:47,1,Synthetic / Demo Data,2026-02-05T00:00:00
7910,5909,27,44427,toner,2026-06-21T21:42:37,1,Synthetic / Demo Data,2026-06-21T00:00:00
7911,5910,51,44439,active,2026-08-19T17:35:22,1,Synthetic / Demo Data,2026-08-19T00:00:00
7912,5910,24,44446,cleansing,2026-08-22T19:16:23,1,Synthetic / Demo Data,2026-08-22T00:00:00
7913,5910,90,44448,moisturizer,2026-08-23T20:17:42,1,Synthetic / Demo Data,2026-08-23T00:00:00
7914,5915,92,44460,moisturizer,2026-07-19T19:00:19,1,Synthetic / Demo Data,2026-07-19T00:00:00
7915,5915,107,44462,spf,2026-07-19T23:02:24,1,Synthetic / Demo Data,2026-07-19T00:00:00
7916,5915,74,44464,moisturizer,2026-07-20T04:49:38,1,Synthetic / Demo Data,2026-07-20T00:00:00
7917,5915,63,44468,active,2026-07-20T07:47:38,0,Synthetic / Demo Data,2026-07-20T00:00:00
7918,5915,66,44469,active,2026-07-24T18:16:58,1,Synthetic / Demo Data,2026-07-24T00:00:00
7919,5916,21,44475,cleansing,2026-06-03T23:59:29,1,Synthetic / Demo Data,2026-06-03T00:00:00
7920,5918,63,44488,active,2026-08-10T08:13:08,1,Synthetic / Demo Data,2026-08-10T00:00:00
7921,5918,7,44489,cleansing,2026-08-10T07:59:19,1,Synthetic / Demo Data,2026-08-10T00:00:00
7922,5918,51,44491,active,2026-08-10T12:36:37,1,Synthetic / Demo Data,2026-08-10T00:00:00
7923,5920,9,44503,cleansing,2026-07-11T04:10:18,1,Synthetic / Demo Data,2026-07-11T00:00:00
7924,5923,27,44521,toner,2026-08-31T11:22:09,1,Synthetic / Demo Data,2026-08-31T00:00:00
7925,5924,66,44527,active,2026-04-12T11:26:23,1,Synthetic / Demo Data,2026-04-12T00:00:00
7926,5924,72,44528,active,2026-04-12T09:57:05,1,Synthetic / Demo Data,2026-04-12T00:00:00
7927,5925,81,44540,moisturizer,2026-05-14T00:56:44,1,Synthetic / Demo Data,2026-05-14T00:00:00
7928,5925,70,44544,active,2026-05-17T04:13:46,1,Synthetic / Demo Data,2026-05-17T00:00:00
7929,5926,52,44553,active,2026-01-28T10:07:20,1,Synthetic / Demo Data,2026-01-28T00:00:00
7930,5931,12,44585,cleansing,2026-05-28T10:56:06,1,Synthetic / Demo Data,2026-05-28T00:00:00
7931,5933,66,44594,active,2026-01-15T09:23:27,1,Synthetic / Demo Data,2026-01-15T00:00:00
7932,5933,94,44596,moisturizer,2026-01-15T06:24:08,1,Synthetic / Demo Data,2026-01-15T00:00:00
7933,5934,106,44608,spf,2026-02-05T17:05:30,1,Synthetic / Demo Data,2026-02-05T00:00:00
7934,5936,90,44625,moisturizer,2026-05-03T08:36:00,1,Synthetic / Demo Data,2026-05-03T00:00:00
7935,5937,56,44636,active,2026-04-27T02:34:09,1,Synthetic / Demo Data,2026-04-27T00:00:00
7936,5938,118,44639,spf,2026-07-05T15:51:26,1,Synthetic / Demo Data,2026-07-05T00:00:00
7937,5938,65,44640,active,2026-07-05T14:03:13,1,Synthetic / Demo Data,2026-07-05T00:00:00
7938,5939,85,44653,moisturizer,2026-03-18T02:36:04,1,Synthetic / Demo Data,2026-03-18T00:00:00
7939,5940,55,44660,active,2026-07-15T01:43:40,1,Synthetic / Demo Data,2026-07-15T00:00:00
7940,5940,66,44669,active,2026-07-25T21:06:06,1,Synthetic / Demo Data,2026-07-25T00:00:00
7941,5942,28,44673,toner,2026-01-22T23:16:40,1,Synthetic / Demo Data,2026-01-22T00:00:00
7942,5942,34,44679,toner,2026-01-27T18:45:28,1,Synthetic / Demo Data,2026-01-27T00:00:00
7943,5942,22,44685,cleansing,2026-01-30T07:31:36,1,Synthetic / Demo Data,2026-01-30T00:00:00
7944,5943,48,44693,toner,2026-05-07T04:33:01,1,Synthetic / Demo Data,2026-05-07T00:00:00
7945,5943,110,44694,spf,2026-05-07T08:12:30,0,Synthetic / Demo Data,2026-05-07T00:00:00
7946,5944,38,44695,toner,2026-07-08T16:20:47,1,Synthetic / Demo Data,2026-07-08T00:00:00
7947,5944,63,44696,active,2026-07-08T11:50:34,1,Synthetic / Demo Data,2026-07-08T00:00:00
7948,5946,72,44711,active,2026-03-08T07:08:15,1,Synthetic / Demo Data,2026-03-08T00:00:00
7949,5947,66,44718,active,2026-07-12T08:51:12,1,Synthetic / Demo Data,2026-07-12T00:00:00
7950,5950,74,44728,moisturizer,2026-02-05T01:07:01,1,Synthetic / Demo Data,2026-02-05T00:00:00
7951,5952,112,44738,spf,2026-03-17T18:01:54,1,Synthetic / Demo Data,2026-03-17T00:00:00
7952,5952,106,44739,spf,2026-03-17T16:46:48,1,Synthetic / Demo Data,2026-03-17T00:00:00
7953,5952,94,44741,moisturizer,2026-03-17T20:07:47,1,Synthetic / Demo Data,2026-03-17T00:00:00
7954,5952,70,44748,active,2026-03-30T23:28:35,1,Synthetic / Demo Data,2026-03-30T00:00:00
7955,5953,4,44751,cleansing,2026-04-02T15:22:53,0,Synthetic / Demo Data,2026-04-02T00:00:00
7956,5953,56,44752,active,2026-04-02T13:28:58,0,Synthetic / Demo Data,2026-04-02T00:00:00
7957,5953,112,44755,spf,2026-04-02T11:13:51,1,Synthetic / Demo Data,2026-04-02T00:00:00
7958,5953,20,44757,cleansing,2026-04-04T20:04:27,1,Synthetic / Demo Data,2026-04-04T00:00:00
7959,5954,83,44765,moisturizer,2026-03-20T03:24:46,1,Synthetic / Demo Data,2026-03-20T00:00:00
7960,5954,116,44766,spf,2026-03-22T01:31:04,1,Synthetic / Demo Data,2026-03-22T00:00:00
7961,5954,18,44767,cleansing,2026-03-22T00:05:38,1,Synthetic / Demo Data,2026-03-22T00:00:00
7962,5955,24,44775,cleansing,2026-01-28T22:13:28,1,Synthetic / Demo Data,2026-01-28T00:00:00
7963,5956,84,44783,moisturizer,2026-05-06T16:59:48,1,Synthetic / Demo Data,2026-05-06T00:00:00
7964,5957,21,44792,cleansing,2026-03-17T06:06:35,1,Synthetic / Demo Data,2026-03-17T00:00:00
7965,5958,5,44808,cleansing,2026-06-08T12:45:13,1,Synthetic / Demo Data,2026-06-08T00:00:00
7966,5959,74,44817,moisturizer,2026-08-22T23:43:46,1,Synthetic / Demo Data,2026-08-22T00:00:00
7967,5959,73,44820,moisturizer,2026-08-23T17:22:59,0,Synthetic / Demo Data,2026-08-23T00:00:00
7968,5961,17,44824,cleansing,2026-08-22T02:08:28,1,Synthetic / Demo Data,2026-08-22T00:00:00
7969,5962,106,44836,spf,2026-06-17T19:49:08,1,Synthetic / Demo Data,2026-06-17T00:00:00
7970,5962,19,44837,cleansing,2026-06-17T19:47:47,1,Synthetic / Demo Data,2026-06-17T00:00:00
7971,5962,78,44839,moisturizer,2026-06-17T19:51:34,1,Synthetic / Demo Data,2026-06-17T00:00:00
7972,5962,48,44841,toner,2026-07-02T21:50:29,1,Synthetic / Demo Data,2026-07-02T00:00:00
7973,5963,18,44847,cleansing,2026-01-26T20:49:56,1,Synthetic / Demo Data,2026-01-26T00:00:00
7974,5965,63,44854,active,2026-09-10T12:22:30,0,Synthetic / Demo Data,2026-09-10T00:00:00
7975,5965,6,44855,cleansing,2026-09-10T09:41:01,1,Synthetic / Demo Data,2026-09-10T00:00:00
7976,5965,36,44863,toner,2026-09-17T22:41:10,1,Synthetic / Demo Data,2026-09-17T00:00:00
7977,5966,52,44872,active,2026-04-29T11:03:57,1,Synthetic / Demo Data,2026-04-29T00:00:00
7978,5968,21,44895,cleansing,2026-01-31T08:21:28,1,Synthetic / Demo Data,2026-01-31T00:00:00
7979,5968,63,44898,active,2026-02-11T02:39:26,1,Synthetic / Demo Data,2026-02-11T00:00:00
7980,5970,96,44901,moisturizer,2026-05-09T00:52:04,1,Synthetic / Demo Data,2026-05-09T00:00:00
7981,5970,106,44905,spf,2026-05-09T00:38:28,1,Synthetic / Demo Data,2026-05-09T00:00:00
7982,5972,108,44922,spf,2026-06-12T12:19:22,1,Synthetic / Demo Data,2026-06-12T00:00:00
7983,5974,34,44925,toner,2026-06-17T13:06:30,0,Synthetic / Demo Data,2026-06-17T00:00:00
7984,5974,20,44928,cleansing,2026-06-17T08:54:15,1,Synthetic / Demo Data,2026-06-17T00:00:00
7985,5975,77,44934,moisturizer,2026-07-15T19:25:19,0,Synthetic / Demo Data,2026-07-15T00:00:00
7986,5975,17,44936,cleansing,2026-07-15T22:31:38,1,Synthetic / Demo Data,2026-07-15T00:00:00
7987,5975,12,44940,cleansing,2026-07-17T19:43:43,1,Synthetic / Demo Data,2026-07-17T00:00:00
7988,5977,36,44949,toner,2026-04-05T16:22:28,1,Synthetic / Demo Data,2026-04-05T00:00:00
7989,5979,92,44959,moisturizer,2026-06-09T09:40:06,1,Synthetic / Demo Data,2026-06-09T00:00:00
7990,5981,4,44961,cleansing,2026-04-10T04:05:40,1,Synthetic / Demo Data,2026-04-10T00:00:00
7991,5981,52,44965,active,2026-04-14T12:16:15,1,Synthetic / Demo Data,2026-04-14T00:00:00
7992,5981,32,44968,toner,2026-04-14T10:22:40,1,Synthetic / Demo Data,2026-04-14T00:00:00
7993,5983,74,44973,moisturizer,2026-01-16T02:47:34,1,Synthetic / Demo Data,2026-01-16T00:00:00
7994,5983,12,44978,cleansing,2026-02-04T19:02:17,1,Synthetic / Demo Data,2026-02-04T00:00:00
7995,5983,75,44980,moisturizer,2026-02-04T21:39:50,1,Synthetic / Demo Data,2026-02-04T00:00:00
7996,5983,7,44982,cleansing,2026-02-05T02:01:07,1,Synthetic / Demo Data,2026-02-05T00:00:00
7997,5984,17,44985,cleansing,2026-02-19T00:55:00,1,Synthetic / Demo Data,2026-02-19T00:00:00
7998,5985,99,44999,spf,2026-02-08T09:14:54,1,Synthetic / Demo Data,2026-02-08T00:00:00
7999,5986,106,45009,spf,2026-05-16T11:44:55,1,Synthetic / Demo Data,2026-05-16T00:00:00
8000,5986,76,45012,moisturizer,2026-05-29T20:50:15,1,Synthetic / Demo Data,2026-05-29T00:00:00
8001,5986,28,45014,toner,2026-05-30T00:31:14,1,Synthetic / Demo Data,2026-05-30T00:00:00
8002,5987,27,45024,toner,2026-04-27T14:47:51,0,Synthetic / Demo Data,2026-04-27T00:00:00
8003,5988,53,45026,active,2026-07-14T00:41:04,1,Synthetic / Demo Data,2026-07-14T00:00:00
8004,5988,2,45027,cleansing,2026-07-13T21:35:03,1,Synthetic / Demo Data,2026-07-13T00:00:00
8005,5988,63,45029,active,2026-07-14T01:16:39,1,Synthetic / Demo Data,2026-07-14T00:00:00
8006,5988,42,45033,toner,2026-07-18T21:50:51,1,Synthetic / Demo Data,2026-07-18T00:00:00
8007,5988,82,45034,moisturizer,2026-07-18T17:11:00,1,Synthetic / Demo Data,2026-07-18T00:00:00
8008,5990,112,45058,spf,2026-07-18T12:24:48,1,Synthetic / Demo Data,2026-07-18T00:00:00
8009,5991,68,45063,active,2026-08-12T08:02:37,1,Synthetic / Demo Data,2026-08-12T00:00:00
8010,5991,1,45069,cleansing,2026-08-13T22:58:04,1,Synthetic / Demo Data,2026-08-13T00:00:00
8011,5992,82,45075,moisturizer,2026-02-02T02:57:31,1,Synthetic / Demo Data,2026-02-02T00:00:00
8012,5993,14,45080,cleansing,2026-06-15T10:01:43,1,Synthetic / Demo Data,2026-06-15T00:00:00
8013,5993,32,45085,toner,2026-06-22T18:58:47,1,Synthetic / Demo Data,2026-06-22T00:00:00
8014,5995,17,45091,cleansing,2026-03-29T23:45:20,1,Synthetic / Demo Data,2026-03-29T00:00:00
8015,5995,88,45093,moisturizer,2026-03-30T07:50:29,1,Synthetic / Demo Data,2026-03-30T00:00:00
8016,5996,107,45103,spf,2026-04-11T12:54:07,1,Synthetic / Demo Data,2026-04-11T00:00:00
8017,5996,21,45107,cleansing,2026-04-11T19:53:21,1,Synthetic / Demo Data,2026-04-11T00:00:00
8018,5998,116,45110,spf,2026-07-26T07:21:12,1,Synthetic / Demo Data,2026-07-26T00:00:00
8019,5998,108,45114,spf,2026-08-04T10:07:11,1,Synthetic / Demo Data,2026-08-04T00:00:00
8020,6000,116,45125,spf,2026-04-14T16:11:03,0,Synthetic / Demo Data,2026-04-14T00:00:00
8021,6001,22,45128,cleansing,2026-08-09T20:32:15,1,Synthetic / Demo Data,2026-08-09T00:00:00
8022,6001,110,45129,spf,2026-08-09T16:17:12,1,Synthetic / Demo Data,2026-08-09T00:00:00
8023,6002,116,45136,spf,2026-01-20T08:06:44,1,Synthetic / Demo Data,2026-01-20T00:00:00
8024,6005,11,45155,cleansing,2026-04-28T03:33:32,1,Synthetic / Demo Data,2026-04-28T00:00:00
8025,6005,74,45156,moisturizer,2026-04-28T04:52:57,1,Synthetic / Demo Data,2026-04-28T00:00:00
8026,6008,51,45169,active,2026-05-18T13:19:27,0,Synthetic / Demo Data,2026-05-18T00:00:00
8027,6008,18,45172,cleansing,2026-05-18T12:09:15,1,Synthetic / Demo Data,2026-05-18T00:00:00
8028,6008,14,45174,cleansing,2026-05-27T16:10:53,1,Synthetic / Demo Data,2026-05-27T00:00:00
8029,6008,38,45178,toner,2026-05-27T20:05:10,1,Synthetic / Demo Data,2026-05-27T00:00:00
8030,6010,116,45198,spf,2026-06-22T06:54:40,1,Synthetic / Demo Data,2026-06-22T00:00:00
8031,6012,82,45202,moisturizer,2026-08-29T11:52:03,0,Synthetic / Demo Data,2026-08-29T00:00:00
8032,6012,90,45205,moisturizer,2026-08-29T12:46:12,0,Synthetic / Demo Data,2026-08-29T00:00:00
8033,6012,99,45208,spf,2026-09-03T10:09:05,1,Synthetic / Demo Data,2026-09-03T00:00:00
8034,6012,113,45210,spf,2026-09-03T06:23:12,1,Synthetic / Demo Data,2026-09-03T00:00:00
8035,6013,18,45217,cleansing,2026-06-03T23:57:49,1,Synthetic / Demo Data,2026-06-03T00:00:00
8036,6013,51,45218,active,2026-06-04T00:21:42,1,Synthetic / Demo Data,2026-06-04T00:00:00
8037,6013,112,45220,spf,2026-06-04T02:58:48,1,Synthetic / Demo Data,2026-06-04T00:00:00
8038,6013,82,45223,moisturizer,2026-06-05T01:10:31,1,Synthetic / Demo Data,2026-06-05T00:00:00
8039,6016,51,45241,active,2026-03-30T17:49:04,1,Synthetic / Demo Data,2026-03-30T00:00:00
8040,6016,99,45242,spf,2026-03-30T17:47:02,1,Synthetic / Demo Data,2026-03-30T00:00:00
8041,6018,46,45260,toner,2026-04-10T05:03:41,1,Synthetic / Demo Data,2026-04-10T00:00:00
8042,6020,97,45271,spf,2026-05-16T16:59:23,0,Synthetic / Demo Data,2026-05-16T00:00:00
8043,6020,92,45275,moisturizer,2026-05-18T09:23:15,1,Synthetic / Demo Data,2026-05-18T00:00:00
8044,6021,17,45278,cleansing,2026-05-22T10:09:06,1,Synthetic / Demo Data,2026-05-22T00:00:00
8045,6021,2,45281,cleansing,2026-05-22T10:48:31,1,Synthetic / Demo Data,2026-05-22T00:00:00
8046,6023,52,45290,active,2026-01-12T08:23:36,1,Synthetic / Demo Data,2026-01-12T00:00:00
8047,6023,116,45294,spf,2026-01-12T10:36:33,1,Synthetic / Demo Data,2026-01-12T00:00:00
8048,6023,41,45298,toner,2026-01-27T03:27:00,1,Synthetic / Demo Data,2026-01-27T00:00:00
8049,6024,7,45300,cleansing,2026-02-14T23:34:53,1,Synthetic / Demo Data,2026-02-14T00:00:00
8050,6026,82,45316,moisturizer,2026-06-25T22:04:44,1,Synthetic / Demo Data,2026-06-25T00:00:00
8051,6028,82,45318,moisturizer,2026-04-16T19:05:20,1,Synthetic / Demo Data,2026-04-16T00:00:00
8052,6028,55,45323,active,2026-04-19T18:22:53,1,Synthetic / Demo Data,2026-04-19T00:00:00
8053,6028,92,45324,moisturizer,2026-04-19T18:35:42,1,Synthetic / Demo Data,2026-04-19T00:00:00
8054,6029,74,45335,moisturizer,2026-04-28T14:53:12,1,Synthetic / Demo Data,2026-04-28T00:00:00
8055,6029,25,45342,toner,2026-05-05T14:08:35,1,Synthetic / Demo Data,2026-05-05T00:00:00
8056,6030,40,45353,toner,2026-03-31T14:37:07,1,Synthetic / Demo Data,2026-03-31T00:00:00
8057,6031,107,45366,spf,2026-08-21T04:09:23,1,Synthetic / Demo Data,2026-08-21T00:00:00
8058,6031,24,45367,cleansing,2026-08-24T07:38:35,1,Synthetic / Demo Data,2026-08-24T00:00:00
8059,6033,3,45371,cleansing,2026-07-13T13:19:22,1,Synthetic / Demo Data,2026-07-13T00:00:00
8060,6033,112,45376,spf,2026-07-19T07:20:39,1,Synthetic / Demo Data,2026-07-19T00:00:00
8061,6034,115,45385,spf,2026-01-21T05:45:15,1,Synthetic / Demo Data,2026-01-21T00:00:00
8062,6034,72,45386,active,2026-02-09T20:18:35,1,Synthetic / Demo Data,2026-02-09T00:00:00
8063,6035,80,45399,moisturizer,2026-07-30T10:01:58,1,Synthetic / Demo Data,2026-07-30T00:00:00
8064,6037,14,45418,cleansing,2026-05-07T06:30:14,1,Synthetic / Demo Data,2026-05-07T00:00:00
8065,6039,10,45431,cleansing,2026-05-19T10:08:42,1,Synthetic / Demo Data,2026-05-19T00:00:00
8066,6039,75,45432,moisturizer,2026-05-19T09:10:18,1,Synthetic / Demo Data,2026-05-19T00:00:00
8067,6039,74,45444,moisturizer,2026-05-23T06:50:15,0,Synthetic / Demo Data,2026-05-23T00:00:00
8068,6042,51,45459,active,2026-07-24T07:12:11,0,Synthetic / Demo Data,2026-07-24T00:00:00
8069,6042,12,45460,cleansing,2026-07-24T08:33:29,1,Synthetic / Demo Data,2026-07-24T00:00:00
8070,6046,10,45477,cleansing,2026-09-17T13:58:20,1,Synthetic / Demo Data,2026-09-17T00:00:00
8071,6049,80,45493,moisturizer,2026-06-18T11:39:51,1,Synthetic / Demo Data,2026-06-18T00:00:00
8072,6049,2,45496,cleansing,2026-06-21T07:20:35,0,Synthetic / Demo Data,2026-06-21T00:00:00
8073,6050,97,45503,spf,2026-08-31T17:31:59,1,Synthetic / Demo Data,2026-08-31T00:00:00
8074,6050,12,45509,cleansing,2026-09-18T22:15:59,1,Synthetic / Demo Data,2026-09-18T00:00:00
8075,6054,61,45531,active,2026-06-27T05:23:08,1,Synthetic / Demo Data,2026-06-27T00:00:00
8076,6055,34,45535,toner,2026-06-09T01:54:37,1,Synthetic / Demo Data,2026-06-09T00:00:00
8077,6056,21,45541,cleansing,2026-02-15T21:52:58,1,Synthetic / Demo Data,2026-02-15T00:00:00
8078,6056,112,45545,spf,2026-02-15T21:43:14,1,Synthetic / Demo Data,2026-02-15T00:00:00
8079,6057,27,45555,toner,2026-01-30T18:46:28,1,Synthetic / Demo Data,2026-01-30T00:00:00
8080,6057,62,45558,active,2026-02-02T06:29:00,0,Synthetic / Demo Data,2026-02-02T00:00:00
8081,6057,112,45560,spf,2026-02-02T07:36:46,1,Synthetic / Demo Data,2026-02-02T00:00:00
8082,6057,22,45564,cleansing,2026-02-02T21:49:23,1,Synthetic / Demo Data,2026-02-02T00:00:00
8083,6057,41,45566,toner,2026-02-02T23:38:25,1,Synthetic / Demo Data,2026-02-02T00:00:00
8084,6059,34,45571,toner,2026-03-01T10:47:15,1,Synthetic / Demo Data,2026-03-01T00:00:00
8085,6059,99,45572,spf,2026-03-01T10:02:23,0,Synthetic / Demo Data,2026-03-01T00:00:00
8086,6059,17,45575,cleansing,2026-03-03T05:57:31,0,Synthetic / Demo Data,2026-03-03T00:00:00
8087,6060,100,45581,spf,2026-03-17T22:37:08,1,Synthetic / Demo Data,2026-03-17T00:00:00
8088,6060,49,45586,active,2026-03-19T10:57:58,1,Synthetic / Demo Data,2026-03-19T00:00:00
8089,6061,9,45589,cleansing,2026-07-06T14:28:56,1,Synthetic / Demo Data,2026-07-06T00:00:00
8090,6064,21,45614,cleansing,2026-04-14T18:28:31,1,Synthetic / Demo Data,2026-04-14T00:00:00
8091,6065,62,45625,active,2026-04-22T15:09:47,1,Synthetic / Demo Data,2026-04-22T00:00:00
8092,6065,96,45626,moisturizer,2026-04-22T16:50:36,0,Synthetic / Demo Data,2026-04-22T00:00:00
8093,6066,72,45629,active,2026-03-20T20:54:55,1,Synthetic / Demo Data,2026-03-20T00:00:00
8094,6067,82,45646,moisturizer,2026-08-05T02:21:22,1,Synthetic / Demo Data,2026-08-05T00:00:00
8095,6068,44,45654,toner,2026-09-10T19:08:56,1,Synthetic / Demo Data,2026-09-10T00:00:00
8096,6069,63,45658,active,2026-07-19T10:06:54,1,Synthetic / Demo Data,2026-07-19T00:00:00
8097,6069,28,45661,toner,2026-07-25T11:10:06,1,Synthetic / Demo Data,2026-07-25T00:00:00
8098,6069,116,45663,spf,2026-07-25T16:38:51,1,Synthetic / Demo Data,2026-07-25T00:00:00
8099,6069,48,45664,toner,2026-07-25T11:33:20,1,Synthetic / Demo Data,2026-07-25T00:00:00
8100,6069,30,45666,toner,2026-07-29T13:09:28,1,Synthetic / Demo Data,2026-07-29T00:00:00
8101,6069,54,45668,active,2026-07-29T10:59:20,1,Synthetic / Demo Data,2026-07-29T00:00:00
8102,6070,43,45674,toner,2026-07-31T13:51:08,1,Synthetic / Demo Data,2026-07-31T00:00:00
8103,6070,18,45677,cleansing,2026-08-20T18:52:17,1,Synthetic / Demo Data,2026-08-20T00:00:00
8104,6075,63,45693,active,2026-05-14T19:06:14,1,Synthetic / Demo Data,2026-05-14T00:00:00
8105,6075,116,45698,spf,2026-06-01T10:52:20,1,Synthetic / Demo Data,2026-06-01T00:00:00
8106,6076,62,45701,active,2026-07-15T22:10:02,1,Synthetic / Demo Data,2026-07-15T00:00:00
8107,6076,99,45703,spf,2026-07-15T23:54:28,1,Synthetic / Demo Data,2026-07-15T00:00:00
8108,6076,24,45704,cleansing,2026-07-26T18:05:50,1,Synthetic / Demo Data,2026-07-26T00:00:00
8109,6076,63,45706,active,2026-07-26T15:55:55,1,Synthetic / Demo Data,2026-07-26T00:00:00
8110,6078,7,45709,cleansing,2026-03-31T11:17:46,1,Synthetic / Demo Data,2026-03-31T00:00:00
8111,6079,99,45719,spf,2026-08-01T23:45:31,1,Synthetic / Demo Data,2026-08-01T00:00:00
8112,6079,120,45721,spf,2026-08-02T05:03:54,1,Synthetic / Demo Data,2026-08-02T00:00:00
8113,6079,39,45723,toner,2026-08-15T02:56:16,1,Synthetic / Demo Data,2026-08-15T00:00:00
8114,6079,114,45724,spf,2026-08-15T02:18:20,1,Synthetic / Demo Data,2026-08-15T00:00:00
8115,6079,101,45727,spf,2026-08-15T05:36:36,1,Synthetic / Demo Data,2026-08-15T00:00:00
8116,6081,54,45732,active,2026-08-08T16:47:24,1,Synthetic / Demo Data,2026-08-08T00:00:00
8117,6082,106,45737,spf,2026-04-03T11:01:51,1,Synthetic / Demo Data,2026-04-03T00:00:00
8118,6082,49,45738,active,2026-04-03T09:52:24,0,Synthetic / Demo Data,2026-04-03T00:00:00
8119,6082,12,45739,cleansing,2026-04-03T08:54:36,1,Synthetic / Demo Data,2026-04-03T00:00:00
8120,6082,99,45743,spf,2026-04-06T14:18:33,0,Synthetic / Demo Data,2026-04-06T00:00:00
8121,6082,24,45745,cleansing,2026-04-06T12:53:15,1,Synthetic / Demo Data,2026-04-06T00:00:00
8122,6083,84,45754,moisturizer,2026-06-20T03:33:11,1,Synthetic / Demo Data,2026-06-20T00:00:00
8123,6084,19,45760,cleansing,2026-06-29T08:56:54,1,Synthetic / Demo Data,2026-06-29T00:00:00
8124,6086,111,45789,spf,2026-06-18T15:35:07,1,Synthetic / Demo Data,2026-06-18T00:00:00
8125,6089,41,45810,toner,2026-04-08T07:00:16,1,Synthetic / Demo Data,2026-04-08T00:00:00
8126,6089,21,45813,cleansing,2026-04-08T22:18:26,1,Synthetic / Demo Data,2026-04-08T00:00:00
8127,6089,94,45815,moisturizer,2026-04-09T03:27:47,1,Synthetic / Demo Data,2026-04-09T00:00:00
8128,6094,77,45833,moisturizer,2026-06-21T16:14:22,1,Synthetic / Demo Data,2026-06-21T00:00:00
8129,6094,66,45834,active,2026-06-21T22:21:04,1,Synthetic / Demo Data,2026-06-21T00:00:00
8130,6094,116,45846,spf,2026-07-08T19:40:17,1,Synthetic / Demo Data,2026-07-08T00:00:00
8131,6095,35,45848,toner,2026-03-04T10:26:25,1,Synthetic / Demo Data,2026-03-04T00:00:00
8132,6095,17,45850,cleansing,2026-03-04T13:16:27,0,Synthetic / Demo Data,2026-03-04T00:00:00
8133,6095,6,45854,cleansing,2026-03-11T11:34:03,1,Synthetic / Demo Data,2026-03-11T00:00:00
8134,6095,66,45856,active,2026-03-11T16:17:03,1,Synthetic / Demo Data,2026-03-11T00:00:00
8135,6098,94,45867,moisturizer,2026-01-19T06:56:41,1,Synthetic / Demo Data,2026-01-19T00:00:00
8136,6098,57,45869,active,2026-01-19T08:17:40,1,Synthetic / Demo Data,2026-01-19T00:00:00
8137,6098,51,45871,active,2026-01-19T05:59:34,0,Synthetic / Demo Data,2026-01-19T00:00:00
8138,6100,89,45876,moisturizer,2026-06-27T17:26:54,1,Synthetic / Demo Data,2026-06-27T00:00:00
8139,6100,94,45877,moisturizer,2026-06-27T18:40:30,1,Synthetic / Demo Data,2026-06-27T00:00:00
8140,6100,76,45879,moisturizer,2026-06-27T19:52:09,1,Synthetic / Demo Data,2026-06-27T00:00:00
8141,6100,116,45880,spf,2026-06-30T19:38:10,1,Synthetic / Demo Data,2026-06-30T00:00:00
8142,6100,112,45881,spf,2026-06-30T21:39:19,1,Synthetic / Demo Data,2026-06-30T00:00:00
8143,6101,116,45883,spf,2026-08-16T23:03:03,1,Synthetic / Demo Data,2026-08-16T00:00:00
8144,6101,88,45886,moisturizer,2026-08-17T02:26:34,1,Synthetic / Demo Data,2026-08-17T00:00:00
8145,6101,94,45890,moisturizer,2026-08-19T22:09:26,1,Synthetic / Demo Data,2026-08-19T00:00:00
8146,6103,25,45905,toner,2026-06-23T23:31:38,1,Synthetic / Demo Data,2026-06-23T00:00:00
8147,6103,21,45906,cleansing,2026-06-23T20:00:00,1,Synthetic / Demo Data,2026-06-23T00:00:00
8148,6103,87,45913,moisturizer,2026-06-29T22:45:35,1,Synthetic / Demo Data,2026-06-29T00:00:00
8149,6104,76,45915,moisturizer,2026-07-15T18:09:57,1,Synthetic / Demo Data,2026-07-15T00:00:00
8150,6104,100,45920,spf,2026-07-17T13:51:39,1,Synthetic / Demo Data,2026-07-17T00:00:00
8151,6107,12,45937,cleansing,2026-02-28T20:55:58,1,Synthetic / Demo Data,2026-02-28T00:00:00
8152,6108,40,45946,toner,2026-01-18T13:47:32,1,Synthetic / Demo Data,2026-01-18T00:00:00
8153,6108,39,45948,toner,2026-01-20T11:08:30,1,Synthetic / Demo Data,2026-01-20T00:00:00
8154,6108,78,45950,moisturizer,2026-01-20T12:13:37,1,Synthetic / Demo Data,2026-01-20T00:00:00
8155,6108,34,45953,toner,2026-01-26T02:46:17,1,Synthetic / Demo Data,2026-01-26T00:00:00
8156,6108,19,45954,cleansing,2026-01-25T23:59:46,1,Synthetic / Demo Data,2026-01-25T00:00:00
8157,6108,14,45955,cleansing,2026-01-26T02:55:36,1,Synthetic / Demo Data,2026-01-26T00:00:00
8158,6109,63,45957,active,2026-04-12T06:09:57,1,Synthetic / Demo Data,2026-04-12T00:00:00
8159,6109,78,45965,moisturizer,2026-04-19T03:20:06,1,Synthetic / Demo Data,2026-04-19T00:00:00
8160,6109,1,45966,cleansing,2026-04-19T01:38:28,0,Synthetic / Demo Data,2026-04-19T00:00:00
8161,6109,102,45967,spf,2026-04-19T19:31:56,1,Synthetic / Demo Data,2026-04-19T00:00:00
8162,6110,97,45968,spf,2026-08-28T19:29:01,1,Synthetic / Demo Data,2026-08-28T00:00:00
8163,6110,17,45970,cleansing,2026-08-28T17:32:57,1,Synthetic / Demo Data,2026-08-28T00:00:00
8164,6111,14,45979,cleansing,2026-08-30T01:17:29,1,Synthetic / Demo Data,2026-08-30T00:00:00
8165,6111,87,45981,moisturizer,2026-09-04T12:11:39,1,Synthetic / Demo Data,2026-09-04T00:00:00
8166,6112,1,45992,cleansing,2026-04-27T06:59:11,1,Synthetic / Demo Data,2026-04-27T00:00:00
8167,6112,82,45994,moisturizer,2026-04-27T08:48:26,1,Synthetic / Demo Data,2026-04-27T00:00:00
8168,6112,86,45995,moisturizer,2026-04-27T07:42:41,1,Synthetic / Demo Data,2026-04-27T00:00:00
8169,6112,32,45996,toner,2026-05-03T12:49:28,1,Synthetic / Demo Data,2026-05-03T00:00:00
8170,6112,113,45999,spf,2026-05-03T08:15:57,1,Synthetic / Demo Data,2026-05-03T00:00:00
8171,6112,66,46000,active,2026-05-03T09:01:23,1,Synthetic / Demo Data,2026-05-03T00:00:00
8172,6113,55,46001,active,2026-01-16T01:59:44,1,Synthetic / Demo Data,2026-01-16T00:00:00
8173,6114,14,46013,cleansing,2026-05-24T19:50:01,1,Synthetic / Demo Data,2026-05-24T00:00:00
8174,6114,28,46014,toner,2026-05-27T14:26:12,1,Synthetic / Demo Data,2026-05-27T00:00:00
8175,6116,103,46021,spf,2026-06-14T06:46:32,1,Synthetic / Demo Data,2026-06-14T00:00:00
8176,6116,74,46023,moisturizer,2026-06-14T03:55:00,1,Synthetic / Demo Data,2026-06-14T00:00:00
8177,6116,84,46024,moisturizer,2026-06-14T05:13:32,1,Synthetic / Demo Data,2026-06-14T00:00:00
8178,6116,21,46027,cleansing,2026-06-22T08:39:16,1,Synthetic / Demo Data,2026-06-22T00:00:00
8179,6117,24,46035,cleansing,2026-05-17T04:37:57,1,Synthetic / Demo Data,2026-05-17T00:00:00
8180,6118,10,46041,cleansing,2026-02-12T18:38:22,1,Synthetic / Demo Data,2026-02-12T00:00:00
8181,6118,106,46046,spf,2026-02-13T00:20:20,1,Synthetic / Demo Data,2026-02-13T00:00:00
8182,6118,15,46048,cleansing,2026-02-13T04:06:20,1,Synthetic / Demo Data,2026-02-13T00:00:00
8183,6120,20,46064,cleansing,2026-07-16T02:37:52,1,Synthetic / Demo Data,2026-07-16T00:00:00
8184,6120,36,46065,toner,2026-07-16T08:37:35,1,Synthetic / Demo Data,2026-07-16T00:00:00
8185,6120,73,46066,moisturizer,2026-07-16T06:07:40,1,Synthetic / Demo Data,2026-07-16T00:00:00
8186,6123,14,46073,cleansing,2026-07-12T06:45:40,1,Synthetic / Demo Data,2026-07-12T00:00:00
8187,6124,92,46081,moisturizer,2026-08-12T05:30:29,1,Synthetic / Demo Data,2026-08-12T00:00:00
8188,6125,106,46101,spf,2026-01-17T14:11:03,1,Synthetic / Demo Data,2026-01-17T00:00:00
8189,6126,80,46105,moisturizer,2026-07-07T03:55:58,1,Synthetic / Demo Data,2026-07-07T00:00:00
8190,6126,1,46108,cleansing,2026-07-08T13:00:32,1,Synthetic / Demo Data,2026-07-08T00:00:00
8191,6129,82,46112,moisturizer,2026-08-27T01:17:48,1,Synthetic / Demo Data,2026-08-27T00:00:00
8192,6130,22,46120,cleansing,2026-01-16T10:45:21,1,Synthetic / Demo Data,2026-01-16T00:00:00
8193,6130,105,46124,spf,2026-01-19T16:34:01,1,Synthetic / Demo Data,2026-01-19T00:00:00
8194,6130,76,46131,moisturizer,2026-01-31T22:18:17,1,Synthetic / Demo Data,2026-01-31T00:00:00
8195,6131,116,46135,spf,2026-01-12T14:15:44,1,Synthetic / Demo Data,2026-01-12T00:00:00
8196,6133,106,46151,spf,2026-08-31T04:50:32,1,Synthetic / Demo Data,2026-08-31T00:00:00
8197,6133,81,46155,moisturizer,2026-09-09T16:51:36,1,Synthetic / Demo Data,2026-09-09T00:00:00
8198,6134,77,46161,moisturizer,2026-03-30T00:04:50,1,Synthetic / Demo Data,2026-03-30T00:00:00
8199,6135,16,46167,cleansing,2026-01-07T06:36:45,1,Synthetic / Demo Data,2026-01-07T00:00:00
8200,6137,81,46182,moisturizer,2026-04-27T00:46:10,1,Synthetic / Demo Data,2026-04-27T00:00:00
8201,6137,94,46183,moisturizer,2026-04-26T21:57:27,1,Synthetic / Demo Data,2026-04-26T00:00:00
8202,6139,24,46185,cleansing,2026-02-07T08:11:01,1,Synthetic / Demo Data,2026-02-07T00:00:00
8203,6140,1,46194,cleansing,2026-05-03T17:54:54,1,Synthetic / Demo Data,2026-05-03T00:00:00
8204,6140,6,46195,cleansing,2026-05-09T06:11:28,1,Synthetic / Demo Data,2026-05-09T00:00:00
8205,6141,105,46201,spf,2026-02-27T07:57:12,0,Synthetic / Demo Data,2026-02-27T00:00:00
8206,6141,82,46202,moisturizer,2026-02-27T12:41:52,1,Synthetic / Demo Data,2026-02-27T00:00:00
8207,6141,40,46205,toner,2026-02-27T12:58:43,1,Synthetic / Demo Data,2026-02-27T00:00:00
8208,6141,94,46210,moisturizer,2026-03-06T14:13:02,1,Synthetic / Demo Data,2026-03-06T00:00:00
8209,6142,116,46214,spf,2026-06-18T21:00:48,1,Synthetic / Demo Data,2026-06-18T00:00:00
8210,6142,57,46216,active,2026-06-18T21:57:47,1,Synthetic / Demo Data,2026-06-18T00:00:00
8211,6142,106,46220,spf,2026-06-28T12:11:51,1,Synthetic / Demo Data,2026-06-28T00:00:00
8212,6142,34,46224,toner,2026-06-30T23:46:12,0,Synthetic / Demo Data,2026-06-30T00:00:00
8213,6143,82,46225,moisturizer,2026-06-06T04:40:10,1,Synthetic / Demo Data,2026-06-06T00:00:00
8214,6145,21,46244,cleansing,2026-09-10T21:13:51,1,Synthetic / Demo Data,2026-09-10T00:00:00
8215,6145,108,46245,spf,2026-09-19T19:40:32,1,Synthetic / Demo Data,2026-09-19T00:00:00
8216,6148,51,46264,active,2026-07-22T05:45:25,1,Synthetic / Demo Data,2026-07-22T00:00:00
8217,6148,77,46270,moisturizer,2026-07-26T11:46:08,1,Synthetic / Demo Data,2026-07-26T00:00:00
8218,6150,116,46288,spf,2026-07-18T00:56:23,1,Synthetic / Demo Data,2026-07-18T00:00:00
8219,6150,117,46289,spf,2026-07-18T04:28:17,1,Synthetic / Demo Data,2026-07-18T00:00:00
8220,6150,105,46291,spf,2026-07-18T01:39:52,1,Synthetic / Demo Data,2026-07-18T00:00:00
8221,6151,88,46294,moisturizer,2026-06-08T09:09:59,1,Synthetic / Demo Data,2026-06-08T00:00:00
8222,6151,56,46300,active,2026-06-22T07:14:19,1,Synthetic / Demo Data,2026-06-22T00:00:00
8223,6152,24,46306,cleansing,2026-03-18T08:51:54,1,Synthetic / Demo Data,2026-03-18T00:00:00
8224,6153,19,46317,cleansing,2026-03-12T21:14:13,1,Synthetic / Demo Data,2026-03-12T00:00:00
8225,6153,118,46318,spf,2026-03-12T19:35:57,1,Synthetic / Demo Data,2026-03-12T00:00:00
8226,6153,114,46322,spf,2026-03-21T07:43:49,1,Synthetic / Demo Data,2026-03-21T00:00:00
8227,6155,52,46333,active,2026-03-28T08:39:20,1,Synthetic / Demo Data,2026-03-28T00:00:00
8228,6157,51,46338,active,2026-07-15T13:25:55,1,Synthetic / Demo Data,2026-07-15T00:00:00
8229,6158,100,46347,spf,2026-08-16T06:17:51,1,Synthetic / Demo Data,2026-08-16T00:00:00
8230,6158,31,46348,toner,2026-08-16T07:25:35,1,Synthetic / Demo Data,2026-08-16T00:00:00
8231,6158,53,46355,active,2026-08-24T04:55:54,1,Synthetic / Demo Data,2026-08-24T00:00:00
8232,6160,27,46367,toner,2026-01-12T01:15:52,1,Synthetic / Demo Data,2026-01-12T00:00:00
8233,6161,30,46379,toner,2026-05-23T14:28:48,1,Synthetic / Demo Data,2026-05-23T00:00:00
8234,6163,30,46390,toner,2026-06-30T00:55:42,1,Synthetic / Demo Data,2026-06-30T00:00:00
8235,6163,24,46396,cleansing,2026-07-04T06:26:40,0,Synthetic / Demo Data,2026-07-04T00:00:00
8236,6164,84,46404,moisturizer,2026-08-14T12:39:52,1,Synthetic / Demo Data,2026-08-14T00:00:00
8237,6164,7,46412,cleansing,2026-08-23T02:23:17,1,Synthetic / Demo Data,2026-08-23T00:00:00
8238,6164,113,46413,spf,2026-08-23T04:26:47,1,Synthetic / Demo Data,2026-08-23T00:00:00
8239,6164,57,46415,active,2026-08-23T15:33:47,1,Synthetic / Demo Data,2026-08-23T00:00:00
8240,6166,62,46420,active,2026-07-12T13:55:11,1,Synthetic / Demo Data,2026-07-12T00:00:00
8241,6166,74,46421,moisturizer,2026-07-12T17:14:14,1,Synthetic / Demo Data,2026-07-12T00:00:00
8242,6166,58,46422,active,2026-07-19T16:03:12,1,Synthetic / Demo Data,2026-07-19T00:00:00
8243,6167,83,46433,moisturizer,2026-05-12T02:44:31,1,Synthetic / Demo Data,2026-05-12T00:00:00
8244,6170,7,46457,cleansing,2026-08-29T01:33:55,1,Synthetic / Demo Data,2026-08-29T00:00:00
8245,6170,94,46459,moisturizer,2026-09-09T06:02:18,1,Synthetic / Demo Data,2026-09-09T00:00:00
8246,6170,82,46460,moisturizer,2026-09-09T08:13:42,1,Synthetic / Demo Data,2026-09-09T00:00:00
8247,6174,14,46464,cleansing,2026-03-03T07:57:42,1,Synthetic / Demo Data,2026-03-03T00:00:00
8248,6174,5,46466,cleansing,2026-03-03T07:43:52,1,Synthetic / Demo Data,2026-03-03T00:00:00
8249,6176,34,46472,toner,2026-06-30T06:54:33,1,Synthetic / Demo Data,2026-06-30T00:00:00
8250,6176,82,46475,moisturizer,2026-06-30T06:07:39,1,Synthetic / Demo Data,2026-06-30T00:00:00
8251,6176,10,46478,cleansing,2026-07-07T15:05:21,1,Synthetic / Demo Data,2026-07-07T00:00:00
8252,6176,116,46481,spf,2026-07-08T21:22:27,1,Synthetic / Demo Data,2026-07-08T00:00:00
8253,6177,37,46482,toner,2026-07-22T18:16:22,1,Synthetic / Demo Data,2026-07-22T00:00:00
8254,6177,86,46484,moisturizer,2026-07-22T19:23:51,0,Synthetic / Demo Data,2026-07-22T00:00:00
8255,6180,14,46505,cleansing,2026-09-09T06:09:24,0,Synthetic / Demo Data,2026-09-09T00:00:00
8256,6182,24,46526,cleansing,2026-07-30T01:00:34,1,Synthetic / Demo Data,2026-07-30T00:00:00
8257,6182,116,46534,spf,2026-08-05T01:46:02,0,Synthetic / Demo Data,2026-08-05T00:00:00
8258,6182,17,46536,cleansing,2026-08-08T07:17:03,1,Synthetic / Demo Data,2026-08-08T00:00:00
8259,6182,92,46537,moisturizer,2026-08-08T10:57:04,1,Synthetic / Demo Data,2026-08-08T00:00:00
8260,6185,10,46547,cleansing,2026-07-09T22:56:52,1,Synthetic / Demo Data,2026-07-09T00:00:00
8261,6187,106,46549,spf,2026-02-12T00:03:21,1,Synthetic / Demo Data,2026-02-12T00:00:00
8262,6187,21,46553,cleansing,2026-02-11T21:31:55,1,Synthetic / Demo Data,2026-02-11T00:00:00
8263,6188,104,46558,spf,2026-07-04T05:57:58,1,Synthetic / Demo Data,2026-07-04T00:00:00
8264,6188,116,46566,spf,2026-07-10T21:51:33,1,Synthetic / Demo Data,2026-07-10T00:00:00
8265,6189,21,46573,cleansing,2026-06-16T02:50:31,1,Synthetic / Demo Data,2026-06-16T00:00:00
8266,6189,6,46575,cleansing,2026-06-16T03:12:52,1,Synthetic / Demo Data,2026-06-16T00:00:00
8267,6189,36,46576,toner,2026-06-16T02:25:49,1,Synthetic / Demo Data,2026-06-16T00:00:00
8268,6189,18,46581,cleansing,2026-06-23T02:42:15,1,Synthetic / Demo Data,2026-06-23T00:00:00
8269,6191,88,46584,moisturizer,2026-03-30T05:24:27,1,Synthetic / Demo Data,2026-03-30T00:00:00
8270,6191,63,46589,active,2026-04-05T07:23:49,1,Synthetic / Demo Data,2026-04-05T00:00:00
8271,6191,36,46591,toner,2026-04-05T13:14:11,1,Synthetic / Demo Data,2026-04-05T00:00:00
8272,6192,17,46599,cleansing,2026-07-05T11:54:40,1,Synthetic / Demo Data,2026-07-05T00:00:00
8273,6193,107,46603,spf,2026-08-11T02:23:13,1,Synthetic / Demo Data,2026-08-11T00:00:00
8274,6193,103,46604,spf,2026-08-11T03:24:07,1,Synthetic / Demo Data,2026-08-11T00:00:00
8275,6193,66,46607,active,2026-08-11T08:26:45,1,Synthetic / Demo Data,2026-08-11T00:00:00
8276,6193,82,46608,moisturizer,2026-08-11T05:09:11,1,Synthetic / Demo Data,2026-08-11T00:00:00
8277,6194,39,46615,toner,2026-04-08T18:49:52,1,Synthetic / Demo Data,2026-04-08T00:00:00
8278,6196,17,46617,cleansing,2026-09-06T23:23:19,1,Synthetic / Demo Data,2026-09-06T00:00:00
8279,6197,24,46628,cleansing,2026-09-12T22:28:31,1,Synthetic / Demo Data,2026-09-12T00:00:00
8280,6198,110,46634,spf,2026-04-17T08:01:51,1,Synthetic / Demo Data,2026-04-17T00:00:00
8281,6198,21,46640,cleansing,2026-04-18T16:48:44,1,Synthetic / Demo Data,2026-04-18T00:00:00
8282,6199,28,46647,toner,2026-07-06T05:10:35,1,Synthetic / Demo Data,2026-07-06T00:00:00
8283,6199,21,46652,cleansing,2026-07-07T15:46:02,1,Synthetic / Demo Data,2026-07-07T00:00:00
8284,6200,73,46653,moisturizer,2026-05-26T15:07:11,1,Synthetic / Demo Data,2026-05-26T00:00:00
8285,6200,116,46657,spf,2026-05-26T10:12:14,1,Synthetic / Demo Data,2026-05-26T00:00:00
8286,6200,82,46660,moisturizer,2026-06-08T13:37:36,1,Synthetic / Demo Data,2026-06-08T00:00:00
8287,6202,25,46668,toner,2026-05-02T00:12:23,1,Synthetic / Demo Data,2026-05-02T00:00:00
8288,6202,107,46669,spf,2026-05-02T03:30:58,1,Synthetic / Demo Data,2026-05-02T00:00:00
8289,6202,69,46673,active,2026-05-09T22:12:35,1,Synthetic / Demo Data,2026-05-09T00:00:00
8290,6202,117,46674,spf,2026-05-09T21:53:31,1,Synthetic / Demo Data,2026-05-09T00:00:00
8291,6202,77,46675,moisturizer,2026-05-09T22:09:14,0,Synthetic / Demo Data,2026-05-09T00:00:00
8292,6202,1,46678,cleansing,2026-05-13T08:53:19,1,Synthetic / Demo Data,2026-05-13T00:00:00
8293,6203,15,46679,cleansing,2026-06-17T02:45:54,1,Synthetic / Demo Data,2026-06-17T00:00:00
8294,6203,118,46680,spf,2026-06-17T01:23:25,1,Synthetic / Demo Data,2026-06-17T00:00:00
8295,6203,112,46684,spf,2026-06-17T10:41:01,1,Synthetic / Demo Data,2026-06-17T00:00:00
8296,6203,19,46689,cleansing,2026-07-03T04:15:10,1,Synthetic / Demo Data,2026-07-03T00:00:00
8297,6203,38,46690,toner,2026-07-03T00:39:58,1,Synthetic / Demo Data,2026-07-03T00:00:00
8298,6204,107,46699,spf,2026-06-08T08:10:49,1,Synthetic / Demo Data,2026-06-08T00:00:00
8299,6205,87,46703,moisturizer,2026-04-19T20:05:28,1,Synthetic / Demo Data,2026-04-19T00:00:00
8300,6205,66,46706,active,2026-04-19T19:47:01,1,Synthetic / Demo Data,2026-04-19T00:00:00
8301,6207,69,46714,active,2026-07-12T19:54:39,1,Synthetic / Demo Data,2026-07-12T00:00:00
8302,6209,80,46718,moisturizer,2026-07-27T10:20:43,1,Synthetic / Demo Data,2026-07-27T00:00:00
8303,6210,11,46731,cleansing,2026-06-11T00:46:37,0,Synthetic / Demo Data,2026-06-11T00:00:00
8304,6210,83,46738,moisturizer,2026-06-21T04:07:17,1,Synthetic / Demo Data,2026-06-21T00:00:00
8305,6211,76,46740,moisturizer,2026-07-29T10:01:11,1,Synthetic / Demo Data,2026-07-29T00:00:00
8306,6211,37,46749,toner,2026-08-03T13:24:46,1,Synthetic / Demo Data,2026-08-03T00:00:00
8307,6211,116,46750,spf,2026-08-11T12:10:01,0,Synthetic / Demo Data,2026-08-11T00:00:00
8308,6212,116,46754,spf,2026-05-08T10:20:46,1,Synthetic / Demo Data,2026-05-08T00:00:00
8309,6212,6,46757,cleansing,2026-05-08T10:21:31,1,Synthetic / Demo Data,2026-05-08T00:00:00
8310,6212,76,46760,moisturizer,2026-05-09T19:56:40,1,Synthetic / Demo Data,2026-05-09T00:00:00
8311,6213,10,46768,cleansing,2026-06-26T06:16:39,1,Synthetic / Demo Data,2026-06-26T00:00:00
8312,6215,27,46774,toner,2026-03-21T00:38:06,1,Synthetic / Demo Data,2026-03-21T00:00:00
8313,6215,7,46778,cleansing,2026-03-25T14:58:21,1,Synthetic / Demo Data,2026-03-25T00:00:00
8314,6217,7,46780,cleansing,2026-05-21T08:24:55,1,Synthetic / Demo Data,2026-05-21T00:00:00
8315,6219,83,46788,moisturizer,2026-04-24T22:52:05,1,Synthetic / Demo Data,2026-04-24T00:00:00
8316,6219,10,46794,cleansing,2026-05-08T22:57:23,1,Synthetic / Demo Data,2026-05-08T00:00:00
8317,6221,14,46807,cleansing,2026-01-22T18:18:11,1,Synthetic / Demo Data,2026-01-22T00:00:00
8318,6221,106,46808,spf,2026-01-22T15:06:33,1,Synthetic / Demo Data,2026-01-22T00:00:00
8319,6221,27,46809,toner,2026-01-22T20:09:42,1,Synthetic / Demo Data,2026-01-22T00:00:00
8320,6223,74,46820,moisturizer,2026-05-02T18:50:41,1,Synthetic / Demo Data,2026-05-02T00:00:00
8321,6224,88,46822,moisturizer,2026-08-21T06:43:43,1,Synthetic / Demo Data,2026-08-21T00:00:00
8322,6224,39,46824,toner,2026-08-21T02:03:35,1,Synthetic / Demo Data,2026-08-21T00:00:00
8323,6224,5,46827,cleansing,2026-08-29T04:00:32,1,Synthetic / Demo Data,2026-08-29T00:00:00
8324,6225,90,46844,moisturizer,2026-03-28T12:59:21,1,Synthetic / Demo Data,2026-03-28T00:00:00
8325,6225,82,46846,moisturizer,2026-03-31T00:50:20,0,Synthetic / Demo Data,2026-03-31T00:00:00
8326,6227,51,46857,active,2026-07-18T01:38:20,1,Synthetic / Demo Data,2026-07-18T00:00:00
8327,6228,76,46867,moisturizer,2026-02-26T03:29:40,1,Synthetic / Demo Data,2026-02-26T00:00:00
8328,6229,17,46879,cleansing,2026-09-08T20:03:12,0,Synthetic / Demo Data,2026-09-08T00:00:00
8329,6230,74,46885,moisturizer,2026-02-06T02:42:17,1,Synthetic / Demo Data,2026-02-06T00:00:00
8330,6230,25,46893,toner,2026-02-06T19:15:34,0,Synthetic / Demo Data,2026-02-06T00:00:00
8331,6231,36,46901,toner,2026-02-08T08:11:36,1,Synthetic / Demo Data,2026-02-08T00:00:00
8332,6232,77,46912,moisturizer,2026-02-26T05:02:20,1,Synthetic / Demo Data,2026-02-26T00:00:00
8333,6233,9,46927,cleansing,2026-05-29T19:06:42,1,Synthetic / Demo Data,2026-05-29T00:00:00
8334,6233,65,46931,active,2026-06-13T22:57:06,1,Synthetic / Demo Data,2026-06-13T00:00:00
8335,6234,78,46938,moisturizer,2026-07-16T16:26:57,1,Synthetic / Demo Data,2026-07-16T00:00:00
8336,6235,99,46942,spf,2026-09-05T20:36:32,1,Synthetic / Demo Data,2026-09-05T00:00:00
8337,6235,66,46945,active,2026-09-07T13:21:39,1,Synthetic / Demo Data,2026-09-07T00:00:00
8338,6236,97,46951,spf,2026-04-01T13:17:09,1,Synthetic / Demo Data,2026-04-01T00:00:00
8339,6236,89,46953,moisturizer,2026-04-01T12:16:24,1,Synthetic / Demo Data,2026-04-01T00:00:00
8340,6236,17,46956,cleansing,2026-04-16T09:24:25,1,Synthetic / Demo Data,2026-04-16T00:00:00
8341,6236,28,46957,toner,2026-04-16T07:21:51,0,Synthetic / Demo Data,2026-04-16T00:00:00
8342,6237,89,46958,moisturizer,2026-07-02T08:58:33,1,Synthetic / Demo Data,2026-07-02T00:00:00
8343,6237,17,46961,cleansing,2026-07-02T09:42:35,1,Synthetic / Demo Data,2026-07-02T00:00:00
8344,6237,117,46962,spf,2026-07-02T13:35:48,1,Synthetic / Demo Data,2026-07-02T00:00:00
8345,6238,75,46967,moisturizer,2026-02-02T08:38:51,1,Synthetic / Demo Data,2026-02-02T00:00:00
8346,6239,120,46978,spf,2026-06-04T20:48:33,1,Synthetic / Demo Data,2026-06-04T00:00:00
8347,6239,86,46985,moisturizer,2026-06-12T05:02:42,1,Synthetic / Demo Data,2026-06-12T00:00:00
8348,6241,83,46993,moisturizer,2026-06-24T22:55:44,1,Synthetic / Demo Data,2026-06-24T00:00:00
8349,6242,3,46995,cleansing,2026-05-13T01:58:52,1,Synthetic / Demo Data,2026-05-13T00:00:00
8350,6242,116,47000,spf,2026-05-19T09:59:11,1,Synthetic / Demo Data,2026-05-19T00:00:00
8351,6245,63,47014,active,2026-06-29T17:22:49,1,Synthetic / Demo Data,2026-06-29T00:00:00
8352,6245,55,47015,active,2026-06-29T16:24:23,1,Synthetic / Demo Data,2026-06-29T00:00:00
8353,6245,14,47018,cleansing,2026-07-11T01:54:05,0,Synthetic / Demo Data,2026-07-11T00:00:00
8354,6246,117,47026,spf,2026-03-31T01:14:44,1,Synthetic / Demo Data,2026-03-31T00:00:00
8355,6250,1,47042,cleansing,2026-02-19T14:11:12,1,Synthetic / Demo Data,2026-02-19T00:00:00
8356,6251,114,47051,spf,2026-03-09T02:16:19,1,Synthetic / Demo Data,2026-03-09T00:00:00
8357,6251,21,47053,cleansing,2026-03-08T21:34:31,0,Synthetic / Demo Data,2026-03-08T00:00:00
8358,6251,92,47055,moisturizer,2026-03-09T04:47:49,1,Synthetic / Demo Data,2026-03-09T00:00:00
8359,6251,40,47057,toner,2026-03-09T13:59:56,1,Synthetic / Demo Data,2026-03-09T00:00:00
8360,6251,34,47058,toner,2026-03-09T13:51:33,1,Synthetic / Demo Data,2026-03-09T00:00:00
8361,6251,35,47061,toner,2026-03-20T02:50:58,1,Synthetic / Demo Data,2026-03-20T00:00:00
8362,6253,116,47062,spf,2026-07-09T14:07:59,1,Synthetic / Demo Data,2026-07-09T00:00:00
8363,6253,74,47070,moisturizer,2026-07-13T03:08:18,1,Synthetic / Demo Data,2026-07-13T00:00:00
8364,6253,14,47071,cleansing,2026-07-12T23:44:37,1,Synthetic / Demo Data,2026-07-12T00:00:00
8365,6253,15,47074,cleansing,2026-07-14T02:38:13,0,Synthetic / Demo Data,2026-07-14T00:00:00
8366,6253,82,47080,moisturizer,2026-07-29T07:21:55,1,Synthetic / Demo Data,2026-07-29T00:00:00
8367,6254,116,47083,spf,2026-06-22T09:53:27,1,Synthetic / Demo Data,2026-06-22T00:00:00
8368,6254,82,47084,moisturizer,2026-06-22T10:39:06,1,Synthetic / Demo Data,2026-06-22T00:00:00
8369,6255,46,47096,toner,2026-02-14T17:27:12,1,Synthetic / Demo Data,2026-02-14T00:00:00
8370,6256,116,47111,spf,2026-04-02T15:16:02,1,Synthetic / Demo Data,2026-04-02T00:00:00
8371,6259,92,47114,moisturizer,2026-06-20T06:17:50,0,Synthetic / Demo Data,2026-06-20T00:00:00
8372,6259,73,47123,moisturizer,2026-06-28T03:54:28,1,Synthetic / Demo Data,2026-06-28T00:00:00
8373,6259,41,47124,toner,2026-06-30T14:09:09,1,Synthetic / Demo Data,2026-06-30T00:00:00
8374,6259,118,47126,spf,2026-06-30T09:01:18,1,Synthetic / Demo Data,2026-06-30T00:00:00
8375,6260,81,47128,moisturizer,2026-04-25T20:34:45,1,Synthetic / Demo Data,2026-04-25T00:00:00
8376,6260,116,47130,spf,2026-04-25T21:23:12,1,Synthetic / Demo Data,2026-04-25T00:00:00
8377,6260,27,47139,toner,2026-05-12T03:16:13,0,Synthetic / Demo Data,2026-05-12T00:00:00
8378,6262,15,47149,cleansing,2026-08-02T17:53:54,1,Synthetic / Demo Data,2026-08-02T00:00:00
8379,6262,77,47152,moisturizer,2026-08-02T19:00:08,1,Synthetic / Demo Data,2026-08-02T00:00:00
8380,6262,7,47154,cleansing,2026-08-03T17:59:54,1,Synthetic / Demo Data,2026-08-03T00:00:00
8381,6262,116,47156,spf,2026-08-03T15:05:10,0,Synthetic / Demo Data,2026-08-03T00:00:00
8382,6262,46,47159,toner,2026-08-05T14:38:51,1,Synthetic / Demo Data,2026-08-05T00:00:00
8383,6262,90,47160,moisturizer,2026-08-05T13:39:51,1,Synthetic / Demo Data,2026-08-05T00:00:00
8384,6262,112,47161,spf,2026-08-05T14:40:22,1,Synthetic / Demo Data,2026-08-05T00:00:00
8385,6262,10,47164,cleansing,2026-08-05T19:52:00,1,Synthetic / Demo Data,2026-08-05T00:00:00
8386,6268,116,47176,spf,2026-06-15T18:49:40,1,Synthetic / Demo Data,2026-06-15T00:00:00
8387,6268,45,47177,toner,2026-06-15T20:42:13,0,Synthetic / Demo Data,2026-06-15T00:00:00
8388,6268,80,47183,moisturizer,2026-06-18T23:02:18,1,Synthetic / Demo Data,2026-06-18T00:00:00
8389,6273,16,47195,cleansing,2026-07-28T14:38:35,0,Synthetic / Demo Data,2026-07-28T00:00:00
8390,6273,50,47196,active,2026-07-28T19:55:40,1,Synthetic / Demo Data,2026-07-28T00:00:00
8391,6273,40,47199,toner,2026-08-03T07:39:35,1,Synthetic / Demo Data,2026-08-03T00:00:00
8392,6273,13,47200,cleansing,2026-08-03T08:27:48,1,Synthetic / Demo Data,2026-08-03T00:00:00
8393,6273,107,47201,spf,2026-08-03T06:52:17,1,Synthetic / Demo Data,2026-08-03T00:00:00
8394,6274,32,47205,toner,2026-02-17T10:27:41,1,Synthetic / Demo Data,2026-02-17T00:00:00
8395,6275,21,47214,cleansing,2026-06-23T02:48:13,1,Synthetic / Demo Data,2026-06-23T00:00:00
8396,6276,87,47218,moisturizer,2026-06-17T15:16:42,1,Synthetic / Demo Data,2026-06-17T00:00:00
8397,6279,82,47241,moisturizer,2026-07-02T00:55:17,1,Synthetic / Demo Data,2026-07-02T00:00:00
8398,6279,22,47245,cleansing,2026-07-09T12:42:04,0,Synthetic / Demo Data,2026-07-09T00:00:00
8399,6279,21,47247,cleansing,2026-07-09T15:55:32,1,Synthetic / Demo Data,2026-07-09T00:00:00
8400,6280,39,47254,toner,2026-02-18T10:46:24,1,Synthetic / Demo Data,2026-02-18T00:00:00
8401,6281,32,47270,toner,2026-08-27T11:27:47,1,Synthetic / Demo Data,2026-08-27T00:00:00
8402,6282,13,47276,cleansing,2026-05-02T12:01:40,1,Synthetic / Demo Data,2026-05-02T00:00:00
8403,6284,100,47282,spf,2026-03-26T06:10:19,1,Synthetic / Demo Data,2026-03-26T00:00:00
8404,6284,21,47285,cleansing,2026-03-26T06:49:58,0,Synthetic / Demo Data,2026-03-26T00:00:00
8405,6287,85,47292,moisturizer,2026-04-16T05:24:47,0,Synthetic / Demo Data,2026-04-16T00:00:00
8406,6289,84,47298,moisturizer,2026-04-13T12:44:22,1,Synthetic / Demo Data,2026-04-13T00:00:00
8407,6289,63,47306,active,2026-05-01T00:40:14,0,Synthetic / Demo Data,2026-05-01T00:00:00
8408,6290,81,47312,moisturizer,2026-04-03T07:14:37,1,Synthetic / Demo Data,2026-04-03T00:00:00
8409,6290,100,47313,spf,2026-04-02T23:24:04,1,Synthetic / Demo Data,2026-04-02T00:00:00
8410,6290,36,47317,toner,2026-04-06T02:35:08,1,Synthetic / Demo Data,2026-04-06T00:00:00
8411,6290,27,47319,toner,2026-04-06T04:50:19,1,Synthetic / Demo Data,2026-04-06T00:00:00
8412,6290,74,47320,moisturizer,2026-04-11T20:35:44,1,Synthetic / Demo Data,2026-04-11T00:00:00
8413,6290,35,47322,toner,2026-04-11T20:12:55,1,Synthetic / Demo Data,2026-04-11T00:00:00
8414,6290,118,47323,spf,2026-04-11T19:13:22,1,Synthetic / Demo Data,2026-04-11T00:00:00
8415,6291,19,47324,cleansing,2026-06-04T20:59:26,1,Synthetic / Demo Data,2026-06-04T00:00:00
8416,6291,82,47332,moisturizer,2026-06-13T20:02:16,1,Synthetic / Demo Data,2026-06-13T00:00:00
8417,6296,44,47340,toner,2026-04-27T19:08:01,1,Synthetic / Demo Data,2026-04-27T00:00:00
8418,6296,2,47344,cleansing,2026-05-02T00:31:29,1,Synthetic / Demo Data,2026-05-02T00:00:00
8419,6298,89,47369,moisturizer,2026-08-23T23:17:41,0,Synthetic / Demo Data,2026-08-23T00:00:00
8420,6299,67,47370,active,2026-07-01T08:16:03,1,Synthetic / Demo Data,2026-07-01T00:00:00
8421,6300,81,47387,moisturizer,2026-05-20T16:48:38,1,Synthetic / Demo Data,2026-05-20T00:00:00
8422,6300,77,47390,moisturizer,2026-05-20T17:27:59,1,Synthetic / Demo Data,2026-05-20T00:00:00
8423,6300,1,47393,cleansing,2026-05-20T19:39:13,1,Synthetic / Demo Data,2026-05-20T00:00:00
8424,6301,51,47404,active,2026-08-05T14:39:55,1,Synthetic / Demo Data,2026-08-05T00:00:00
8425,6304,17,47406,cleansing,2026-06-03T15:00:14,1,Synthetic / Demo Data,2026-06-03T00:00:00
8426,6304,24,47407,cleansing,2026-06-03T14:53:43,1,Synthetic / Demo Data,2026-06-03T00:00:00
8427,6304,1,47409,cleansing,2026-06-03T16:24:44,1,Synthetic / Demo Data,2026-06-03T00:00:00
8428,6304,8,47414,cleansing,2026-06-06T11:28:26,1,Synthetic / Demo Data,2026-06-06T00:00:00
8429,6304,46,47416,toner,2026-06-07T20:15:13,1,Synthetic / Demo Data,2026-06-07T00:00:00
8430,6305,92,47423,moisturizer,2026-06-07T20:00:32,1,Synthetic / Demo Data,2026-06-07T00:00:00
8431,6305,27,47426,toner,2026-06-07T23:11:51,1,Synthetic / Demo Data,2026-06-07T00:00:00
8432,6305,82,47427,moisturizer,2026-06-17T00:45:49,0,Synthetic / Demo Data,2026-06-17T00:00:00
8433,6308,36,47442,toner,2026-09-03T22:15:37,1,Synthetic / Demo Data,2026-09-03T00:00:00
8434,6309,116,47452,spf,2026-05-10T04:54:39,1,Synthetic / Demo Data,2026-05-10T00:00:00
8435,6310,28,47461,toner,2026-04-06T20:58:56,1,Synthetic / Demo Data,2026-04-06T00:00:00
8436,6310,9,47464,cleansing,2026-04-07T03:02:12,1,Synthetic / Demo Data,2026-04-07T00:00:00
8437,6311,82,47466,moisturizer,2026-08-10T01:49:32,1,Synthetic / Demo Data,2026-08-10T00:00:00
8438,6311,107,47468,spf,2026-08-09T21:18:09,0,Synthetic / Demo Data,2026-08-09T00:00:00
8439,6311,63,47477,active,2026-08-23T11:01:06,1,Synthetic / Demo Data,2026-08-23T00:00:00
8440,6311,37,47478,toner,2026-08-23T12:14:17,1,Synthetic / Demo Data,2026-08-23T00:00:00
8441,6313,110,47487,spf,2026-06-13T17:10:17,1,Synthetic / Demo Data,2026-06-13T00:00:00
8442,6314,12,47489,cleansing,2026-03-19T18:24:32,0,Synthetic / Demo Data,2026-03-19T00:00:00
8443,6314,105,47498,spf,2026-04-04T22:23:14,1,Synthetic / Demo Data,2026-04-04T00:00:00
8444,6318,116,47511,spf,2026-04-24T18:36:55,1,Synthetic / Demo Data,2026-04-24T00:00:00
8445,6318,17,47514,cleansing,2026-04-28T07:21:59,1,Synthetic / Demo Data,2026-04-28T00:00:00
8446,6319,50,47515,active,2026-08-24T15:51:23,1,Synthetic / Demo Data,2026-08-24T00:00:00
8447,6319,83,47521,moisturizer,2026-08-27T22:07:39,1,Synthetic / Demo Data,2026-08-27T00:00:00
8448,6319,101,47522,spf,2026-08-27T22:44:25,1,Synthetic / Demo Data,2026-08-27T00:00:00
8449,6320,102,47539,spf,2026-08-27T18:51:28,1,Synthetic / Demo Data,2026-08-27T00:00:00
8450,6321,37,47542,toner,2026-07-22T22:05:42,1,Synthetic / Demo Data,2026-07-22T00:00:00
8451,6321,14,47549,cleansing,2026-07-25T08:58:08,1,Synthetic / Demo Data,2026-07-25T00:00:00
8452,6322,75,47555,moisturizer,2026-05-23T18:20:51,1,Synthetic / Demo Data,2026-05-23T00:00:00
8453,6323,67,47562,active,2026-03-13T00:28:30,1,Synthetic / Demo Data,2026-03-13T00:00:00
8454,6323,16,47563,cleansing,2026-03-12T19:22:08,1,Synthetic / Demo Data,2026-03-12T00:00:00
8455,6323,57,47564,active,2026-03-12T19:44:30,0,Synthetic / Demo Data,2026-03-12T00:00:00
8456,6323,94,47570,moisturizer,2026-03-18T02:15:25,0,Synthetic / Demo Data,2026-03-18T00:00:00
8457,6326,49,47577,active,2026-07-06T06:45:33,1,Synthetic / Demo Data,2026-07-06T00:00:00
8458,6328,27,47586,toner,2026-03-14T21:43:49,1,Synthetic / Demo Data,2026-03-14T00:00:00
8459,6328,25,47589,toner,2026-03-15T00:06:32,1,Synthetic / Demo Data,2026-03-15T00:00:00
8460,6328,52,47590,active,2026-03-14T20:55:41,1,Synthetic / Demo Data,2026-03-14T00:00:00
8461,6330,69,47595,active,2026-04-21T20:22:59,1,Synthetic / Demo Data,2026-04-21T00:00:00
8462,6330,55,47607,active,2026-05-08T03:39:02,1,Synthetic / Demo Data,2026-05-08T00:00:00
8463,6331,103,47611,spf,2026-03-11T08:21:05,1,Synthetic / Demo Data,2026-03-11T00:00:00
8464,6331,63,47613,active,2026-03-11T10:28:56,1,Synthetic / Demo Data,2026-03-11T00:00:00
8465,6331,100,47619,spf,2026-03-20T05:59:44,1,Synthetic / Demo Data,2026-03-20T00:00:00
8466,6331,16,47620,cleansing,2026-03-20T00:09:08,1,Synthetic / Demo Data,2026-03-20T00:00:00
8467,6332,63,47629,active,2026-05-04T16:58:52,1,Synthetic / Demo Data,2026-05-04T00:00:00
8468,6332,106,47636,spf,2026-05-08T23:34:03,1,Synthetic / Demo Data,2026-05-08T00:00:00
8469,6333,100,47642,spf,2026-07-12T18:20:10,1,Synthetic / Demo Data,2026-07-12T00:00:00
8470,6333,76,47645,moisturizer,2026-07-12T15:53:23,1,Synthetic / Demo Data,2026-07-12T00:00:00
8471,6334,26,47652,toner,2026-01-14T00:38:24,1,Synthetic / Demo Data,2026-01-14T00:00:00
8472,6336,65,47661,active,2026-08-14T18:38:58,1,Synthetic / Demo Data,2026-08-14T00:00:00
8473,6336,14,47662,cleansing,2026-08-15T02:07:16,1,Synthetic / Demo Data,2026-08-15T00:00:00
8474,6336,103,47664,spf,2026-08-14T21:10:36,1,Synthetic / Demo Data,2026-08-14T00:00:00
8475,6337,116,47670,spf,2026-04-12T17:04:44,1,Synthetic / Demo Data,2026-04-12T00:00:00
8476,6337,39,47672,toner,2026-04-12T18:10:18,1,Synthetic / Demo Data,2026-04-12T00:00:00
8477,6338,24,47691,cleansing,2026-08-18T09:09:16,1,Synthetic / Demo Data,2026-08-18T00:00:00
8478,6339,113,47694,spf,2026-01-23T04:54:08,1,Synthetic / Demo Data,2026-01-23T00:00:00
8479,6339,40,47699,toner,2026-01-23T22:56:04,1,Synthetic / Demo Data,2026-01-23T00:00:00
8480,6343,37,47700,toner,2026-03-27T10:41:48,1,Synthetic / Demo Data,2026-03-27T00:00:00
8481,6343,51,47706,active,2026-03-27T19:56:34,1,Synthetic / Demo Data,2026-03-27T00:00:00
8482,6343,24,47707,cleansing,2026-03-27T21:34:27,1,Synthetic / Demo Data,2026-03-27T00:00:00
8483,6349,82,47742,moisturizer,2026-08-13T18:16:52,0,Synthetic / Demo Data,2026-08-13T00:00:00
8484,6349,83,47744,moisturizer,2026-08-13T13:52:32,0,Synthetic / Demo Data,2026-08-13T00:00:00
8485,6349,103,47745,spf,2026-08-29T05:09:01,1,Synthetic / Demo Data,2026-08-29T00:00:00
8486,6349,7,47746,cleansing,2026-08-29T06:49:54,1,Synthetic / Demo Data,2026-08-29T00:00:00
8487,6352,116,47754,spf,2026-06-02T17:23:10,1,Synthetic / Demo Data,2026-06-02T00:00:00
8488,6352,6,47755,cleansing,2026-06-02T22:10:50,1,Synthetic / Demo Data,2026-06-02T00:00:00
8489,6352,103,47761,spf,2026-06-11T03:44:22,1,Synthetic / Demo Data,2026-06-11T00:00:00
8490,6352,96,47767,moisturizer,2026-06-17T16:48:09,1,Synthetic / Demo Data,2026-06-17T00:00:00
8491,6352,67,47768,active,2026-06-17T16:58:42,1,Synthetic / Demo Data,2026-06-17T00:00:00
8492,6352,78,47769,moisturizer,2026-06-17T22:24:46,1,Synthetic / Demo Data,2026-06-17T00:00:00
8493,6355,90,47779,moisturizer,2026-08-10T19:29:04,0,Synthetic / Demo Data,2026-08-10T00:00:00
8494,6358,107,47783,spf,2026-01-23T23:00:24,1,Synthetic / Demo Data,2026-01-23T00:00:00
8495,6359,54,47802,active,2026-01-31T03:58:49,1,Synthetic / Demo Data,2026-01-31T00:00:00
8496,6361,97,47813,spf,2026-01-13T08:55:42,1,Synthetic / Demo Data,2026-01-13T00:00:00
8497,6361,14,47815,cleansing,2026-01-13T10:46:20,1,Synthetic / Demo Data,2026-01-13T00:00:00
8498,6362,34,47828,toner,2026-06-27T02:15:33,1,Synthetic / Demo Data,2026-06-27T00:00:00
8499,6363,3,47844,cleansing,2026-02-13T10:45:01,1,Synthetic / Demo Data,2026-02-13T00:00:00
8500,6363,120,47845,spf,2026-02-13T11:08:58,1,Synthetic / Demo Data,2026-02-13T00:00:00
8501,6364,21,47858,cleansing,2026-06-02T13:45:11,1,Synthetic / Demo Data,2026-06-02T00:00:00
8502,6366,12,47880,cleansing,2026-04-25T17:26:38,1,Synthetic / Demo Data,2026-04-25T00:00:00
8503,6368,88,47887,moisturizer,2026-02-22T22:24:43,1,Synthetic / Demo Data,2026-02-22T00:00:00
8504,6369,55,47900,active,2026-02-28T22:53:00,1,Synthetic / Demo Data,2026-02-28T00:00:00
8505,6370,72,47902,active,2026-02-11T09:57:39,1,Synthetic / Demo Data,2026-02-11T00:00:00
8506,6370,9,47910,cleansing,2026-02-20T18:20:59,1,Synthetic / Demo Data,2026-02-20T00:00:00
8507,6371,96,47911,moisturizer,2026-06-07T17:12:52,1,Synthetic / Demo Data,2026-06-07T00:00:00
8508,6371,74,47914,moisturizer,2026-06-07T23:20:15,1,Synthetic / Demo Data,2026-06-07T00:00:00
8509,6371,76,47917,moisturizer,2026-06-12T12:52:35,1,Synthetic / Demo Data,2026-06-12T00:00:00
8510,6371,93,47920,moisturizer,2026-06-12T11:20:23,1,Synthetic / Demo Data,2026-06-12T00:00:00
8511,6371,118,47921,spf,2026-06-13T07:22:08,1,Synthetic / Demo Data,2026-06-13T00:00:00
8512,6372,63,47925,active,2026-03-15T10:23:52,1,Synthetic / Demo Data,2026-03-15T00:00:00
8513,6372,88,47926,moisturizer,2026-03-15T16:14:42,1,Synthetic / Demo Data,2026-03-15T00:00:00
8514,6372,4,47927,cleansing,2026-03-22T13:56:16,1,Synthetic / Demo Data,2026-03-22T00:00:00
8515,6373,8,47930,cleansing,2026-02-03T22:29:41,1,Synthetic / Demo Data,2026-02-03T00:00:00
8516,6373,16,47932,cleansing,2026-02-04T01:27:17,1,Synthetic / Demo Data,2026-02-04T00:00:00
8517,6373,63,47935,active,2026-02-05T13:06:47,1,Synthetic / Demo Data,2026-02-05T00:00:00
8518,6373,34,47939,toner,2026-02-05T13:40:02,0,Synthetic / Demo Data,2026-02-05T00:00:00
8519,6373,5,47940,cleansing,2026-02-23T19:20:10,1,Synthetic / Demo Data,2026-02-23T00:00:00
8520,6375,112,47943,spf,2026-06-24T22:30:20,1,Synthetic / Demo Data,2026-06-24T00:00:00
8521,6375,41,47945,toner,2026-06-24T20:36:13,1,Synthetic / Demo Data,2026-06-24T00:00:00
8522,6375,20,47948,cleansing,2026-06-29T15:15:23,1,Synthetic / Demo Data,2026-06-29T00:00:00
8523,6375,3,47949,cleansing,2026-06-29T12:17:24,1,Synthetic / Demo Data,2026-06-29T00:00:00
8524,6375,96,47952,moisturizer,2026-07-05T23:05:21,1,Synthetic / Demo Data,2026-07-05T00:00:00
8525,6376,12,47959,cleansing,2026-05-06T22:08:53,1,Synthetic / Demo Data,2026-05-06T00:00:00
8526,6377,12,47964,cleansing,2026-03-05T05:46:28,1,Synthetic / Demo Data,2026-03-05T00:00:00
8527,6380,28,47983,toner,2026-06-20T06:00:19,1,Synthetic / Demo Data,2026-06-20T00:00:00
8528,6380,101,47991,spf,2026-07-03T16:13:54,1,Synthetic / Demo Data,2026-07-03T00:00:00
8529,6381,52,47992,active,2026-09-02T11:31:24,1,Synthetic / Demo Data,2026-09-02T00:00:00
8530,6381,25,48000,toner,2026-09-12T01:28:12,1,Synthetic / Demo Data,2026-09-12T00:00:00
8531,6381,77,48006,moisturizer,2026-09-23T20:02:17,1,Synthetic / Demo Data,2026-09-23T00:00:00
8532,6384,116,48007,spf,2026-05-22T23:22:18,1,Synthetic / Demo Data,2026-05-22T00:00:00
8533,6384,91,48009,moisturizer,2026-05-22T23:54:02,1,Synthetic / Demo Data,2026-05-22T00:00:00
8534,6384,120,48013,spf,2026-05-29T22:04:14,1,Synthetic / Demo Data,2026-05-29T00:00:00
8535,6384,27,48016,toner,2026-05-29T21:53:20,1,Synthetic / Demo Data,2026-05-29T00:00:00
8536,6389,53,48025,active,2026-06-04T05:17:07,1,Synthetic / Demo Data,2026-06-04T00:00:00
8537,6389,69,48026,active,2026-06-04T03:04:33,1,Synthetic / Demo Data,2026-06-04T00:00:00
8538,6389,63,48031,active,2026-06-07T08:24:49,1,Synthetic / Demo Data,2026-06-07T00:00:00
8539,6390,74,48034,moisturizer,2026-05-23T14:44:08,1,Synthetic / Demo Data,2026-05-23T00:00:00
8540,6391,30,48037,toner,2026-02-19T21:06:52,1,Synthetic / Demo Data,2026-02-19T00:00:00
8541,6391,70,48041,active,2026-02-19T23:35:55,1,Synthetic / Demo Data,2026-02-19T00:00:00
8542,6391,112,48043,spf,2026-03-05T21:17:04,1,Synthetic / Demo Data,2026-03-05T00:00:00
8543,6392,116,48049,spf,2026-01-23T10:26:43,1,Synthetic / Demo Data,2026-01-23T00:00:00
8544,6392,45,48055,toner,2026-02-05T12:47:45,1,Synthetic / Demo Data,2026-02-05T00:00:00
8545,6397,51,48086,active,2026-08-27T23:49:47,1,Synthetic / Demo Data,2026-08-27T00:00:00
8546,6397,17,48090,cleansing,2026-08-28T03:16:35,1,Synthetic / Demo Data,2026-08-28T00:00:00
8547,6397,74,48093,moisturizer,2026-08-29T08:29:21,1,Synthetic / Demo Data,2026-08-29T00:00:00
8548,6398,120,48096,spf,2026-01-14T20:47:25,0,Synthetic / Demo Data,2026-01-14T00:00:00
8549,6398,74,48099,moisturizer,2026-02-01T03:41:44,1,Synthetic / Demo Data,2026-02-01T00:00:00
8550,6398,103,48101,spf,2026-02-01T02:51:28,1,Synthetic / Demo Data,2026-02-01T00:00:00
8551,6402,83,48109,moisturizer,2026-09-05T19:51:44,1,Synthetic / Demo Data,2026-09-05T00:00:00
8552,6402,14,48113,cleansing,2026-09-11T11:43:13,1,Synthetic / Demo Data,2026-09-11T00:00:00
8553,6406,103,48136,spf,2026-03-05T19:48:37,1,Synthetic / Demo Data,2026-03-05T00:00:00
8554,6406,78,48142,moisturizer,2026-03-13T06:17:55,1,Synthetic / Demo Data,2026-03-13T00:00:00
8555,6409,89,48153,moisturizer,2026-04-04T20:52:51,1,Synthetic / Demo Data,2026-04-04T00:00:00
8556,6409,102,48158,spf,2026-04-10T02:16:30,1,Synthetic / Demo Data,2026-04-10T00:00:00
8557,6410,105,48162,spf,2026-03-12T00:06:12,1,Synthetic / Demo Data,2026-03-12T00:00:00
8558,6410,1,48164,cleansing,2026-03-11T21:55:12,0,Synthetic / Demo Data,2026-03-11T00:00:00
8559,6410,12,48166,cleansing,2026-03-12T03:18:57,1,Synthetic / Demo Data,2026-03-12T00:00:00
8560,6410,113,48168,spf,2026-03-18T19:53:44,1,Synthetic / Demo Data,2026-03-18T00:00:00
8561,6412,10,48173,cleansing,2026-02-03T22:59:59,1,Synthetic / Demo Data,2026-02-03T00:00:00
8562,6413,14,48186,cleansing,2026-02-21T11:20:18,1,Synthetic / Demo Data,2026-02-21T00:00:00
8563,6414,81,48189,moisturizer,2026-03-21T00:39:50,1,Synthetic / Demo Data,2026-03-21T00:00:00
8564,6414,43,48195,toner,2026-03-23T08:52:23,1,Synthetic / Demo Data,2026-03-23T00:00:00
8565,6415,9,48206,cleansing,2026-05-07T08:11:22,1,Synthetic / Demo Data,2026-05-07T00:00:00
8566,6416,46,48213,toner,2026-07-29T17:34:32,1,Synthetic / Demo Data,2026-07-29T00:00:00
8567,6416,45,48214,toner,2026-07-29T13:18:20,1,Synthetic / Demo Data,2026-07-29T00:00:00
8568,6416,92,48216,moisturizer,2026-08-06T16:21:49,1,Synthetic / Demo Data,2026-08-06T00:00:00
8569,6416,43,48218,toner,2026-08-06T18:24:04,1,Synthetic / Demo Data,2026-08-06T00:00:00
8570,6417,10,48219,cleansing,2026-02-13T01:53:14,0,Synthetic / Demo Data,2026-02-13T00:00:00
8571,6418,96,48229,moisturizer,2026-03-10T00:06:35,0,Synthetic / Demo Data,2026-03-10T00:00:00
8572,6420,81,48234,moisturizer,2026-06-24T16:57:35,1,Synthetic / Demo Data,2026-06-24T00:00:00
8573,6420,84,48237,moisturizer,2026-06-24T15:02:00,1,Synthetic / Demo Data,2026-06-24T00:00:00
8574,6420,27,48244,toner,2026-06-29T00:40:39,1,Synthetic / Demo Data,2026-06-29T00:00:00
8575,6420,99,48247,spf,2026-06-29T00:21:47,1,Synthetic / Demo Data,2026-06-29T00:00:00
8576,6421,24,48253,cleansing,2026-01-18T13:59:56,1,Synthetic / Demo Data,2026-01-18T00:00:00
8577,6421,110,48256,spf,2026-01-18T14:57:13,1,Synthetic / Demo Data,2026-01-18T00:00:00
8578,6421,40,48261,toner,2026-01-24T03:57:32,1,Synthetic / Demo Data,2026-01-24T00:00:00
8579,6421,82,48262,moisturizer,2026-01-24T19:04:01,1,Synthetic / Demo Data,2026-01-24T00:00:00
8580,6424,33,48273,toner,2026-03-19T07:10:32,1,Synthetic / Demo Data,2026-03-19T00:00:00
8581,6424,78,48275,moisturizer,2026-03-19T05:59:34,1,Synthetic / Demo Data,2026-03-19T00:00:00
8582,6424,27,48276,toner,2026-03-19T09:52:43,1,Synthetic / Demo Data,2026-03-19T00:00:00
8583,6424,21,48281,cleansing,2026-03-20T13:42:38,1,Synthetic / Demo Data,2026-03-20T00:00:00
8584,6425,73,48284,moisturizer,2026-01-30T02:37:43,1,Synthetic / Demo Data,2026-01-30T00:00:00
8585,6426,41,48295,toner,2026-01-14T18:16:19,1,Synthetic / Demo Data,2026-01-14T00:00:00
8586,6426,17,48299,cleansing,2026-01-19T03:21:46,0,Synthetic / Demo Data,2026-01-19T00:00:00
8587,6427,21,48312,cleansing,2026-01-12T02:09:09,1,Synthetic / Demo Data,2026-01-12T00:00:00
8588,6427,81,48317,moisturizer,2026-01-26T04:54:05,1,Synthetic / Demo Data,2026-01-26T00:00:00
8589,6430,22,48323,cleansing,2026-05-11T16:36:03,1,Synthetic / Demo Data,2026-05-11T00:00:00
8590,6430,82,48325,moisturizer,2026-05-11T15:25:22,1,Synthetic / Demo Data,2026-05-11T00:00:00
8591,6431,34,48329,toner,2026-06-03T02:00:20,1,Synthetic / Demo Data,2026-06-03T00:00:00
8592,6431,97,48330,spf,2026-06-03T03:51:29,1,Synthetic / Demo Data,2026-06-03T00:00:00
8593,6431,108,48333,spf,2026-06-08T12:15:33,1,Synthetic / Demo Data,2026-06-08T00:00:00
8594,6431,42,48339,toner,2026-06-18T01:25:29,0,Synthetic / Demo Data,2026-06-18T00:00:00
8595,6433,116,48345,spf,2026-08-20T21:04:53,0,Synthetic / Demo Data,2026-08-20T00:00:00
8596,6433,42,48351,toner,2026-08-29T20:36:38,1,Synthetic / Demo Data,2026-08-29T00:00:00
8597,6433,88,48352,moisturizer,2026-08-29T19:53:23,1,Synthetic / Demo Data,2026-08-29T00:00:00
8598,6434,92,48358,moisturizer,2026-05-21T14:21:48,1,Synthetic / Demo Data,2026-05-21T00:00:00
8599,6435,9,48368,cleansing,2026-03-11T04:08:44,0,Synthetic / Demo Data,2026-03-11T00:00:00
8600,6435,116,48370,spf,2026-03-11T02:11:25,1,Synthetic / Demo Data,2026-03-11T00:00:00
8601,6438,7,48387,cleansing,2026-08-10T19:00:54,1,Synthetic / Demo Data,2026-08-10T00:00:00
8602,6440,112,48394,spf,2026-04-02T22:31:33,1,Synthetic / Demo Data,2026-04-02T00:00:00
8603,6440,35,48399,toner,2026-04-10T02:25:05,1,Synthetic / Demo Data,2026-04-10T00:00:00
8604,6442,116,48407,spf,2026-08-27T08:43:18,1,Synthetic / Demo Data,2026-08-27T00:00:00
8605,6445,6,48414,cleansing,2026-07-14T03:21:56,0,Synthetic / Demo Data,2026-07-14T00:00:00
8606,6446,90,48422,moisturizer,2026-06-29T22:57:05,1,Synthetic / Demo Data,2026-06-29T00:00:00
8607,6448,21,48429,cleansing,2026-08-09T17:22:06,1,Synthetic / Demo Data,2026-08-09T00:00:00
8608,6448,14,48430,cleansing,2026-08-09T20:16:17,1,Synthetic / Demo Data,2026-08-09T00:00:00
8609,6448,97,48432,spf,2026-08-20T00:53:00,1,Synthetic / Demo Data,2026-08-20T00:00:00
8610,6448,19,48433,cleansing,2026-08-20T02:38:44,1,Synthetic / Demo Data,2026-08-20T00:00:00
8611,6449,106,48440,spf,2026-03-28T16:05:47,1,Synthetic / Demo Data,2026-03-28T00:00:00
8612,6450,17,48450,cleansing,2026-06-16T00:48:23,1,Synthetic / Demo Data,2026-06-16T00:00:00
8613,6450,40,48452,toner,2026-06-22T09:41:51,1,Synthetic / Demo Data,2026-06-22T00:00:00
8614,6450,112,48453,spf,2026-06-22T13:01:39,1,Synthetic / Demo Data,2026-06-22T00:00:00
8615,6453,106,48471,spf,2026-07-24T16:13:40,1,Synthetic / Demo Data,2026-07-24T00:00:00
8616,6456,116,48486,spf,2026-07-07T23:13:28,1,Synthetic / Demo Data,2026-07-07T00:00:00
8617,6456,69,48488,active,2026-07-08T05:42:05,1,Synthetic / Demo Data,2026-07-08T00:00:00
8618,6456,115,48496,spf,2026-07-13T16:58:00,1,Synthetic / Demo Data,2026-07-13T00:00:00
8619,6461,74,48510,moisturizer,2026-03-03T13:59:58,0,Synthetic / Demo Data,2026-03-03T00:00:00
8620,6462,67,48520,active,2026-05-29T20:01:22,0,Synthetic / Demo Data,2026-05-29T00:00:00
8621,6462,116,48522,spf,2026-05-29T17:23:05,1,Synthetic / Demo Data,2026-05-29T00:00:00
8622,6462,112,48523,spf,2026-05-30T02:13:23,1,Synthetic / Demo Data,2026-05-30T00:00:00
8623,6463,14,48537,cleansing,2026-02-16T02:13:02,1,Synthetic / Demo Data,2026-02-16T00:00:00
8624,6466,66,48549,active,2026-03-23T06:16:46,0,Synthetic / Demo Data,2026-03-23T00:00:00
8625,6466,112,48552,spf,2026-03-23T08:49:25,1,Synthetic / Demo Data,2026-03-23T00:00:00
8626,6466,42,48556,toner,2026-04-02T22:47:49,1,Synthetic / Demo Data,2026-04-02T00:00:00
8627,6467,65,48557,active,2026-06-30T20:19:14,1,Synthetic / Demo Data,2026-06-30T00:00:00
8628,6467,90,48566,moisturizer,2026-07-01T10:31:08,1,Synthetic / Demo Data,2026-07-01T00:00:00
8629,6467,2,48567,cleansing,2026-07-08T11:17:43,1,Synthetic / Demo Data,2026-07-08T00:00:00
8630,6468,21,48572,cleansing,2026-04-18T01:55:22,1,Synthetic / Demo Data,2026-04-18T00:00:00
8631,6468,1,48573,cleansing,2026-04-18T00:44:18,1,Synthetic / Demo Data,2026-04-18T00:00:00
8632,6474,76,48598,moisturizer,2026-08-11T20:51:18,1,Synthetic / Demo Data,2026-08-11T00:00:00
8633,6476,66,48608,active,2026-03-13T00:20:38,1,Synthetic / Demo Data,2026-03-13T00:00:00
8634,6477,98,48613,spf,2026-06-30T14:36:07,1,Synthetic / Demo Data,2026-06-30T00:00:00
8635,6479,102,48621,spf,2026-07-25T09:40:12,1,Synthetic / Demo Data,2026-07-25T00:00:00
8636,6479,42,48630,toner,2026-07-29T23:36:59,1,Synthetic / Demo Data,2026-07-29T00:00:00
8637,6480,14,48637,cleansing,2026-01-28T17:52:39,1,Synthetic / Demo Data,2026-01-28T00:00:00
8638,6482,70,48652,active,2026-03-10T13:00:44,1,Synthetic / Demo Data,2026-03-10T00:00:00
8639,6482,30,48658,toner,2026-03-23T02:57:44,1,Synthetic / Demo Data,2026-03-23T00:00:00
8640,6482,67,48659,active,2026-03-22T23:36:14,1,Synthetic / Demo Data,2026-03-22T00:00:00
8641,6483,15,48663,cleansing,2026-03-18T06:00:50,1,Synthetic / Demo Data,2026-03-18T00:00:00
8642,6483,11,48668,cleansing,2026-03-21T08:11:32,1,Synthetic / Demo Data,2026-03-21T00:00:00
8643,6484,99,48679,spf,2026-02-21T01:00:24,1,Synthetic / Demo Data,2026-02-21T00:00:00
8644,6485,56,48689,active,2026-07-25T12:49:23,1,Synthetic / Demo Data,2026-07-25T00:00:00
8645,6486,62,48694,active,2026-05-05T14:33:26,1,Synthetic / Demo Data,2026-05-05T00:00:00
8646,6486,108,48696,spf,2026-05-19T06:27:36,1,Synthetic / Demo Data,2026-05-19T00:00:00
8647,6487,54,48697,active,2026-02-12T12:39:41,1,Synthetic / Demo Data,2026-02-12T00:00:00
8648,6487,36,48702,toner,2026-02-15T13:57:15,1,Synthetic / Demo Data,2026-02-15T00:00:00
8649,6487,10,48706,cleansing,2026-02-15T12:44:10,1,Synthetic / Demo Data,2026-02-15T00:00:00
8650,6487,51,48707,active,2026-02-16T21:52:47,1,Synthetic / Demo Data,2026-02-16T00:00:00
8651,6488,56,48711,active,2026-02-24T19:02:22,1,Synthetic / Demo Data,2026-02-24T00:00:00
8652,6488,110,48718,spf,2026-03-06T23:03:55,1,Synthetic / Demo Data,2026-03-06T00:00:00
8653,6489,18,48719,cleansing,2026-06-14T05:38:31,1,Synthetic / Demo Data,2026-06-14T00:00:00
8654,6489,116,48730,spf,2026-06-27T13:45:29,1,Synthetic / Demo Data,2026-06-27T00:00:00
8655,6490,17,48732,cleansing,2026-07-21T19:22:18,1,Synthetic / Demo Data,2026-07-21T00:00:00
8656,6490,52,48733,active,2026-07-21T21:30:35,1,Synthetic / Demo Data,2026-07-21T00:00:00
8657,6490,116,48736,spf,2026-07-25T00:27:41,1,Synthetic / Demo Data,2026-07-25T00:00:00
8658,6493,22,48740,cleansing,2026-06-10T03:23:36,1,Synthetic / Demo Data,2026-06-10T00:00:00
8659,6493,49,48750,active,2026-06-23T07:06:39,1,Synthetic / Demo Data,2026-06-23T00:00:00
8660,6494,69,48751,active,2026-08-02T16:27:15,1,Synthetic / Demo Data,2026-08-02T00:00:00
8661,6494,21,48756,cleansing,2026-08-10T08:40:33,1,Synthetic / Demo Data,2026-08-10T00:00:00
8662,6496,107,48762,spf,2026-08-26T07:52:25,0,Synthetic / Demo Data,2026-08-26T00:00:00
8663,6496,46,48764,toner,2026-09-15T13:48:38,1,Synthetic / Demo Data,2026-09-15T00:00:00
8664,6498,1,48779,cleansing,2026-01-21T04:43:48,1,Synthetic / Demo Data,2026-01-21T00:00:00
8665,6498,3,48780,cleansing,2026-01-21T05:02:38,1,Synthetic / Demo Data,2026-01-21T00:00:00
8666,6498,107,48784,spf,2026-01-31T13:03:37,1,Synthetic / Demo Data,2026-01-31T00:00:00
8667,6499,112,48788,spf,2026-04-19T23:20:14,0,Synthetic / Demo Data,2026-04-19T00:00:00
8668,6499,1,48790,cleansing,2026-04-19T19:11:31,1,Synthetic / Demo Data,2026-04-19T00:00:00
8669,6502,21,48818,cleansing,2026-02-01T23:57:10,1,Synthetic / Demo Data,2026-02-01T00:00:00
8670,6502,34,48822,toner,2026-02-10T21:12:17,1,Synthetic / Demo Data,2026-02-10T00:00:00
8671,6503,14,48837,cleansing,2026-09-20T19:49:03,0,Synthetic / Demo Data,2026-09-20T00:00:00
8672,6506,112,48840,spf,2026-04-20T12:18:15,1,Synthetic / Demo Data,2026-04-20T00:00:00
8673,6506,18,48843,cleansing,2026-04-20T16:55:20,1,Synthetic / Demo Data,2026-04-20T00:00:00
8674,6506,20,48844,cleansing,2026-04-20T12:36:56,1,Synthetic / Demo Data,2026-04-20T00:00:00
8675,6506,93,48848,moisturizer,2026-04-23T18:18:44,1,Synthetic / Demo Data,2026-04-23T00:00:00
8676,6507,63,48857,active,2026-05-19T18:44:28,1,Synthetic / Demo Data,2026-05-19T00:00:00
8677,6509,10,48871,cleansing,2026-05-03T18:19:08,1,Synthetic / Demo Data,2026-05-03T00:00:00
8678,6509,28,48877,toner,2026-05-05T05:44:54,0,Synthetic / Demo Data,2026-05-05T00:00:00
8679,6510,17,48881,cleansing,2026-03-27T13:09:40,1,Synthetic / Demo Data,2026-03-27T00:00:00
8680,6511,30,48887,toner,2026-05-28T10:10:18,1,Synthetic / Demo Data,2026-05-28T00:00:00
8681,6511,66,48888,active,2026-05-28T10:36:31,1,Synthetic / Demo Data,2026-05-28T00:00:00
8682,6511,17,48890,cleansing,2026-05-28T08:40:45,1,Synthetic / Demo Data,2026-05-28T00:00:00
8683,6511,20,48892,cleansing,2026-05-30T00:09:31,1,Synthetic / Demo Data,2026-05-30T00:00:00
8684,6512,3,48902,cleansing,2026-05-13T23:13:05,1,Synthetic / Demo Data,2026-05-13T00:00:00
8685,6512,41,48904,toner,2026-05-16T18:26:24,1,Synthetic / Demo Data,2026-05-16T00:00:00
8686,6512,31,48906,toner,2026-05-16T14:20:07,1,Synthetic / Demo Data,2026-05-16T00:00:00
8687,6513,46,48910,toner,2026-06-12T17:49:18,1,Synthetic / Demo Data,2026-06-12T00:00:00
8688,6513,6,48914,cleansing,2026-06-14T04:24:17,1,Synthetic / Demo Data,2026-06-14T00:00:00
8689,6513,14,48915,cleansing,2026-06-14T08:35:42,1,Synthetic / Demo Data,2026-06-14T00:00:00
8690,6513,83,48916,moisturizer,2026-06-14T10:01:43,1,Synthetic / Demo Data,2026-06-14T00:00:00
8691,6514,78,48918,moisturizer,2026-02-21T09:09:22,1,Synthetic / Demo Data,2026-02-21T00:00:00
8692,6515,112,48932,spf,2026-05-06T05:43:00,1,Synthetic / Demo Data,2026-05-06T00:00:00
8693,6515,16,48933,cleansing,2026-05-06T00:00:41,1,Synthetic / Demo Data,2026-05-06T00:00:00
8694,6515,73,48936,moisturizer,2026-05-17T12:23:29,1,Synthetic / Demo Data,2026-05-17T00:00:00
8695,6515,25,48939,toner,2026-05-23T19:33:25,1,Synthetic / Demo Data,2026-05-23T00:00:00
8696,6520,100,48949,spf,2026-06-17T23:46:55,1,Synthetic / Demo Data,2026-06-17T00:00:00
8697,6521,77,48954,moisturizer,2026-07-27T14:53:31,1,Synthetic / Demo Data,2026-07-27T00:00:00
8698,6521,52,48961,active,2026-08-05T10:35:25,1,Synthetic / Demo Data,2026-08-05T00:00:00
8699,6523,24,48963,cleansing,2026-08-09T11:31:03,1,Synthetic / Demo Data,2026-08-09T00:00:00
8700,6523,108,48966,spf,2026-08-09T09:06:35,1,Synthetic / Demo Data,2026-08-09T00:00:00
8701,6523,87,48968,moisturizer,2026-08-09T17:04:08,1,Synthetic / Demo Data,2026-08-09T00:00:00
8702,6524,6,48973,cleansing,2026-02-18T09:55:57,0,Synthetic / Demo Data,2026-02-18T00:00:00
8703,6524,27,48977,toner,2026-02-25T20:38:17,1,Synthetic / Demo Data,2026-02-25T00:00:00
8704,6525,72,48979,active,2026-05-28T13:38:37,1,Synthetic / Demo Data,2026-05-28T00:00:00
8705,6525,83,48983,moisturizer,2026-06-11T20:35:08,0,Synthetic / Demo Data,2026-06-11T00:00:00
8706,6525,106,48985,spf,2026-06-11T18:30:57,1,Synthetic / Demo Data,2026-06-11T00:00:00
8707,6525,16,48987,cleansing,2026-06-11T17:50:45,1,Synthetic / Demo Data,2026-06-11T00:00:00
8708,6528,82,48995,moisturizer,2026-05-09T05:50:22,1,Synthetic / Demo Data,2026-05-09T00:00:00
8709,6528,113,48997,spf,2026-05-09T01:15:17,1,Synthetic / Demo Data,2026-05-09T00:00:00
8710,6528,116,49000,spf,2026-05-12T07:59:12,1,Synthetic / Demo Data,2026-05-12T00:00:00
8711,6528,55,49005,active,2026-05-16T17:48:23,1,Synthetic / Demo Data,2026-05-16T00:00:00
8712,6529,76,49011,moisturizer,2026-08-18T13:06:28,1,Synthetic / Demo Data,2026-08-18T00:00:00
8713,6529,21,49012,cleansing,2026-08-18T08:24:18,1,Synthetic / Demo Data,2026-08-18T00:00:00
8714,6529,116,49016,spf,2026-08-24T06:10:41,1,Synthetic / Demo Data,2026-08-24T00:00:00
8715,6531,62,49042,active,2026-02-21T03:08:19,1,Synthetic / Demo Data,2026-02-21T00:00:00
8716,6531,92,49043,moisturizer,2026-02-20T23:52:54,1,Synthetic / Demo Data,2026-02-20T00:00:00
8717,6531,16,49048,cleansing,2026-03-05T14:52:24,1,Synthetic / Demo Data,2026-03-05T00:00:00
8718,6532,37,49054,toner,2026-04-17T11:42:20,0,Synthetic / Demo Data,2026-04-17T00:00:00
8719,6532,118,49056,spf,2026-04-17T12:32:29,1,Synthetic / Demo Data,2026-04-17T00:00:00
8720,6532,6,49058,cleansing,2026-04-17T16:38:00,1,Synthetic / Demo Data,2026-04-17T00:00:00
8721,6533,63,49061,active,2026-02-17T12:06:46,1,Synthetic / Demo Data,2026-02-17T00:00:00
8722,6534,112,49075,spf,2026-05-04T17:44:15,1,Synthetic / Demo Data,2026-05-04T00:00:00
8723,6534,96,49076,moisturizer,2026-05-20T00:04:37,1,Synthetic / Demo Data,2026-05-20T00:00:00
8724,6534,120,49081,spf,2026-05-20T12:05:34,1,Synthetic / Demo Data,2026-05-20T00:00:00
8725,6535,69,49082,active,2026-04-16T22:51:24,1,Synthetic / Demo Data,2026-04-16T00:00:00
8726,6535,116,49093,spf,2026-04-20T00:30:12,1,Synthetic / Demo Data,2026-04-20T00:00:00
8727,6535,14,49096,cleansing,2026-04-20T03:29:24,1,Synthetic / Demo Data,2026-04-20T00:00:00
8728,6537,94,49103,moisturizer,2026-08-30T18:55:05,1,Synthetic / Demo Data,2026-08-30T00:00:00
8729,6537,74,49108,moisturizer,2026-09-16T03:22:15,1,Synthetic / Demo Data,2026-09-16T00:00:00
8730,6538,50,49113,active,2026-06-29T09:50:03,1,Synthetic / Demo Data,2026-06-29T00:00:00
8731,6538,74,49120,moisturizer,2026-07-09T06:39:09,1,Synthetic / Demo Data,2026-07-09T00:00:00
8732,6538,40,49122,toner,2026-07-09T02:10:38,1,Synthetic / Demo Data,2026-07-09T00:00:00
8733,6539,17,49125,cleansing,2026-08-07T15:27:26,1,Synthetic / Demo Data,2026-08-07T00:00:00
8734,6540,100,49139,spf,2026-03-03T18:25:47,1,Synthetic / Demo Data,2026-03-03T00:00:00
8735,6541,81,49146,moisturizer,2026-05-27T19:41:33,1,Synthetic / Demo Data,2026-05-27T00:00:00
8736,6542,66,49147,active,2026-07-24T15:16:06,1,Synthetic / Demo Data,2026-07-24T00:00:00
8737,6542,45,49149,toner,2026-07-24T17:43:31,0,Synthetic / Demo Data,2026-07-24T00:00:00
8738,6542,94,49156,moisturizer,2026-08-06T17:02:55,1,Synthetic / Demo Data,2026-08-06T00:00:00
8739,6543,50,49160,active,2026-02-06T06:52:08,1,Synthetic / Demo Data,2026-02-06T00:00:00
8740,6543,105,49162,spf,2026-02-06T03:04:10,1,Synthetic / Demo Data,2026-02-06T00:00:00
8741,6543,116,49169,spf,2026-02-12T14:55:30,1,Synthetic / Demo Data,2026-02-12T00:00:00
8742,6545,113,49178,spf,2026-04-14T23:52:29,1,Synthetic / Demo Data,2026-04-14T00:00:00
8743,6548,52,49197,active,2026-06-18T21:33:48,1,Synthetic / Demo Data,2026-06-18T00:00:00
8744,6549,25,49203,toner,2026-03-21T13:44:15,1,Synthetic / Demo Data,2026-03-21T00:00:00
8745,6549,37,49204,toner,2026-03-21T14:32:25,0,Synthetic / Demo Data,2026-03-21T00:00:00
8746,6549,22,49211,cleansing,2026-04-03T10:34:02,1,Synthetic / Demo Data,2026-04-03T00:00:00
8747,6550,116,49212,spf,2026-08-28T11:05:16,1,Synthetic / Demo Data,2026-08-28T00:00:00
8748,6551,1,49224,cleansing,2026-04-21T02:14:01,0,Synthetic / Demo Data,2026-04-21T00:00:00
8749,6553,17,49247,cleansing,2026-01-24T18:32:00,1,Synthetic / Demo Data,2026-01-24T00:00:00
8750,6553,51,49251,active,2026-01-30T13:40:39,1,Synthetic / Demo Data,2026-01-30T00:00:00
8751,6556,34,49273,toner,2026-01-06T16:41:06,1,Synthetic / Demo Data,2026-01-06T00:00:00
8752,6556,64,49283,active,2026-01-29T00:23:19,1,Synthetic / Demo Data,2026-01-29T00:00:00
8753,6557,24,49288,cleansing,2026-03-14T21:56:58,1,Synthetic / Demo Data,2026-03-14T00:00:00
8754,6557,14,49291,cleansing,2026-03-17T00:51:40,1,Synthetic / Demo Data,2026-03-17T00:00:00
8755,6558,34,49303,toner,2026-03-21T00:04:13,1,Synthetic / Demo Data,2026-03-21T00:00:00
8756,6558,22,49304,cleansing,2026-03-20T22:43:39,1,Synthetic / Demo Data,2026-03-20T00:00:00
8757,6558,70,49305,active,2026-03-20T23:15:28,1,Synthetic / Demo Data,2026-03-20T00:00:00
8758,6558,113,49310,spf,2026-03-26T23:53:35,1,Synthetic / Demo Data,2026-03-26T00:00:00
8759,6559,106,49316,spf,2026-05-07T04:05:03,1,Synthetic / Demo Data,2026-05-07T00:00:00
8760,6560,14,49323,cleansing,2026-06-29T21:50:26,1,Synthetic / Demo Data,2026-06-29T00:00:00
8761,6560,6,49325,cleansing,2026-06-30T13:23:38,1,Synthetic / Demo Data,2026-06-30T00:00:00
8762,6560,82,49329,moisturizer,2026-07-01T09:46:04,1,Synthetic / Demo Data,2026-07-01T00:00:00
8763,6562,6,49340,cleansing,2026-07-06T08:40:20,0,Synthetic / Demo Data,2026-07-06T00:00:00
8764,6562,30,49345,toner,2026-07-12T21:54:35,1,Synthetic / Demo Data,2026-07-12T00:00:00
8765,6563,27,49354,toner,2026-07-04T11:49:24,1,Synthetic / Demo Data,2026-07-04T00:00:00
8766,6563,116,49355,spf,2026-07-04T12:39:31,1,Synthetic / Demo Data,2026-07-04T00:00:00
8767,6565,51,49366,active,2026-04-21T11:55:48,1,Synthetic / Demo Data,2026-04-21T00:00:00
8768,6565,92,49369,moisturizer,2026-05-05T15:29:16,1,Synthetic / Demo Data,2026-05-05T00:00:00
8769,6565,58,49370,active,2026-05-05T12:59:12,1,Synthetic / Demo Data,2026-05-05T00:00:00
8770,6565,112,49371,spf,2026-05-05T16:34:19,1,Synthetic / Demo Data,2026-05-05T00:00:00
8771,6566,86,49381,moisturizer,2026-07-23T02:51:35,1,Synthetic / Demo Data,2026-07-23T00:00:00
8772,6567,55,49382,active,2026-07-18T03:44:01,1,Synthetic / Demo Data,2026-07-18T00:00:00
8773,6567,36,49386,toner,2026-07-18T00:33:58,1,Synthetic / Demo Data,2026-07-18T00:00:00
8774,6571,7,49405,cleansing,2026-04-30T13:00:22,1,Synthetic / Demo Data,2026-04-30T00:00:00
8775,6571,107,49406,spf,2026-04-30T14:44:33,1,Synthetic / Demo Data,2026-04-30T00:00:00
8776,6572,17,49412,cleansing,2026-08-31T15:40:33,1,Synthetic / Demo Data,2026-08-31T00:00:00
8777,6575,72,49429,active,2026-02-13T05:39:13,1,Synthetic / Demo Data,2026-02-13T00:00:00
8778,6578,116,49451,spf,2026-05-20T20:14:26,1,Synthetic / Demo Data,2026-05-20T00:00:00
8779,6578,24,49454,cleansing,2026-05-20T22:11:05,0,Synthetic / Demo Data,2026-05-20T00:00:00
8780,6578,84,49455,moisturizer,2026-05-21T20:06:46,0,Synthetic / Demo Data,2026-05-21T00:00:00
8781,6580,120,49469,spf,2026-02-28T12:37:33,1,Synthetic / Demo Data,2026-02-28T00:00:00
8782,6582,55,49482,active,2026-07-09T06:33:53,1,Synthetic / Demo Data,2026-07-09T00:00:00
8783,6583,16,49494,cleansing,2026-01-28T19:35:24,1,Synthetic / Demo Data,2026-01-28T00:00:00
8784,6584,75,49496,moisturizer,2026-06-09T12:24:42,1,Synthetic / Demo Data,2026-06-09T00:00:00
8785,6584,105,49497,spf,2026-06-09T14:36:44,1,Synthetic / Demo Data,2026-06-09T00:00:00
8786,6584,7,49498,cleansing,2026-06-09T14:22:42,1,Synthetic / Demo Data,2026-06-09T00:00:00
8787,6584,74,49499,moisturizer,2026-06-09T12:59:34,1,Synthetic / Demo Data,2026-06-09T00:00:00
8788,6584,9,49500,cleansing,2026-06-21T05:33:15,1,Synthetic / Demo Data,2026-06-21T00:00:00
8789,6585,3,49506,cleansing,2026-05-27T08:07:10,1,Synthetic / Demo Data,2026-05-27T00:00:00
8790,6585,69,49510,active,2026-06-10T01:45:52,1,Synthetic / Demo Data,2026-06-10T00:00:00
8791,6585,14,49513,cleansing,2026-06-11T12:32:40,1,Synthetic / Demo Data,2026-06-11T00:00:00
8792,6587,40,49517,toner,2026-01-18T09:48:52,1,Synthetic / Demo Data,2026-01-18T00:00:00
8793,6589,101,49530,spf,2026-03-17T03:54:45,1,Synthetic / Demo Data,2026-03-17T00:00:00
8794,6589,4,49534,cleansing,2026-03-24T08:09:10,1,Synthetic / Demo Data,2026-03-24T00:00:00
8795,6590,21,49543,cleansing,2026-08-23T17:26:13,1,Synthetic / Demo Data,2026-08-23T00:00:00
8796,6590,51,49550,active,2026-08-28T14:29:17,1,Synthetic / Demo Data,2026-08-28T00:00:00
8797,6593,88,49562,moisturizer,2026-04-08T07:31:45,0,Synthetic / Demo Data,2026-04-08T00:00:00
8798,6593,94,49568,moisturizer,2026-04-10T04:11:48,1,Synthetic / Demo Data,2026-04-10T00:00:00
8799,6593,16,49569,cleansing,2026-04-10T07:15:59,1,Synthetic / Demo Data,2026-04-10T00:00:00
8800,6594,34,49572,toner,2026-06-26T21:13:59,1,Synthetic / Demo Data,2026-06-26T00:00:00
8801,6594,15,49577,cleansing,2026-06-29T13:07:21,1,Synthetic / Demo Data,2026-06-29T00:00:00
8802,6595,50,49583,active,2026-05-20T07:33:05,1,Synthetic / Demo Data,2026-05-20T00:00:00
8803,6596,32,49598,toner,2026-02-24T04:46:12,1,Synthetic / Demo Data,2026-02-24T00:00:00
8804,6599,1,49623,cleansing,2026-03-05T02:20:06,1,Synthetic / Demo Data,2026-03-05T00:00:00
8805,6600,1,49627,cleansing,2026-03-26T11:19:21,1,Synthetic / Demo Data,2026-03-26T00:00:00
8806,6601,10,49632,cleansing,2026-07-18T00:12:58,1,Synthetic / Demo Data,2026-07-18T00:00:00
8807,6601,12,49640,cleansing,2026-07-27T09:04:36,0,Synthetic / Demo Data,2026-07-27T00:00:00
8808,6601,51,49642,active,2026-07-27T06:37:39,0,Synthetic / Demo Data,2026-07-27T00:00:00
8809,6604,32,49654,toner,2026-02-17T17:33:46,1,Synthetic / Demo Data,2026-02-17T00:00:00
8810,6604,92,49664,moisturizer,2026-02-24T15:03:45,1,Synthetic / Demo Data,2026-02-24T00:00:00
8811,6604,106,49666,spf,2026-02-24T21:54:51,1,Synthetic / Demo Data,2026-02-24T00:00:00
8812,6607,81,49677,moisturizer,2026-02-26T07:00:20,0,Synthetic / Demo Data,2026-02-26T00:00:00
8813,6607,12,49681,cleansing,2026-02-26T07:06:41,1,Synthetic / Demo Data,2026-02-26T00:00:00
8814,6607,14,49683,cleansing,2026-02-26T13:09:39,1,Synthetic / Demo Data,2026-02-26T00:00:00
8815,6608,67,49685,active,2026-01-15T03:00:25,1,Synthetic / Demo Data,2026-01-15T00:00:00
8816,6608,109,49692,spf,2026-01-17T19:07:10,1,Synthetic / Demo Data,2026-01-17T00:00:00
8817,6609,90,49701,moisturizer,2026-07-18T22:38:56,1,Synthetic / Demo Data,2026-07-18T00:00:00
8818,6609,40,49703,toner,2026-07-20T08:49:21,0,Synthetic / Demo Data,2026-07-20T00:00:00
8819,6609,41,49709,toner,2026-08-01T18:16:31,1,Synthetic / Demo Data,2026-08-01T00:00:00
8820,6613,117,49725,spf,2026-07-16T22:37:14,0,Synthetic / Demo Data,2026-07-16T00:00:00
8821,6614,82,49740,moisturizer,2026-06-11T00:14:09,1,Synthetic / Demo Data,2026-06-11T00:00:00
8822,6614,51,49745,active,2026-06-18T11:32:26,0,Synthetic / Demo Data,2026-06-18T00:00:00
8823,6615,17,49751,cleansing,2026-02-09T18:28:05,0,Synthetic / Demo Data,2026-02-09T00:00:00
8824,6616,69,49766,active,2026-02-28T08:29:33,0,Synthetic / Demo Data,2026-02-28T00:00:00
8825,6616,83,49767,moisturizer,2026-02-28T11:06:55,0,Synthetic / Demo Data,2026-02-28T00:00:00
8826,6616,66,49768,active,2026-02-28T08:12:21,1,Synthetic / Demo Data,2026-02-28T00:00:00
8827,6620,77,49779,moisturizer,2026-02-17T03:55:42,1,Synthetic / Demo Data,2026-02-17T00:00:00
8828,6621,7,49783,cleansing,2026-06-19T21:00:24,1,Synthetic / Demo Data,2026-06-19T00:00:00
8829,6621,66,49784,active,2026-06-19T19:13:53,0,Synthetic / Demo Data,2026-06-19T00:00:00
8830,6621,87,49788,moisturizer,2026-06-23T22:41:04,1,Synthetic / Demo Data,2026-06-23T00:00:00
8831,6621,104,49793,spf,2026-06-28T06:41:18,0,Synthetic / Demo Data,2026-06-28T00:00:00
8832,6623,70,49804,active,2026-06-21T10:19:04,1,Synthetic / Demo Data,2026-06-21T00:00:00
8833,6625,19,49812,cleansing,2026-07-03T09:15:28,0,Synthetic / Demo Data,2026-07-03T00:00:00
8834,6625,63,49820,active,2026-07-04T14:45:16,1,Synthetic / Demo Data,2026-07-04T00:00:00
8835,6627,84,49831,moisturizer,2026-03-15T10:05:57,1,Synthetic / Demo Data,2026-03-15T00:00:00
8836,6627,66,49836,active,2026-03-16T02:59:38,1,Synthetic / Demo Data,2026-03-16T00:00:00
8837,6627,32,49837,toner,2026-03-16T01:29:26,1,Synthetic / Demo Data,2026-03-16T00:00:00
8838,6627,109,49838,spf,2026-03-16T05:34:07,1,Synthetic / Demo Data,2026-03-16T00:00:00
8839,6635,10,49860,cleansing,2026-07-24T00:11:48,1,Synthetic / Demo Data,2026-07-24T00:00:00
8840,6635,17,49862,cleansing,2026-07-24T01:04:04,1,Synthetic / Demo Data,2026-07-24T00:00:00
8841,6635,11,49865,cleansing,2026-07-30T17:06:42,1,Synthetic / Demo Data,2026-07-30T00:00:00
8842,6636,25,49869,toner,2026-01-22T22:30:26,1,Synthetic / Demo Data,2026-01-22T00:00:00
8843,6637,94,49881,moisturizer,2026-01-26T18:31:44,1,Synthetic / Demo Data,2026-01-26T00:00:00
8844,6637,34,49883,toner,2026-01-26T21:09:39,1,Synthetic / Demo Data,2026-01-26T00:00:00
8845,6638,82,49886,moisturizer,2026-02-11T13:49:21,1,Synthetic / Demo Data,2026-02-11T00:00:00
8846,6639,120,49896,spf,2026-01-16T21:10:33,1,Synthetic / Demo Data,2026-01-16T00:00:00
8847,6639,116,49897,spf,2026-01-17T02:59:58,1,Synthetic / Demo Data,2026-01-17T00:00:00
8848,6639,3,49904,cleansing,2026-01-25T21:11:02,1,Synthetic / Demo Data,2026-01-25T00:00:00
8849,6641,24,49916,cleansing,2026-07-23T16:19:55,1,Synthetic / Demo Data,2026-07-23T00:00:00
8850,6641,17,49920,cleansing,2026-07-23T15:16:03,1,Synthetic / Demo Data,2026-07-23T00:00:00
8851,6643,17,49923,cleansing,2026-03-09T22:36:02,1,Synthetic / Demo Data,2026-03-09T00:00:00
8852,6643,106,49924,spf,2026-03-09T22:46:41,1,Synthetic / Demo Data,2026-03-09T00:00:00
8853,6643,78,49926,moisturizer,2026-03-09T18:21:54,1,Synthetic / Demo Data,2026-03-09T00:00:00
8854,6645,37,49939,toner,2026-07-05T18:40:15,1,Synthetic / Demo Data,2026-07-05T00:00:00
8855,6645,46,49942,toner,2026-07-05T20:24:55,1,Synthetic / Demo Data,2026-07-05T00:00:00
8856,6646,70,49950,active,2026-01-12T00:43:08,1,Synthetic / Demo Data,2026-01-12T00:00:00
8857,6647,1,49957,cleansing,2026-07-10T06:24:39,1,Synthetic / Demo Data,2026-07-10T00:00:00
8858,6647,75,49962,moisturizer,2026-07-14T16:57:11,1,Synthetic / Demo Data,2026-07-14T00:00:00
8859,6647,82,49964,moisturizer,2026-07-19T15:09:04,1,Synthetic / Demo Data,2026-07-19T00:00:00
8860,6651,40,49977,toner,2026-08-28T22:40:16,1,Synthetic / Demo Data,2026-08-28T00:00:00
8861,6652,10,49990,cleansing,2026-05-26T09:39:39,1,Synthetic / Demo Data,2026-05-26T00:00:00
8862,6652,51,49993,active,2026-05-26T08:38:05,1,Synthetic / Demo Data,2026-05-26T00:00:00
8863,6653,40,50002,toner,2026-07-06T03:12:28,1,Synthetic / Demo Data,2026-07-06T00:00:00
8864,6654,86,50004,moisturizer,2026-07-13T17:05:15,1,Synthetic / Demo Data,2026-07-13T00:00:00
8865,6654,106,50006,spf,2026-07-13T16:41:59,1,Synthetic / Demo Data,2026-07-13T00:00:00
8866,6655,90,50016,moisturizer,2026-08-03T09:23:14,1,Synthetic / Demo Data,2026-08-03T00:00:00
8867,6655,116,50017,spf,2026-08-03T12:56:25,1,Synthetic / Demo Data,2026-08-03T00:00:00
8868,6657,66,50033,active,2026-01-16T00:17:49,1,Synthetic / Demo Data,2026-01-16T00:00:00
8869,6657,82,50036,moisturizer,2026-01-18T01:25:02,1,Synthetic / Demo Data,2026-01-18T00:00:00
8870,6657,100,50038,spf,2026-01-18T01:52:38,1,Synthetic / Demo Data,2026-01-18T00:00:00
8871,6661,17,50042,cleansing,2026-05-23T06:53:50,1,Synthetic / Demo Data,2026-05-23T00:00:00
8872,6661,68,50044,active,2026-05-26T14:38:17,1,Synthetic / Demo Data,2026-05-26T00:00:00
8873,6661,90,50050,moisturizer,2026-05-27T13:36:04,1,Synthetic / Demo Data,2026-05-27T00:00:00
8874,6661,28,50053,toner,2026-05-27T10:45:52,1,Synthetic / Demo Data,2026-05-27T00:00:00
8875,6661,7,50054,cleansing,2026-05-29T17:42:19,1,Synthetic / Demo Data,2026-05-29T00:00:00
8876,6662,4,50055,cleansing,2026-07-08T01:03:09,1,Synthetic / Demo Data,2026-07-08T00:00:00
8877,6662,92,50059,moisturizer,2026-07-08T04:20:00,1,Synthetic / Demo Data,2026-07-08T00:00:00
8878,6662,110,50062,spf,2026-07-21T15:05:13,1,Synthetic / Demo Data,2026-07-21T00:00:00
8879,6664,54,50076,active,2026-01-23T04:40:11,1,Synthetic / Demo Data,2026-01-23T00:00:00
8880,6664,3,50078,cleansing,2026-01-27T20:29:46,1,Synthetic / Demo Data,2026-01-27T00:00:00
8881,6666,43,50093,toner,2026-06-21T17:38:05,1,Synthetic / Demo Data,2026-06-21T00:00:00
8882,6666,109,50095,spf,2026-07-05T21:40:15,1,Synthetic / Demo Data,2026-07-05T00:00:00
8883,6667,21,50103,cleansing,2026-04-25T17:26:05,1,Synthetic / Demo Data,2026-04-25T00:00:00
8884,6667,50,50104,active,2026-04-25T17:04:21,1,Synthetic / Demo Data,2026-04-25T00:00:00
8885,6667,94,50107,moisturizer,2026-04-28T10:46:02,1,Synthetic / Demo Data,2026-04-28T00:00:00
8886,6669,117,50115,spf,2026-04-19T03:25:57,1,Synthetic / Demo Data,2026-04-19T00:00:00
8887,6669,46,50116,toner,2026-04-18T23:58:00,1,Synthetic / Demo Data,2026-04-18T00:00:00
8888,6672,17,50124,cleansing,2026-04-12T16:01:48,1,Synthetic / Demo Data,2026-04-12T00:00:00
8889,6674,5,50130,cleansing,2026-08-05T08:10:04,1,Synthetic / Demo Data,2026-08-05T00:00:00
8890,6674,112,50134,spf,2026-08-07T15:17:53,1,Synthetic / Demo Data,2026-08-07T00:00:00
8891,6674,7,50139,cleansing,2026-08-19T05:57:41,1,Synthetic / Demo Data,2026-08-19T00:00:00
8892,6674,67,50142,active,2026-08-19T01:10:09,1,Synthetic / Demo Data,2026-08-19T00:00:00
8893,6675,21,50149,cleansing,2026-06-05T12:52:07,1,Synthetic / Demo Data,2026-06-05T00:00:00
8894,6676,18,50160,cleansing,2026-07-23T01:03:47,1,Synthetic / Demo Data,2026-07-23T00:00:00
8895,6676,19,50163,cleansing,2026-07-23T05:47:08,1,Synthetic / Demo Data,2026-07-23T00:00:00
8896,6676,45,50164,toner,2026-07-23T05:44:21,1,Synthetic / Demo Data,2026-07-23T00:00:00
8897,6679,25,50193,toner,2026-06-12T11:11:39,1,Synthetic / Demo Data,2026-06-12T00:00:00
8898,6679,100,50201,spf,2026-06-17T21:58:12,1,Synthetic / Demo Data,2026-06-17T00:00:00
8899,6679,116,50204,spf,2026-06-22T03:29:29,1,Synthetic / Demo Data,2026-06-22T00:00:00
8900,6681,100,50207,spf,2026-03-02T18:14:05,1,Synthetic / Demo Data,2026-03-02T00:00:00
8901,6682,81,50218,moisturizer,2026-05-29T04:49:04,1,Synthetic / Demo Data,2026-05-29T00:00:00
8902,6682,40,50219,toner,2026-05-29T03:28:20,1,Synthetic / Demo Data,2026-05-29T00:00:00
8903,6684,16,50225,cleansing,2026-07-22T08:52:09,0,Synthetic / Demo Data,2026-07-22T00:00:00
8904,6685,3,50242,cleansing,2026-07-13T05:29:01,1,Synthetic / Demo Data,2026-07-13T00:00:00
8905,6687,116,50248,spf,2026-05-17T15:12:16,1,Synthetic / Demo Data,2026-05-17T00:00:00
8906,6688,14,50261,cleansing,2026-04-04T14:55:35,1,Synthetic / Demo Data,2026-04-04T00:00:00
8907,6689,106,50268,spf,2026-08-12T22:42:07,1,Synthetic / Demo Data,2026-08-12T00:00:00
8908,6690,70,50284,active,2026-08-08T14:19:42,1,Synthetic / Demo Data,2026-08-08T00:00:00
8909,6691,40,50287,toner,2026-08-05T14:26:37,1,Synthetic / Demo Data,2026-08-05T00:00:00
8910,6691,82,50290,moisturizer,2026-08-05T11:16:15,1,Synthetic / Demo Data,2026-08-05T00:00:00
8911,6691,49,50291,active,2026-08-05T17:07:18,1,Synthetic / Demo Data,2026-08-05T00:00:00
8912,6691,61,50293,active,2026-08-05T13:41:57,1,Synthetic / Demo Data,2026-08-05T00:00:00
8913,6691,94,50295,moisturizer,2026-08-05T11:30:16,1,Synthetic / Demo Data,2026-08-05T00:00:00
8914,6691,77,50298,moisturizer,2026-08-15T20:40:15,1,Synthetic / Demo Data,2026-08-15T00:00:00
8915,6692,38,50302,toner,2026-07-12T00:10:39,1,Synthetic / Demo Data,2026-07-12T00:00:00
8916,6692,63,50306,active,2026-07-12T19:35:12,1,Synthetic / Demo Data,2026-07-12T00:00:00
8917,6692,59,50307,active,2026-07-12T17:12:19,1,Synthetic / Demo Data,2026-07-12T00:00:00
8918,6692,86,50311,moisturizer,2026-07-25T10:40:06,1,Synthetic / Demo Data,2026-07-25T00:00:00
8919,6693,40,50315,toner,2026-05-23T18:42:37,1,Synthetic / Demo Data,2026-05-23T00:00:00
8920,6695,82,50332,moisturizer,2026-08-08T12:11:53,1,Synthetic / Demo Data,2026-08-08T00:00:00
8921,6695,28,50333,toner,2026-08-08T14:07:40,1,Synthetic / Demo Data,2026-08-08T00:00:00
8922,6698,84,50343,moisturizer,2026-08-06T00:43:48,1,Synthetic / Demo Data,2026-08-06T00:00:00
8923,6698,67,50344,active,2026-08-05T23:22:26,1,Synthetic / Demo Data,2026-08-05T00:00:00
8924,6698,27,50345,toner,2026-08-06T03:55:16,1,Synthetic / Demo Data,2026-08-06T00:00:00
8925,6698,6,50353,cleansing,2026-08-10T09:30:55,1,Synthetic / Demo Data,2026-08-10T00:00:00
8926,6698,92,50354,moisturizer,2026-08-10T07:06:09,1,Synthetic / Demo Data,2026-08-10T00:00:00
8927,6698,62,50356,active,2026-08-10T10:35:05,1,Synthetic / Demo Data,2026-08-10T00:00:00
8928,6699,55,50358,active,2026-07-24T02:36:08,1,Synthetic / Demo Data,2026-07-24T00:00:00
8929,6700,13,50370,cleansing,2026-06-03T11:54:49,1,Synthetic / Demo Data,2026-06-03T00:00:00
8930,6700,61,50374,active,2026-06-15T12:11:21,1,Synthetic / Demo Data,2026-06-15T00:00:00
8931,6701,21,50382,cleansing,2026-07-27T12:22:38,1,Synthetic / Demo Data,2026-07-27T00:00:00
8932,6701,74,50383,moisturizer,2026-07-27T08:27:56,1,Synthetic / Demo Data,2026-07-27T00:00:00
8933,6701,57,50384,active,2026-07-27T06:16:45,1,Synthetic / Demo Data,2026-07-27T00:00:00
8934,6702,12,50394,cleansing,2026-06-27T18:55:14,1,Synthetic / Demo Data,2026-06-27T00:00:00
8935,6702,57,50399,active,2026-07-02T16:06:40,1,Synthetic / Demo Data,2026-07-02T00:00:00
8936,6703,101,50409,spf,2026-07-05T06:22:36,1,Synthetic / Demo Data,2026-07-05T00:00:00
8937,6703,90,50410,moisturizer,2026-07-06T00:44:40,1,Synthetic / Demo Data,2026-07-06T00:00:00
8938,6704,62,50418,active,2026-04-21T08:05:44,1,Synthetic / Demo Data,2026-04-21T00:00:00
8939,6705,92,50421,moisturizer,2026-06-15T23:20:36,1,Synthetic / Demo Data,2026-06-15T00:00:00
8940,6705,106,50422,spf,2026-06-16T00:10:29,1,Synthetic / Demo Data,2026-06-16T00:00:00
8941,6705,82,50430,moisturizer,2026-06-24T22:29:41,0,Synthetic / Demo Data,2026-06-24T00:00:00
8942,6706,52,50434,active,2026-04-02T15:10:49,1,Synthetic / Demo Data,2026-04-02T00:00:00
8943,6707,109,50450,spf,2026-09-09T02:58:03,1,Synthetic / Demo Data,2026-09-09T00:00:00
8944,6708,43,50452,toner,2026-08-24T01:43:41,1,Synthetic / Demo Data,2026-08-24T00:00:00
8945,6708,92,50454,moisturizer,2026-08-24T00:04:01,1,Synthetic / Demo Data,2026-08-24T00:00:00
8946,6708,94,50455,moisturizer,2026-08-24T01:34:06,1,Synthetic / Demo Data,2026-08-24T00:00:00
8947,6708,81,50459,moisturizer,2026-08-28T18:14:58,1,Synthetic / Demo Data,2026-08-28T00:00:00
8948,6710,21,50468,cleansing,2026-04-05T02:44:41,1,Synthetic / Demo Data,2026-04-05T00:00:00
8949,6712,9,50474,cleansing,2026-07-12T21:42:10,0,Synthetic / Demo Data,2026-07-12T00:00:00
8950,6712,49,50475,active,2026-07-12T21:59:14,1,Synthetic / Demo Data,2026-07-12T00:00:00
8951,6712,21,50476,cleansing,2026-07-13T01:38:15,1,Synthetic / Demo Data,2026-07-13T00:00:00
8952,6712,6,50481,cleansing,2026-07-20T08:55:32,0,Synthetic / Demo Data,2026-07-20T00:00:00
8953,6712,78,50482,moisturizer,2026-07-21T14:39:21,1,Synthetic / Demo Data,2026-07-21T00:00:00
8954,6712,116,50484,spf,2026-07-21T14:39:40,1,Synthetic / Demo Data,2026-07-21T00:00:00
8955,6713,16,50494,cleansing,2026-09-04T12:36:45,1,Synthetic / Demo Data,2026-09-04T00:00:00
8956,6715,54,50504,active,2026-06-18T12:12:42,0,Synthetic / Demo Data,2026-06-18T00:00:00
8957,6715,33,50506,toner,2026-06-18T14:34:20,1,Synthetic / Demo Data,2026-06-18T00:00:00
8958,6716,116,50510,spf,2026-05-09T05:17:11,1,Synthetic / Demo Data,2026-05-09T00:00:00
8959,6716,1,50513,cleansing,2026-05-09T09:13:22,1,Synthetic / Demo Data,2026-05-09T00:00:00
8960,6716,21,50514,cleansing,2026-05-14T07:02:41,1,Synthetic / Demo Data,2026-05-14T00:00:00
8961,6717,116,50522,spf,2026-03-30T13:59:15,1,Synthetic / Demo Data,2026-03-30T00:00:00
8962,6718,8,50533,cleansing,2026-03-04T05:28:21,1,Synthetic / Demo Data,2026-03-04T00:00:00
8963,6720,49,50539,active,2026-06-27T07:33:52,1,Synthetic / Demo Data,2026-06-27T00:00:00
8964,6722,112,50548,spf,2026-05-26T20:03:38,1,Synthetic / Demo Data,2026-05-26T00:00:00
8965,6722,74,50551,moisturizer,2026-05-29T18:59:37,1,Synthetic / Demo Data,2026-05-29T00:00:00
8966,6722,102,50554,spf,2026-06-11T06:34:48,1,Synthetic / Demo Data,2026-06-11T00:00:00
8967,6722,116,50555,spf,2026-06-11T03:12:43,1,Synthetic / Demo Data,2026-06-11T00:00:00
8968,6723,83,50559,moisturizer,2026-07-24T10:54:08,1,Synthetic / Demo Data,2026-07-24T00:00:00
8969,6724,17,50566,cleansing,2026-02-11T19:44:27,1,Synthetic / Demo Data,2026-02-11T00:00:00
8970,6728,52,50572,active,2026-03-07T04:00:32,1,Synthetic / Demo Data,2026-03-07T00:00:00
8971,6728,51,50576,active,2026-03-18T09:31:36,1,Synthetic / Demo Data,2026-03-18T00:00:00
8972,6728,64,50578,active,2026-03-25T06:07:07,1,Synthetic / Demo Data,2026-03-25T00:00:00
8973,6731,72,50604,active,2026-09-07T07:31:33,1,Synthetic / Demo Data,2026-09-07T00:00:00
8974,6733,40,50614,toner,2026-07-06T13:48:25,1,Synthetic / Demo Data,2026-07-06T00:00:00
8975,6733,21,50618,cleansing,2026-07-08T20:14:22,1,Synthetic / Demo Data,2026-07-08T00:00:00
8976,6733,72,50623,active,2026-07-21T05:11:41,1,Synthetic / Demo Data,2026-07-21T00:00:00
8977,6734,83,50631,moisturizer,2026-03-20T16:06:33,1,Synthetic / Demo Data,2026-03-20T00:00:00
8978,6738,67,50652,active,2026-08-04T09:27:58,1,Synthetic / Demo Data,2026-08-04T00:00:00
8979,6738,18,50653,cleansing,2026-08-04T08:57:21,1,Synthetic / Demo Data,2026-08-04T00:00:00
8980,6738,92,50654,moisturizer,2026-08-04T14:28:40,1,Synthetic / Demo Data,2026-08-04T00:00:00
8981,6738,21,50655,cleansing,2026-08-04T11:43:51,1,Synthetic / Demo Data,2026-08-04T00:00:00
8982,6740,31,50664,toner,2026-09-02T20:04:11,1,Synthetic / Demo Data,2026-09-02T00:00:00
8983,6742,112,50684,spf,2026-02-21T20:44:47,1,Synthetic / Demo Data,2026-02-21T00:00:00
8984,6743,40,50688,toner,2026-02-20T16:32:08,1,Synthetic / Demo Data,2026-02-20T00:00:00
8985,6743,38,50690,toner,2026-02-20T20:13:34,1,Synthetic / Demo Data,2026-02-20T00:00:00
8986,6743,28,50702,toner,2026-03-06T00:56:08,1,Synthetic / Demo Data,2026-03-06T00:00:00
8987,6745,11,50706,cleansing,2026-08-19T12:31:50,1,Synthetic / Demo Data,2026-08-19T00:00:00
8988,6745,42,50707,toner,2026-08-19T09:53:03,1,Synthetic / Demo Data,2026-08-19T00:00:00
8989,6745,120,50708,spf,2026-08-21T12:47:42,0,Synthetic / Demo Data,2026-08-21T00:00:00
8990,6746,40,50714,toner,2026-09-03T15:14:08,1,Synthetic / Demo Data,2026-09-03T00:00:00
8991,6746,116,50719,spf,2026-09-15T15:30:58,1,Synthetic / Demo Data,2026-09-15T00:00:00
8992,6746,38,50721,toner,2026-09-15T17:37:43,1,Synthetic / Demo Data,2026-09-15T00:00:00
8993,6747,16,50723,cleansing,2026-07-20T03:56:04,1,Synthetic / Demo Data,2026-07-20T00:00:00
8994,6747,63,50732,active,2026-07-20T03:41:23,1,Synthetic / Demo Data,2026-07-20T00:00:00
8995,6748,118,50737,spf,2026-07-14T11:11:28,1,Synthetic / Demo Data,2026-07-14T00:00:00
8996,6748,94,50742,moisturizer,2026-07-18T10:02:42,1,Synthetic / Demo Data,2026-07-18T00:00:00
8997,6749,19,50743,cleansing,2026-01-23T08:48:43,1,Synthetic / Demo Data,2026-01-23T00:00:00
8998,6749,116,50746,spf,2026-01-23T06:01:52,1,Synthetic / Demo Data,2026-01-23T00:00:00
8999,6749,112,50748,spf,2026-01-31T07:55:47,1,Synthetic / Demo Data,2026-01-31T00:00:00
9000,6749,56,50753,active,2026-02-06T02:33:19,1,Synthetic / Demo Data,2026-02-06T00:00:00
9001,6749,7,50754,cleansing,2026-02-06T05:03:30,1,Synthetic / Demo Data,2026-02-06T00:00:00
9002,6750,7,50766,cleansing,2026-01-18T23:34:53,1,Synthetic / Demo Data,2026-01-18T00:00:00
9003,6751,65,50774,active,2026-08-21T05:13:51,0,Synthetic / Demo Data,2026-08-21T00:00:00
9004,6752,21,50787,cleansing,2026-07-26T11:57:50,1,Synthetic / Demo Data,2026-07-26T00:00:00
9005,6752,94,50789,moisturizer,2026-07-26T04:53:32,1,Synthetic / Demo Data,2026-07-26T00:00:00
9006,6754,9,50801,cleansing,2026-03-20T00:56:36,1,Synthetic / Demo Data,2026-03-20T00:00:00
9007,6754,14,50802,cleansing,2026-03-20T03:22:19,1,Synthetic / Demo Data,2026-03-20T00:00:00
9008,6754,86,50804,moisturizer,2026-03-20T04:02:50,1,Synthetic / Demo Data,2026-03-20T00:00:00
9009,6754,116,50809,spf,2026-03-24T02:23:08,0,Synthetic / Demo Data,2026-03-24T00:00:00
9010,6755,75,50814,moisturizer,2026-08-07T16:42:52,1,Synthetic / Demo Data,2026-08-07T00:00:00
9011,6756,12,50835,cleansing,2026-09-22T14:24:10,1,Synthetic / Demo Data,2026-09-22T00:00:00
9012,6756,63,50837,active,2026-09-22T19:23:12,0,Synthetic / Demo Data,2026-09-22T00:00:00
9013,6763,41,50839,toner,2026-07-26T03:00:51,1,Synthetic / Demo Data,2026-07-26T00:00:00
9014,6764,30,50845,toner,2026-08-22T04:24:50,1,Synthetic / Demo Data,2026-08-22T00:00:00
9015,6766,3,50856,cleansing,2026-03-24T02:18:22,0,Synthetic / Demo Data,2026-03-24T00:00:00
9016,6767,32,50864,toner,2026-04-15T10:01:59,0,Synthetic / Demo Data,2026-04-15T00:00:00
9017,6767,101,50865,spf,2026-04-15T07:39:54,1,Synthetic / Demo Data,2026-04-15T00:00:00
9018,6768,117,50876,spf,2026-05-03T01:02:31,1,Synthetic / Demo Data,2026-05-03T00:00:00
9019,6769,103,50882,spf,2026-07-19T05:08:52,1,Synthetic / Demo Data,2026-07-19T00:00:00
9020,6770,82,50888,moisturizer,2026-06-18T04:44:49,0,Synthetic / Demo Data,2026-06-18T00:00:00
9021,6770,17,50889,cleansing,2026-06-18T05:31:52,1,Synthetic / Demo Data,2026-06-18T00:00:00
9022,6770,39,50895,toner,2026-06-25T11:25:21,1,Synthetic / Demo Data,2026-06-25T00:00:00
9023,6771,84,50902,moisturizer,2026-06-01T11:50:40,1,Synthetic / Demo Data,2026-06-01T00:00:00
9024,6771,39,50904,toner,2026-06-01T20:16:08,1,Synthetic / Demo Data,2026-06-01T00:00:00
9025,6774,109,50913,spf,2026-03-20T16:48:21,1,Synthetic / Demo Data,2026-03-20T00:00:00
9026,6774,49,50917,active,2026-03-30T21:12:48,1,Synthetic / Demo Data,2026-03-30T00:00:00
9027,6775,35,50920,toner,2026-04-29T17:04:16,1,Synthetic / Demo Data,2026-04-29T00:00:00
9028,6775,74,50921,moisturizer,2026-04-29T15:01:58,1,Synthetic / Demo Data,2026-04-29T00:00:00
9029,6775,9,50926,cleansing,2026-05-09T13:39:36,1,Synthetic / Demo Data,2026-05-09T00:00:00
9030,6775,102,50927,spf,2026-05-09T12:19:17,1,Synthetic / Demo Data,2026-05-09T00:00:00
9031,6776,49,50939,active,2026-01-15T17:09:24,1,Synthetic / Demo Data,2026-01-15T00:00:00
9032,6776,76,50941,moisturizer,2026-01-24T11:05:54,1,Synthetic / Demo Data,2026-01-24T00:00:00
9033,6777,103,50944,spf,2026-05-10T14:28:14,1,Synthetic / Demo Data,2026-05-10T00:00:00
9034,6777,76,50945,moisturizer,2026-05-10T12:16:03,1,Synthetic / Demo Data,2026-05-10T00:00:00
9035,6780,76,50962,moisturizer,2026-08-28T23:30:25,1,Synthetic / Demo Data,2026-08-28T00:00:00
9036,6783,116,50974,spf,2026-02-11T14:44:43,1,Synthetic / Demo Data,2026-02-11T00:00:00
9037,6783,8,50977,cleansing,2026-02-11T19:34:01,0,Synthetic / Demo Data,2026-02-11T00:00:00
9038,6784,18,50984,cleansing,2026-07-10T22:57:23,1,Synthetic / Demo Data,2026-07-10T00:00:00
9039,6784,82,50986,moisturizer,2026-07-11T01:11:56,1,Synthetic / Demo Data,2026-07-11T00:00:00
9040,6784,94,50995,moisturizer,2026-07-19T01:25:39,1,Synthetic / Demo Data,2026-07-19T00:00:00
9041,6786,12,50998,cleansing,2026-06-27T17:05:27,1,Synthetic / Demo Data,2026-06-27T00:00:00
9042,6786,55,50999,active,2026-06-27T22:15:55,1,Synthetic / Demo Data,2026-06-27T00:00:00
9043,6787,76,51008,moisturizer,2026-02-01T20:31:53,1,Synthetic / Demo Data,2026-02-01T00:00:00
9044,6787,63,51012,active,2026-02-04T06:15:02,1,Synthetic / Demo Data,2026-02-04T00:00:00
9045,6788,90,51022,moisturizer,2026-02-02T13:02:24,1,Synthetic / Demo Data,2026-02-02T00:00:00
9046,6789,37,51027,toner,2026-05-19T00:11:21,1,Synthetic / Demo Data,2026-05-19T00:00:00
9047,6791,10,51042,cleansing,2026-01-11T01:31:37,0,Synthetic / Demo Data,2026-01-11T00:00:00
9048,6793,52,51062,active,2026-09-19T15:55:32,1,Synthetic / Demo Data,2026-09-19T00:00:00
9049,6793,14,51066,cleansing,2026-09-22T12:16:40,1,Synthetic / Demo Data,2026-09-22T00:00:00
9050,6795,82,51082,moisturizer,2026-05-07T01:33:17,1,Synthetic / Demo Data,2026-05-07T00:00:00
9051,6795,38,51086,toner,2026-05-22T21:54:56,1,Synthetic / Demo Data,2026-05-22T00:00:00
9052,6797,116,51087,spf,2026-05-20T17:26:12,0,Synthetic / Demo Data,2026-05-20T00:00:00
9053,6797,86,51091,moisturizer,2026-05-20T15:17:33,1,Synthetic / Demo Data,2026-05-20T00:00:00
9054,6799,94,51105,moisturizer,2026-05-11T16:50:55,1,Synthetic / Demo Data,2026-05-11T00:00:00
9055,6799,74,51110,moisturizer,2026-05-14T00:40:12,1,Synthetic / Demo Data,2026-05-14T00:00:00
9056,6801,14,51118,cleansing,2026-04-28T01:47:13,1,Synthetic / Demo Data,2026-04-28T00:00:00
9057,6803,1,51131,cleansing,2026-05-24T20:09:03,1,Synthetic / Demo Data,2026-05-24T00:00:00
9058,6803,6,51134,cleansing,2026-05-29T19:52:43,1,Synthetic / Demo Data,2026-05-29T00:00:00
9059,6803,116,51135,spf,2026-05-29T15:42:48,1,Synthetic / Demo Data,2026-05-29T00:00:00
9060,6804,90,51138,moisturizer,2026-05-25T20:17:22,1,Synthetic / Demo Data,2026-05-25T00:00:00
9061,6806,116,51151,spf,2026-03-26T18:08:46,1,Synthetic / Demo Data,2026-03-26T00:00:00
9062,6806,7,51158,cleansing,2026-03-27T06:14:02,1,Synthetic / Demo Data,2026-03-27T00:00:00
9063,6807,116,51168,spf,2026-08-12T01:27:11,1,Synthetic / Demo Data,2026-08-12T00:00:00
9064,6807,74,51173,moisturizer,2026-08-20T16:08:25,1,Synthetic / Demo Data,2026-08-20T00:00:00
9065,6808,16,51180,cleansing,2026-04-01T17:29:50,1,Synthetic / Demo Data,2026-04-01T00:00:00
9066,6809,24,51185,cleansing,2026-03-03T04:51:31,1,Synthetic / Demo Data,2026-03-03T00:00:00
9067,6809,117,51187,spf,2026-03-03T01:57:38,1,Synthetic / Demo Data,2026-03-03T00:00:00
9068,6809,110,51189,spf,2026-03-06T09:53:03,0,Synthetic / Demo Data,2026-03-06T00:00:00
9069,6809,109,51192,spf,2026-03-06T07:57:38,1,Synthetic / Demo Data,2026-03-06T00:00:00
9070,6809,21,51194,cleansing,2026-03-13T13:35:42,0,Synthetic / Demo Data,2026-03-13T00:00:00
9071,6810,7,51195,cleansing,2026-04-23T15:30:32,1,Synthetic / Demo Data,2026-04-23T00:00:00
9072,6810,114,51198,spf,2026-04-23T13:45:35,1,Synthetic / Demo Data,2026-04-23T00:00:00
9073,6810,14,51200,cleansing,2026-04-24T01:25:54,1,Synthetic / Demo Data,2026-04-24T00:00:00
9074,6810,46,51202,toner,2026-04-24T07:54:44,1,Synthetic / Demo Data,2026-04-24T00:00:00
9075,6810,40,51205,toner,2026-04-29T05:12:20,1,Synthetic / Demo Data,2026-04-29T00:00:00
9076,6811,51,51217,active,2026-05-16T01:03:46,1,Synthetic / Demo Data,2026-05-16T00:00:00
9077,6812,106,51223,spf,2026-05-21T18:48:53,1,Synthetic / Demo Data,2026-05-21T00:00:00
9078,6813,28,51228,toner,2026-08-29T01:52:41,1,Synthetic / Demo Data,2026-08-29T00:00:00
9079,6813,106,51229,spf,2026-08-29T05:13:12,1,Synthetic / Demo Data,2026-08-29T00:00:00
9080,6816,33,51246,toner,2026-05-27T14:40:53,0,Synthetic / Demo Data,2026-05-27T00:00:00
9081,6816,17,51252,cleansing,2026-06-10T07:30:12,0,Synthetic / Demo Data,2026-06-10T00:00:00
9082,6816,5,51254,cleansing,2026-06-10T02:15:23,1,Synthetic / Demo Data,2026-06-10T00:00:00
9083,6816,110,51255,spf,2026-06-14T16:00:26,1,Synthetic / Demo Data,2026-06-14T00:00:00
9084,6817,20,51262,cleansing,2026-03-03T18:44:52,1,Synthetic / Demo Data,2026-03-03T00:00:00
9085,6818,116,51268,spf,2026-03-14T11:09:21,1,Synthetic / Demo Data,2026-03-14T00:00:00
9086,6819,45,51281,toner,2026-08-01T23:54:55,1,Synthetic / Demo Data,2026-08-01T00:00:00
9087,6819,106,51283,spf,2026-08-02T06:55:23,1,Synthetic / Demo Data,2026-08-02T00:00:00
9088,6819,116,51285,spf,2026-08-17T12:59:05,1,Synthetic / Demo Data,2026-08-17T00:00:00
9089,6821,56,51286,active,2026-08-17T07:01:44,1,Synthetic / Demo Data,2026-08-17T00:00:00
9090,6821,45,51287,toner,2026-08-17T07:28:35,1,Synthetic / Demo Data,2026-08-17T00:00:00
9091,6821,25,51295,toner,2026-08-18T21:53:39,1,Synthetic / Demo Data,2026-08-18T00:00:00
9092,6822,55,51301,active,2026-04-04T12:43:55,1,Synthetic / Demo Data,2026-04-04T00:00:00
9093,6822,17,51307,cleansing,2026-04-05T21:39:28,1,Synthetic / Demo Data,2026-04-05T00:00:00
9094,6823,96,51315,moisturizer,2026-02-01T12:02:37,1,Synthetic / Demo Data,2026-02-01T00:00:00
9095,6823,63,51318,active,2026-02-02T07:56:19,1,Synthetic / Demo Data,2026-02-02T00:00:00
9096,6825,82,51329,moisturizer,2026-06-24T16:37:39,1,Synthetic / Demo Data,2026-06-24T00:00:00
9097,6825,22,51332,cleansing,2026-07-03T07:44:35,0,Synthetic / Demo Data,2026-07-03T00:00:00
9098,6828,112,51360,spf,2026-07-14T11:14:47,1,Synthetic / Demo Data,2026-07-14T00:00:00
9099,6828,1,51364,cleansing,2026-07-14T16:58:25,1,Synthetic / Demo Data,2026-07-14T00:00:00
9100,6829,82,51371,moisturizer,2026-05-01T08:21:37,1,Synthetic / Demo Data,2026-05-01T00:00:00
9101,6829,115,51374,spf,2026-05-01T07:04:48,1,Synthetic / Demo Data,2026-05-01T00:00:00
9102,6830,74,51376,moisturizer,2026-01-27T10:13:42,1,Synthetic / Demo Data,2026-01-27T00:00:00
9103,6830,7,51381,cleansing,2026-01-28T21:38:37,1,Synthetic / Demo Data,2026-01-28T00:00:00
9104,6830,4,51384,cleansing,2026-01-28T23:07:05,1,Synthetic / Demo Data,2026-01-28T00:00:00
9105,6832,39,51398,toner,2026-04-11T01:03:02,1,Synthetic / Demo Data,2026-04-11T00:00:00
9106,6834,17,51406,cleansing,2026-03-05T20:29:57,0,Synthetic / Demo Data,2026-03-05T00:00:00
9107,6834,16,51412,cleansing,2026-03-20T03:57:54,1,Synthetic / Demo Data,2026-03-20T00:00:00
9108,6835,14,51415,cleansing,2026-04-09T12:34:41,1,Synthetic / Demo Data,2026-04-09T00:00:00
9109,6836,16,51427,cleansing,2026-02-13T09:02:00,0,Synthetic / Demo Data,2026-02-13T00:00:00
9110,6836,75,51428,moisturizer,2026-02-13T05:04:59,1,Synthetic / Demo Data,2026-02-13T00:00:00
9111,6836,72,51432,active,2026-02-22T11:09:37,1,Synthetic / Demo Data,2026-02-22T00:00:00
9112,6837,3,51434,cleansing,2026-06-30T19:17:14,1,Synthetic / Demo Data,2026-06-30T00:00:00
9113,6843,8,51457,cleansing,2026-02-17T21:02:35,1,Synthetic / Demo Data,2026-02-17T00:00:00
9114,6843,76,51462,moisturizer,2026-02-20T22:47:01,1,Synthetic / Demo Data,2026-02-20T00:00:00
9115,6844,88,51465,moisturizer,2026-08-31T11:36:29,1,Synthetic / Demo Data,2026-08-31T00:00:00
9116,6845,8,51475,cleansing,2026-01-28T14:41:07,1,Synthetic / Demo Data,2026-01-28T00:00:00
9117,6845,80,51478,moisturizer,2026-01-30T04:20:51,1,Synthetic / Demo Data,2026-01-30T00:00:00
9118,6846,94,51487,moisturizer,2026-03-11T18:16:35,1,Synthetic / Demo Data,2026-03-11T00:00:00
9119,6847,82,51490,moisturizer,2026-06-04T01:36:37,1,Synthetic / Demo Data,2026-06-04T00:00:00
9120,6847,14,51491,cleansing,2026-06-04T03:59:01,1,Synthetic / Demo Data,2026-06-04T00:00:00
9121,6847,116,51493,spf,2026-06-04T06:03:39,1,Synthetic / Demo Data,2026-06-04T00:00:00
9122,6847,21,51497,cleansing,2026-06-12T14:44:58,1,Synthetic / Demo Data,2026-06-12T00:00:00
9123,6848,21,51509,cleansing,2026-08-04T11:02:40,1,Synthetic / Demo Data,2026-08-04T00:00:00
9124,6849,109,51511,spf,2026-04-23T06:33:51,1,Synthetic / Demo Data,2026-04-23T00:00:00
9125,6849,76,51515,moisturizer,2026-04-23T01:40:59,1,Synthetic / Demo Data,2026-04-23T00:00:00
9126,6849,88,51517,moisturizer,2026-04-27T07:43:21,1,Synthetic / Demo Data,2026-04-27T00:00:00
9127,6849,86,51518,moisturizer,2026-04-27T02:30:58,1,Synthetic / Demo Data,2026-04-27T00:00:00
9128,6849,80,51521,moisturizer,2026-05-01T10:13:11,1,Synthetic / Demo Data,2026-05-01T00:00:00
9129,6849,24,51522,cleansing,2026-05-01T08:59:42,1,Synthetic / Demo Data,2026-05-01T00:00:00
9130,6850,78,51526,moisturizer,2026-06-09T06:02:10,1,Synthetic / Demo Data,2026-06-09T00:00:00
9131,6850,82,51534,moisturizer,2026-06-11T16:18:28,1,Synthetic / Demo Data,2026-06-11T00:00:00
9132,6851,92,51536,moisturizer,2026-04-18T15:22:49,1,Synthetic / Demo Data,2026-04-18T00:00:00
9133,6851,66,51541,active,2026-04-29T09:19:42,1,Synthetic / Demo Data,2026-04-29T00:00:00
9134,6852,80,51543,moisturizer,2026-06-13T12:34:18,1,Synthetic / Demo Data,2026-06-13T00:00:00
9135,6852,57,51544,active,2026-06-13T17:28:09,1,Synthetic / Demo Data,2026-06-13T00:00:00
9136,6852,110,51549,spf,2026-06-17T17:01:31,0,Synthetic / Demo Data,2026-06-17T00:00:00
9137,6857,21,51564,cleansing,2026-04-07T15:18:16,1,Synthetic / Demo Data,2026-04-07T00:00:00
9138,6858,37,51572,toner,2026-07-07T07:06:53,1,Synthetic / Demo Data,2026-07-07T00:00:00
9139,6862,110,51582,spf,2026-07-10T17:11:17,1,Synthetic / Demo Data,2026-07-10T00:00:00
9140,6865,7,51589,cleansing,2026-01-18T06:58:45,0,Synthetic / Demo Data,2026-01-18T00:00:00
9141,6865,66,51593,active,2026-01-25T04:51:21,1,Synthetic / Demo Data,2026-01-25T00:00:00
9142,6865,76,51594,moisturizer,2026-01-25T06:40:17,1,Synthetic / Demo Data,2026-01-25T00:00:00
9143,6865,22,51595,cleansing,2026-01-25T02:54:32,1,Synthetic / Demo Data,2026-01-25T00:00:00
9144,6866,84,51599,moisturizer,2026-08-24T23:06:34,0,Synthetic / Demo Data,2026-08-24T00:00:00
9145,6868,21,51608,cleansing,2026-07-30T23:12:04,1,Synthetic / Demo Data,2026-07-30T00:00:00
9146,6869,102,51621,spf,2026-07-09T02:46:14,1,Synthetic / Demo Data,2026-07-09T00:00:00
9147,6869,90,51627,moisturizer,2026-07-11T15:11:09,1,Synthetic / Demo Data,2026-07-11T00:00:00
9148,6870,50,51628,active,2026-06-13T04:52:05,1,Synthetic / Demo Data,2026-06-13T00:00:00
9149,6870,76,51629,moisturizer,2026-06-12T23:44:09,1,Synthetic / Demo Data,2026-06-12T00:00:00
9150,6871,83,51638,moisturizer,2026-04-08T19:24:21,1,Synthetic / Demo Data,2026-04-08T00:00:00
9151,6871,106,51644,spf,2026-04-09T01:03:01,1,Synthetic / Demo Data,2026-04-09T00:00:00
9152,6872,107,51647,spf,2026-06-19T08:08:00,1,Synthetic / Demo Data,2026-06-19T00:00:00
9153,6872,6,51648,cleansing,2026-06-19T09:58:17,1,Synthetic / Demo Data,2026-06-19T00:00:00
9154,6872,104,51649,spf,2026-06-19T07:43:45,1,Synthetic / Demo Data,2026-06-19T00:00:00
9155,6872,31,51652,toner,2026-06-19T22:05:01,1,Synthetic / Demo Data,2026-06-19T00:00:00
9156,6872,89,51653,moisturizer,2026-06-19T21:19:30,1,Synthetic / Demo Data,2026-06-19T00:00:00
9157,6873,25,51659,toner,2026-04-06T02:27:54,1,Synthetic / Demo Data,2026-04-06T00:00:00
9158,6873,18,51662,cleansing,2026-04-06T02:43:57,1,Synthetic / Demo Data,2026-04-06T00:00:00
9159,6876,116,51668,spf,2026-07-14T01:38:24,1,Synthetic / Demo Data,2026-07-14T00:00:00
9160,6876,10,51669,cleansing,2026-07-13T21:56:35,1,Synthetic / Demo Data,2026-07-13T00:00:00
9161,6876,21,51676,cleansing,2026-07-16T00:53:30,1,Synthetic / Demo Data,2026-07-16T00:00:00
9162,6878,14,51698,cleansing,2026-07-13T23:21:52,1,Synthetic / Demo Data,2026-07-13T00:00:00
9163,6879,112,51700,spf,2026-01-13T18:34:03,1,Synthetic / Demo Data,2026-01-13T00:00:00
9164,6879,116,51706,spf,2026-01-19T00:09:30,1,Synthetic / Demo Data,2026-01-19T00:00:00
9165,6880,86,51709,moisturizer,2026-06-30T16:26:08,1,Synthetic / Demo Data,2026-06-30T00:00:00
9166,6880,116,51715,spf,2026-07-09T00:07:30,1,Synthetic / Demo Data,2026-07-09T00:00:00
9167,6881,112,51717,spf,2026-08-23T10:21:07,1,Synthetic / Demo Data,2026-08-23T00:00:00
9168,6881,107,51719,spf,2026-08-23T12:31:06,1,Synthetic / Demo Data,2026-08-23T00:00:00
9169,6882,12,51727,cleansing,2026-02-16T04:19:53,1,Synthetic / Demo Data,2026-02-16T00:00:00
9170,6882,84,51732,moisturizer,2026-02-21T03:22:57,1,Synthetic / Demo Data,2026-02-21T00:00:00
9171,6882,1,51734,cleansing,2026-02-20T23:35:43,1,Synthetic / Demo Data,2026-02-20T00:00:00
9172,6882,62,51735,active,2026-02-24T03:17:47,1,Synthetic / Demo Data,2026-02-24T00:00:00
9173,6884,43,51737,toner,2026-03-08T05:36:53,1,Synthetic / Demo Data,2026-03-08T00:00:00
9174,6884,97,51744,spf,2026-03-15T03:49:05,1,Synthetic / Demo Data,2026-03-15T00:00:00
9175,6884,76,51749,moisturizer,2026-03-16T21:22:57,1,Synthetic / Demo Data,2026-03-16T00:00:00
9176,6885,80,51755,moisturizer,2026-07-17T17:26:38,1,Synthetic / Demo Data,2026-07-17T00:00:00
9177,6886,68,51768,active,2026-03-25T13:22:29,1,Synthetic / Demo Data,2026-03-25T00:00:00
9178,6886,74,51769,moisturizer,2026-03-25T16:37:53,1,Synthetic / Demo Data,2026-03-25T00:00:00
9179,6886,17,51770,cleansing,2026-03-25T11:49:00,1,Synthetic / Demo Data,2026-03-25T00:00:00
9180,6887,2,51774,cleansing,2026-08-02T20:40:38,1,Synthetic / Demo Data,2026-08-02T00:00:00
9181,6887,46,51775,toner,2026-08-02T21:13:38,1,Synthetic / Demo Data,2026-08-02T00:00:00
9182,6887,61,51779,active,2026-08-02T23:27:50,1,Synthetic / Demo Data,2026-08-02T00:00:00
9183,6887,106,51788,spf,2026-08-04T14:15:58,1,Synthetic / Demo Data,2026-08-04T00:00:00
9184,6888,17,51791,cleansing,2026-04-15T01:02:46,1,Synthetic / Demo Data,2026-04-15T00:00:00
9185,6888,57,51796,active,2026-04-23T15:24:20,1,Synthetic / Demo Data,2026-04-23T00:00:00
9186,6894,7,51821,cleansing,2026-05-25T14:56:43,1,Synthetic / Demo Data,2026-05-25T00:00:00
9187,6894,116,51822,spf,2026-05-25T18:03:33,1,Synthetic / Demo Data,2026-05-25T00:00:00
9188,6896,51,51839,active,2026-04-26T04:02:20,1,Synthetic / Demo Data,2026-04-26T00:00:00
9189,6896,21,51843,cleansing,2026-05-06T23:03:08,1,Synthetic / Demo Data,2026-05-06T00:00:00
9190,6898,116,51848,spf,2026-05-21T07:53:24,1,Synthetic / Demo Data,2026-05-21T00:00:00
9191,6898,92,51850,moisturizer,2026-06-05T06:29:34,1,Synthetic / Demo Data,2026-06-05T00:00:00
9192,6898,112,51852,spf,2026-06-05T05:49:13,1,Synthetic / Demo Data,2026-06-05T00:00:00
9193,6898,80,51853,moisturizer,2026-06-05T05:14:21,1,Synthetic / Demo Data,2026-06-05T00:00:00
9194,6899,97,51861,spf,2026-02-16T02:40:02,1,Synthetic / Demo Data,2026-02-16T00:00:00
9195,6901,38,51870,toner,2026-05-25T14:55:57,1,Synthetic / Demo Data,2026-05-25T00:00:00
9196,6903,33,51875,toner,2026-04-18T06:26:23,1,Synthetic / Demo Data,2026-04-18T00:00:00
9197,6903,100,51876,spf,2026-04-18T04:25:31,1,Synthetic / Demo Data,2026-04-18T00:00:00
9198,6905,40,51887,toner,2026-07-12T17:12:58,1,Synthetic / Demo Data,2026-07-12T00:00:00
9199,6905,51,51893,active,2026-07-15T05:58:15,1,Synthetic / Demo Data,2026-07-15T00:00:00
9200,6905,72,51894,active,2026-07-15T07:31:10,1,Synthetic / Demo Data,2026-07-15T00:00:00
9201,6905,27,51897,toner,2026-07-31T01:33:18,1,Synthetic / Demo Data,2026-07-31T00:00:00
9202,6906,55,51902,active,2026-05-02T14:56:17,1,Synthetic / Demo Data,2026-05-02T00:00:00
9203,6906,10,51904,cleansing,2026-05-08T09:05:15,1,Synthetic / Demo Data,2026-05-08T00:00:00
9204,6907,25,51915,toner,2026-03-23T11:07:25,1,Synthetic / Demo Data,2026-03-23T00:00:00
9205,6910,8,51932,cleansing,2026-01-19T02:50:22,1,Synthetic / Demo Data,2026-01-19T00:00:00
9206,6910,54,51933,active,2026-01-19T04:28:21,1,Synthetic / Demo Data,2026-01-19T00:00:00
9207,6910,55,51937,active,2026-02-07T22:48:21,1,Synthetic / Demo Data,2026-02-07T00:00:00
9208,6910,92,51938,moisturizer,2026-02-07T22:45:42,1,Synthetic / Demo Data,2026-02-07T00:00:00
9209,6910,12,51939,cleansing,2026-02-07T21:39:45,1,Synthetic / Demo Data,2026-02-07T00:00:00
9210,6910,84,51940,moisturizer,2026-02-08T04:56:12,0,Synthetic / Demo Data,2026-02-08T00:00:00
9211,6911,1,51943,cleansing,2026-08-20T02:10:29,0,Synthetic / Demo Data,2026-08-20T00:00:00
9212,6911,72,51944,active,2026-08-20T02:15:55,1,Synthetic / Demo Data,2026-08-20T00:00:00
9213,6911,116,51950,spf,2026-09-04T14:51:41,0,Synthetic / Demo Data,2026-09-04T00:00:00
9214,6913,18,51958,cleansing,2026-05-08T01:51:28,1,Synthetic / Demo Data,2026-05-08T00:00:00
9215,6915,49,51960,active,2026-03-17T07:12:56,1,Synthetic / Demo Data,2026-03-17T00:00:00
9216,6915,41,51962,toner,2026-03-17T10:36:12,1,Synthetic / Demo Data,2026-03-17T00:00:00
9217,6915,13,51964,cleansing,2026-03-17T19:45:52,1,Synthetic / Demo Data,2026-03-17T00:00:00
9218,6915,73,51967,moisturizer,2026-03-17T16:23:24,1,Synthetic / Demo Data,2026-03-17T00:00:00
9219,6915,92,51968,moisturizer,2026-03-17T17:34:58,1,Synthetic / Demo Data,2026-03-17T00:00:00
9220,6916,4,51969,cleansing,2026-03-08T02:03:09,1,Synthetic / Demo Data,2026-03-08T00:00:00
9221,6916,70,51973,active,2026-03-08T03:33:23,1,Synthetic / Demo Data,2026-03-08T00:00:00
9222,6916,66,51974,active,2026-03-17T22:01:41,1,Synthetic / Demo Data,2026-03-17T00:00:00
9223,6916,27,51975,toner,2026-03-17T23:31:35,1,Synthetic / Demo Data,2026-03-17T00:00:00
9224,6916,106,51977,spf,2026-03-17T23:26:11,0,Synthetic / Demo Data,2026-03-17T00:00:00
9225,6916,40,51979,toner,2026-03-21T14:45:49,1,Synthetic / Demo Data,2026-03-21T00:00:00
9226,6918,55,51981,active,2026-08-29T21:17:12,1,Synthetic / Demo Data,2026-08-29T00:00:00
9227,6918,25,51984,toner,2026-08-30T01:39:00,0,Synthetic / Demo Data,2026-08-30T00:00:00
9228,6918,1,51988,cleansing,2026-09-07T03:45:58,1,Synthetic / Demo Data,2026-09-07T00:00:00
9229,6920,70,51996,active,2026-04-20T05:02:48,1,Synthetic / Demo Data,2026-04-20T00:00:00
9230,6920,115,52002,spf,2026-04-27T20:51:01,1,Synthetic / Demo Data,2026-04-27T00:00:00
9231,6920,12,52004,cleansing,2026-05-03T00:04:12,1,Synthetic / Demo Data,2026-05-03T00:00:00
9232,6920,96,52005,moisturizer,2026-05-03T04:21:43,1,Synthetic / Demo Data,2026-05-03T00:00:00
9233,6921,56,52008,active,2026-06-29T12:33:02,1,Synthetic / Demo Data,2026-06-29T00:00:00
9234,6921,117,52010,spf,2026-06-29T11:34:04,1,Synthetic / Demo Data,2026-06-29T00:00:00
9235,6921,21,52012,cleansing,2026-07-03T05:13:09,1,Synthetic / Demo Data,2026-07-03T00:00:00
9236,6923,20,52016,cleansing,2026-06-30T10:11:58,1,Synthetic / Demo Data,2026-06-30T00:00:00
9237,6923,103,52018,spf,2026-06-30T07:03:57,1,Synthetic / Demo Data,2026-06-30T00:00:00
9238,6923,63,52019,active,2026-06-30T09:04:41,1,Synthetic / Demo Data,2026-06-30T00:00:00
9239,6923,116,52020,spf,2026-06-30T21:59:12,1,Synthetic / Demo Data,2026-06-30T00:00:00
9240,6923,60,52026,active,2026-07-06T08:28:21,1,Synthetic / Demo Data,2026-07-06T00:00:00
9241,6923,40,52027,toner,2026-07-06T07:41:40,0,Synthetic / Demo Data,2026-07-06T00:00:00
9242,6923,7,52029,cleansing,2026-07-06T06:25:49,1,Synthetic / Demo Data,2026-07-06T00:00:00
9243,6925,109,52043,spf,2026-08-07T01:26:29,1,Synthetic / Demo Data,2026-08-07T00:00:00
9244,6925,13,52048,cleansing,2026-08-09T23:19:07,1,Synthetic / Demo Data,2026-08-09T00:00:00
9245,6926,9,52052,cleansing,2026-01-12T18:28:47,1,Synthetic / Demo Data,2026-01-12T00:00:00
9246,6926,51,52062,active,2026-01-23T00:29:34,1,Synthetic / Demo Data,2026-01-23T00:00:00
9247,6926,70,52063,active,2026-01-23T00:49:29,1,Synthetic / Demo Data,2026-01-23T00:00:00
9248,6927,96,52075,moisturizer,2026-07-30T07:43:18,1,Synthetic / Demo Data,2026-07-30T00:00:00
9249,6928,102,52079,spf,2026-05-13T09:11:05,1,Synthetic / Demo Data,2026-05-13T00:00:00
9250,6928,82,52084,moisturizer,2026-05-23T10:26:25,1,Synthetic / Demo Data,2026-05-23T00:00:00
9251,6929,41,52088,toner,2026-07-12T02:40:53,1,Synthetic / Demo Data,2026-07-12T00:00:00
9252,6929,94,52092,moisturizer,2026-07-12T11:46:31,0,Synthetic / Demo Data,2026-07-12T00:00:00
9253,6929,101,52094,spf,2026-07-12T05:51:48,1,Synthetic / Demo Data,2026-07-12T00:00:00
9254,6929,82,52096,moisturizer,2026-07-12T05:47:35,1,Synthetic / Demo Data,2026-07-12T00:00:00
9255,6931,111,52104,spf,2026-07-03T03:07:57,0,Synthetic / Demo Data,2026-07-03T00:00:00
9256,6931,25,52112,toner,2026-07-06T01:36:10,0,Synthetic / Demo Data,2026-07-06T00:00:00
9257,6932,7,52117,cleansing,2026-05-19T10:30:10,1,Synthetic / Demo Data,2026-05-19T00:00:00
9258,6932,52,52119,active,2026-05-19T09:08:57,1,Synthetic / Demo Data,2026-05-19T00:00:00
9259,6932,24,52120,cleansing,2026-05-26T01:24:06,1,Synthetic / Demo Data,2026-05-26T00:00:00
9260,6932,97,52126,spf,2026-05-29T03:56:22,1,Synthetic / Demo Data,2026-05-29T00:00:00
9261,6932,46,52127,toner,2026-05-29T05:45:18,1,Synthetic / Demo Data,2026-05-29T00:00:00
9262,6933,55,52130,active,2026-08-03T10:38:24,1,Synthetic / Demo Data,2026-08-03T00:00:00
9263,6935,51,52142,active,2026-07-29T10:11:57,1,Synthetic / Demo Data,2026-07-29T00:00:00
9264,6935,86,52146,moisturizer,2026-07-29T09:27:05,1,Synthetic / Demo Data,2026-07-29T00:00:00
9265,6936,18,52153,cleansing,2026-07-22T05:59:39,1,Synthetic / Demo Data,2026-07-22T00:00:00
9266,6936,101,52156,spf,2026-07-22T08:08:10,1,Synthetic / Demo Data,2026-07-22T00:00:00
9267,6936,51,52163,active,2026-08-04T17:05:51,1,Synthetic / Demo Data,2026-08-04T00:00:00
9268,6937,16,52165,cleansing,2026-05-09T23:49:41,1,Synthetic / Demo Data,2026-05-09T00:00:00
9269,6937,1,52171,cleansing,2026-05-17T07:09:25,1,Synthetic / Demo Data,2026-05-17T00:00:00
9270,6941,101,52196,spf,2026-01-31T17:03:59,1,Synthetic / Demo Data,2026-01-31T00:00:00
9271,6944,84,52203,moisturizer,2026-07-11T06:45:50,1,Synthetic / Demo Data,2026-07-11T00:00:00
9272,6944,59,52205,active,2026-07-11T09:30:49,1,Synthetic / Demo Data,2026-07-11T00:00:00
9273,6944,82,52206,moisturizer,2026-07-11T10:35:40,1,Synthetic / Demo Data,2026-07-11T00:00:00
9274,6946,24,52216,cleansing,2026-05-16T08:39:28,1,Synthetic / Demo Data,2026-05-16T00:00:00
9275,6946,116,52218,spf,2026-05-16T09:46:31,0,Synthetic / Demo Data,2026-05-16T00:00:00
9276,6947,40,52234,toner,2026-04-18T23:42:45,1,Synthetic / Demo Data,2026-04-18T00:00:00
9277,6948,114,52238,spf,2026-08-09T14:47:40,1,Synthetic / Demo Data,2026-08-09T00:00:00
9278,6950,39,52245,toner,2026-05-17T02:21:22,1,Synthetic / Demo Data,2026-05-17T00:00:00
9279,6950,82,52252,moisturizer,2026-05-24T05:37:26,1,Synthetic / Demo Data,2026-05-24T00:00:00
9280,6951,116,52255,spf,2026-01-08T08:42:49,1,Synthetic / Demo Data,2026-01-08T00:00:00
9281,6951,112,52263,spf,2026-01-25T20:43:53,1,Synthetic / Demo Data,2026-01-25T00:00:00
9282,6951,14,52264,cleansing,2026-01-25T23:52:50,1,Synthetic / Demo Data,2026-01-25T00:00:00
9283,6952,84,52270,moisturizer,2026-04-14T14:01:00,1,Synthetic / Demo Data,2026-04-14T00:00:00
9284,6953,76,52286,moisturizer,2026-08-28T01:09:12,1,Synthetic / Demo Data,2026-08-28T00:00:00
9285,6955,116,52293,spf,2026-04-11T02:51:07,1,Synthetic / Demo Data,2026-04-11T00:00:00
9286,6955,82,52296,moisturizer,2026-04-10T19:08:18,1,Synthetic / Demo Data,2026-04-10T00:00:00
9287,6957,21,52303,cleansing,2026-04-01T02:47:02,1,Synthetic / Demo Data,2026-04-01T00:00:00
9288,6958,107,52310,spf,2026-07-02T04:31:46,1,Synthetic / Demo Data,2026-07-02T00:00:00
9289,6958,89,52311,moisturizer,2026-07-02T06:24:14,1,Synthetic / Demo Data,2026-07-02T00:00:00
9290,6958,76,52312,moisturizer,2026-07-02T10:56:27,1,Synthetic / Demo Data,2026-07-02T00:00:00
9291,6960,32,52325,toner,2026-06-25T04:28:14,1,Synthetic / Demo Data,2026-06-25T00:00:00
9292,6963,88,52329,moisturizer,2026-07-26T12:18:12,1,Synthetic / Demo Data,2026-07-26T00:00:00
9293,6963,66,52331,active,2026-07-26T14:37:42,1,Synthetic / Demo Data,2026-07-26T00:00:00
9294,6963,16,52335,cleansing,2026-07-30T19:54:45,0,Synthetic / Demo Data,2026-07-30T00:00:00
9295,6963,35,52336,toner,2026-07-30T12:23:12,1,Synthetic / Demo Data,2026-07-30T00:00:00
9296,6964,46,52348,toner,2026-01-24T09:35:27,1,Synthetic / Demo Data,2026-01-24T00:00:00
9297,6964,21,52354,cleansing,2026-01-24T16:48:17,0,Synthetic / Demo Data,2026-01-24T00:00:00
9298,6965,92,52360,moisturizer,2026-03-04T22:42:56,1,Synthetic / Demo Data,2026-03-04T00:00:00
9299,6968,94,52363,moisturizer,2026-04-11T00:27:01,1,Synthetic / Demo Data,2026-04-11T00:00:00
9300,6968,89,52370,moisturizer,2026-04-20T06:13:24,1,Synthetic / Demo Data,2026-04-20T00:00:00
9301,6968,110,52374,spf,2026-04-22T10:30:58,1,Synthetic / Demo Data,2026-04-22T00:00:00
9302,6968,116,52376,spf,2026-04-22T18:00:28,1,Synthetic / Demo Data,2026-04-22T00:00:00
9303,6969,39,52380,toner,2026-05-07T12:58:30,1,Synthetic / Demo Data,2026-05-07T00:00:00
9304,6969,88,52381,moisturizer,2026-05-07T14:14:31,1,Synthetic / Demo Data,2026-05-07T00:00:00
9305,6969,110,52383,spf,2026-05-07T13:03:07,0,Synthetic / Demo Data,2026-05-07T00:00:00
9306,6969,69,52384,active,2026-05-07T12:30:00,1,Synthetic / Demo Data,2026-05-07T00:00:00
9307,6969,10,52387,cleansing,2026-05-09T03:37:39,1,Synthetic / Demo Data,2026-05-09T00:00:00
9308,6969,106,52390,spf,2026-05-15T18:24:02,1,Synthetic / Demo Data,2026-05-15T00:00:00
9309,6969,116,52393,spf,2026-05-15T23:20:58,1,Synthetic / Demo Data,2026-05-15T00:00:00
9310,6970,103,52397,spf,2026-08-13T12:19:53,1,Synthetic / Demo Data,2026-08-13T00:00:00
9311,6970,51,52401,active,2026-08-15T20:47:22,0,Synthetic / Demo Data,2026-08-15T00:00:00
9312,6970,92,52402,moisturizer,2026-08-15T20:55:37,1,Synthetic / Demo Data,2026-08-15T00:00:00
9313,6971,112,52409,spf,2026-04-12T22:33:59,1,Synthetic / Demo Data,2026-04-12T00:00:00
9314,6973,5,52422,cleansing,2026-03-30T10:28:45,1,Synthetic / Demo Data,2026-03-30T00:00:00
9315,6974,61,52426,active,2026-04-26T11:42:21,1,Synthetic / Demo Data,2026-04-26T00:00:00
9316,6975,112,52434,spf,2026-07-21T02:08:39,1,Synthetic / Demo Data,2026-07-21T00:00:00
9317,6975,65,52435,active,2026-07-21T00:41:39,1,Synthetic / Demo Data,2026-07-21T00:00:00
9318,6975,106,52437,spf,2026-07-21T03:18:33,1,Synthetic / Demo Data,2026-07-21T00:00:00
9319,6976,72,52450,active,2026-04-26T07:33:34,1,Synthetic / Demo Data,2026-04-26T00:00:00
9320,6980,81,52470,moisturizer,2026-06-19T10:11:37,1,Synthetic / Demo Data,2026-06-19T00:00:00
9321,6980,27,52473,toner,2026-07-03T05:54:07,1,Synthetic / Demo Data,2026-07-03T00:00:00
9322,6981,109,52483,spf,2026-07-21T05:55:10,1,Synthetic / Demo Data,2026-07-21T00:00:00
9323,6981,81,52484,moisturizer,2026-07-21T05:22:32,1,Synthetic / Demo Data,2026-07-21T00:00:00
9324,6981,76,52487,moisturizer,2026-07-23T14:26:41,1,Synthetic / Demo Data,2026-07-23T00:00:00
9325,6981,106,52488,spf,2026-07-23T18:00:29,1,Synthetic / Demo Data,2026-07-23T00:00:00
9326,6981,62,52491,active,2026-07-25T08:39:03,1,Synthetic / Demo Data,2026-07-25T00:00:00
9327,6983,39,52501,toner,2026-03-25T16:47:09,1,Synthetic / Demo Data,2026-03-25T00:00:00
9328,6985,114,52517,spf,2026-02-06T19:10:23,1,Synthetic / Demo Data,2026-02-06T00:00:00
9329,6986,100,52524,spf,2026-06-25T23:02:37,1,Synthetic / Demo Data,2026-06-25T00:00:00
9330,6988,27,52533,toner,2026-08-24T15:00:37,1,Synthetic / Demo Data,2026-08-24T00:00:00
9331,6988,50,52534,active,2026-08-24T15:26:52,0,Synthetic / Demo Data,2026-08-24T00:00:00
9332,6988,15,52535,cleansing,2026-08-24T18:31:14,1,Synthetic / Demo Data,2026-08-24T00:00:00
9333,6988,94,52538,moisturizer,2026-09-05T01:59:56,1,Synthetic / Demo Data,2026-09-05T00:00:00
9334,6989,82,52545,moisturizer,2026-06-11T13:48:10,1,Synthetic / Demo Data,2026-06-11T00:00:00
9335,6989,88,52550,moisturizer,2026-06-11T18:26:43,1,Synthetic / Demo Data,2026-06-11T00:00:00
9336,6992,44,52570,toner,2026-05-04T15:19:59,0,Synthetic / Demo Data,2026-05-04T00:00:00
9337,6993,76,52577,moisturizer,2026-06-23T02:39:29,1,Synthetic / Demo Data,2026-06-23T00:00:00
9338,6993,74,52581,moisturizer,2026-06-23T06:50:28,1,Synthetic / Demo Data,2026-06-23T00:00:00
9339,6995,107,52597,spf,2026-05-23T17:41:55,1,Synthetic / Demo Data,2026-05-23T00:00:00
9340,6995,61,52600,active,2026-05-28T04:33:33,1,Synthetic / Demo Data,2026-05-28T00:00:00
9341,6995,10,52601,cleansing,2026-05-28T02:26:04,1,Synthetic / Demo Data,2026-05-28T00:00:00
9342,6995,120,52602,spf,2026-05-28T00:45:32,1,Synthetic / Demo Data,2026-05-28T00:00:00
9343,6996,77,52611,moisturizer,2026-07-04T09:33:28,1,Synthetic / Demo Data,2026-07-04T00:00:00
9344,6996,120,52613,spf,2026-07-04T10:03:07,1,Synthetic / Demo Data,2026-07-04T00:00:00
9345,6997,76,52620,moisturizer,2026-05-12T17:56:29,1,Synthetic / Demo Data,2026-05-12T00:00:00
9346,6998,21,52629,cleansing,2026-07-25T20:11:12,0,Synthetic / Demo Data,2026-07-25T00:00:00
9347,6999,21,52638,cleansing,2026-03-21T12:52:21,1,Synthetic / Demo Data,2026-03-21T00:00:00
9348,6999,109,52645,spf,2026-04-06T15:33:38,1,Synthetic / Demo Data,2026-04-06T00:00:00
9349,6999,70,52646,active,2026-04-06T10:35:02,0,Synthetic / Demo Data,2026-04-06T00:00:00
9350,7003,115,52664,spf,2026-07-22T17:07:40,1,Synthetic / Demo Data,2026-07-22T00:00:00
9351,7003,56,52668,active,2026-07-22T22:24:09,1,Synthetic / Demo Data,2026-07-22T00:00:00
9352,7003,82,52669,moisturizer,2026-07-29T10:46:38,1,Synthetic / Demo Data,2026-07-29T00:00:00
9353,7005,14,52683,cleansing,2026-06-14T04:33:55,1,Synthetic / Demo Data,2026-06-14T00:00:00
9354,7005,70,52684,active,2026-06-16T21:15:10,0,Synthetic / Demo Data,2026-06-16T00:00:00
9355,7005,63,52692,active,2026-07-03T03:43:17,0,Synthetic / Demo Data,2026-07-03T00:00:00
9356,7006,51,52699,active,2026-06-26T17:40:50,1,Synthetic / Demo Data,2026-06-26T00:00:00
9357,7006,116,52700,spf,2026-06-26T20:50:25,0,Synthetic / Demo Data,2026-06-26T00:00:00
9358,7006,55,52705,active,2026-07-02T19:47:58,1,Synthetic / Demo Data,2026-07-02T00:00:00
9359,7010,28,52716,toner,2026-07-04T12:08:39,1,Synthetic / Demo Data,2026-07-04T00:00:00
9360,7011,21,52720,cleansing,2026-07-09T07:53:58,1,Synthetic / Demo Data,2026-07-09T00:00:00
9361,7011,1,52721,cleansing,2026-07-09T09:29:42,1,Synthetic / Demo Data,2026-07-09T00:00:00
9362,7014,52,52732,active,2026-08-21T21:38:39,1,Synthetic / Demo Data,2026-08-21T00:00:00
9363,7014,63,52735,active,2026-08-26T06:28:49,1,Synthetic / Demo Data,2026-08-26T00:00:00
9364,7015,116,52737,spf,2026-02-28T17:57:31,1,Synthetic / Demo Data,2026-02-28T00:00:00
9365,7015,6,52742,cleansing,2026-03-09T22:34:42,1,Synthetic / Demo Data,2026-03-09T00:00:00
9366,7016,116,52747,spf,2026-06-20T02:41:39,1,Synthetic / Demo Data,2026-06-20T00:00:00
9367,7017,17,52759,cleansing,2026-04-26T23:35:51,1,Synthetic / Demo Data,2026-04-26T00:00:00
9368,7017,14,52760,cleansing,2026-04-26T23:57:40,1,Synthetic / Demo Data,2026-04-26T00:00:00
9369,7019,21,52774,cleansing,2026-02-21T20:48:24,1,Synthetic / Demo Data,2026-02-21T00:00:00
9370,7021,40,52780,toner,2026-08-15T08:00:13,1,Synthetic / Demo Data,2026-08-15T00:00:00
9371,7021,67,52782,active,2026-08-21T15:29:16,1,Synthetic / Demo Data,2026-08-21T00:00:00
9372,7022,112,52790,spf,2026-01-16T10:05:03,1,Synthetic / Demo Data,2026-01-16T00:00:00
9373,7022,7,52794,cleansing,2026-01-18T20:31:06,1,Synthetic / Demo Data,2026-01-18T00:00:00
9374,7022,106,52800,spf,2026-01-25T16:17:47,1,Synthetic / Demo Data,2026-01-25T00:00:00
9375,7023,107,52805,spf,2026-02-20T13:29:09,1,Synthetic / Demo Data,2026-02-20T00:00:00
9376,7024,97,52807,spf,2026-09-04T08:23:28,1,Synthetic / Demo Data,2026-09-04T00:00:00
9377,7024,120,52809,spf,2026-09-04T07:56:31,1,Synthetic / Demo Data,2026-09-04T00:00:00
9378,7025,56,52814,active,2026-09-14T11:43:40,1,Synthetic / Demo Data,2026-09-14T00:00:00
9379,7025,88,52816,moisturizer,2026-09-14T13:38:20,1,Synthetic / Demo Data,2026-09-14T00:00:00
9380,7025,27,52822,toner,2026-09-23T01:25:53,1,Synthetic / Demo Data,2026-09-23T00:00:00
9381,7027,39,52825,toner,2026-08-08T21:25:08,1,Synthetic / Demo Data,2026-08-08T00:00:00
9382,7031,116,52833,spf,2026-07-23T19:58:45,1,Synthetic / Demo Data,2026-07-23T00:00:00
9383,7031,16,52840,cleansing,2026-08-07T20:11:46,1,Synthetic / Demo Data,2026-08-07T00:00:00
9384,7033,18,52849,cleansing,2026-04-08T20:24:16,1,Synthetic / Demo Data,2026-04-08T00:00:00
9385,7035,24,52860,cleansing,2026-05-26T17:58:33,1,Synthetic / Demo Data,2026-05-26T00:00:00
9386,7035,66,52862,active,2026-05-26T13:43:31,1,Synthetic / Demo Data,2026-05-26T00:00:00
9387,7035,27,52866,toner,2026-05-28T22:58:42,1,Synthetic / Demo Data,2026-05-28T00:00:00
9388,7036,1,52879,cleansing,2026-04-01T18:26:51,1,Synthetic / Demo Data,2026-04-01T00:00:00
9389,7037,67,52882,active,2026-04-11T20:19:17,1,Synthetic / Demo Data,2026-04-11T00:00:00
9390,7037,110,52883,spf,2026-04-11T15:16:48,1,Synthetic / Demo Data,2026-04-11T00:00:00
9391,7037,112,52889,spf,2026-04-23T23:00:50,1,Synthetic / Demo Data,2026-04-23T00:00:00
9392,7038,9,52892,cleansing,2026-01-13T15:43:17,1,Synthetic / Demo Data,2026-01-13T00:00:00
9393,7038,30,52900,toner,2026-01-19T07:47:44,1,Synthetic / Demo Data,2026-01-19T00:00:00
9394,7039,112,52902,spf,2026-03-10T09:43:32,1,Synthetic / Demo Data,2026-03-10T00:00:00
9395,7039,65,52903,active,2026-03-10T14:15:14,1,Synthetic / Demo Data,2026-03-10T00:00:00
9396,7039,4,52906,cleansing,2026-03-10T15:57:04,1,Synthetic / Demo Data,2026-03-10T00:00:00
9397,7040,94,52922,moisturizer,2026-09-08T02:40:41,1,Synthetic / Demo Data,2026-09-08T00:00:00
9398,7041,90,52926,moisturizer,2026-01-05T17:42:54,1,Synthetic / Demo Data,2026-01-05T00:00:00
9399,7042,110,52936,spf,2026-07-15T04:49:59,1,Synthetic / Demo Data,2026-07-15T00:00:00
9400,7043,39,52948,toner,2026-08-03T21:36:44,1,Synthetic / Demo Data,2026-08-03T00:00:00
9401,7043,54,52951,active,2026-08-03T19:32:39,0,Synthetic / Demo Data,2026-08-03T00:00:00
9402,7044,21,52961,cleansing,2026-06-28T22:03:59,1,Synthetic / Demo Data,2026-06-28T00:00:00
9403,7044,14,52963,cleansing,2026-06-28T18:59:28,1,Synthetic / Demo Data,2026-06-28T00:00:00
9404,7045,34,52972,toner,2026-01-13T22:33:45,1,Synthetic / Demo Data,2026-01-13T00:00:00
9405,7045,104,52973,spf,2026-01-13T21:42:44,1,Synthetic / Demo Data,2026-01-13T00:00:00
9406,7045,72,52975,active,2026-02-01T18:34:29,1,Synthetic / Demo Data,2026-02-01T00:00:00
9407,7046,16,52983,cleansing,2026-05-22T20:28:54,0,Synthetic / Demo Data,2026-05-22T00:00:00
9408,7046,48,52987,toner,2026-05-24T10:04:10,0,Synthetic / Demo Data,2026-05-24T00:00:00
9409,7046,25,52989,toner,2026-05-24T11:54:26,1,Synthetic / Demo Data,2026-05-24T00:00:00
9410,7047,45,52998,toner,2026-02-25T01:16:50,1,Synthetic / Demo Data,2026-02-25T00:00:00
9411,7047,116,53004,spf,2026-02-25T10:33:53,1,Synthetic / Demo Data,2026-02-25T00:00:00
9412,7048,42,53008,toner,2026-03-20T12:02:39,0,Synthetic / Demo Data,2026-03-20T00:00:00
9413,7049,5,53021,cleansing,2026-09-01T17:14:19,1,Synthetic / Demo Data,2026-09-01T00:00:00
9414,7050,84,53022,moisturizer,2026-08-29T21:49:37,1,Synthetic / Demo Data,2026-08-29T00:00:00
9415,7050,115,53023,spf,2026-08-29T23:30:07,1,Synthetic / Demo Data,2026-08-29T00:00:00
9416,7050,76,53024,moisturizer,2026-08-30T03:54:43,1,Synthetic / Demo Data,2026-08-30T00:00:00
9417,7050,70,53025,active,2026-08-30T01:02:59,1,Synthetic / Demo Data,2026-08-30T00:00:00
9418,7051,25,53040,toner,2026-03-10T04:50:25,1,Synthetic / Demo Data,2026-03-10T00:00:00
9419,7053,25,53052,toner,2026-03-24T16:34:32,1,Synthetic / Demo Data,2026-03-24T00:00:00
9420,7054,63,53064,active,2026-04-13T07:09:12,1,Synthetic / Demo Data,2026-04-13T00:00:00
9421,7054,27,53070,toner,2026-05-01T13:58:47,0,Synthetic / Demo Data,2026-05-01T00:00:00
9422,7056,31,53083,toner,2026-06-27T15:53:04,1,Synthetic / Demo Data,2026-06-27T00:00:00
9423,7057,17,53089,cleansing,2026-01-23T08:29:21,1,Synthetic / Demo Data,2026-01-23T00:00:00
9424,7059,7,53093,cleansing,2026-02-20T12:52:42,1,Synthetic / Demo Data,2026-02-20T00:00:00
9425,7059,112,53096,spf,2026-03-01T21:48:29,1,Synthetic / Demo Data,2026-03-01T00:00:00
9426,7060,49,53107,active,2026-05-11T18:38:51,1,Synthetic / Demo Data,2026-05-11T00:00:00
9427,7060,5,53112,cleansing,2026-05-14T06:50:16,1,Synthetic / Demo Data,2026-05-14T00:00:00
9428,7061,19,53116,cleansing,2026-08-05T07:09:56,1,Synthetic / Demo Data,2026-08-05T00:00:00
9429,7061,35,53117,toner,2026-08-05T02:33:21,1,Synthetic / Demo Data,2026-08-05T00:00:00
9430,7061,14,53119,cleansing,2026-08-07T18:57:55,1,Synthetic / Demo Data,2026-08-07T00:00:00
9431,7062,41,53123,toner,2026-04-26T16:06:18,1,Synthetic / Demo Data,2026-04-26T00:00:00
9432,7062,73,53126,moisturizer,2026-04-26T17:21:22,1,Synthetic / Demo Data,2026-04-26T00:00:00
9433,7062,44,53130,toner,2026-04-28T07:32:27,1,Synthetic / Demo Data,2026-04-28T00:00:00
9434,7063,113,53134,spf,2026-01-31T11:39:21,1,Synthetic / Demo Data,2026-01-31T00:00:00
9435,7063,41,53135,toner,2026-01-31T13:02:51,1,Synthetic / Demo Data,2026-01-31T00:00:00
9436,7063,50,53137,active,2026-02-04T22:02:18,1,Synthetic / Demo Data,2026-02-04T00:00:00
9437,7064,16,53142,cleansing,2026-09-04T13:24:36,1,Synthetic / Demo Data,2026-09-04T00:00:00
9438,7064,14,53144,cleansing,2026-09-04T10:07:14,1,Synthetic / Demo Data,2026-09-04T00:00:00
9439,7064,81,53148,moisturizer,2026-09-08T20:42:42,1,Synthetic / Demo Data,2026-09-08T00:00:00
9440,7064,90,53149,moisturizer,2026-09-09T00:45:43,0,Synthetic / Demo Data,2026-09-09T00:00:00
9441,7067,101,53174,spf,2026-04-04T16:18:53,1,Synthetic / Demo Data,2026-04-04T00:00:00
9442,7067,90,53178,moisturizer,2026-04-05T17:14:50,1,Synthetic / Demo Data,2026-04-05T00:00:00
9443,7068,81,53189,moisturizer,2026-05-09T02:25:06,1,Synthetic / Demo Data,2026-05-09T00:00:00
9444,7068,8,53191,cleansing,2026-05-19T18:13:09,1,Synthetic / Demo Data,2026-05-19T00:00:00
9445,7068,43,53192,toner,2026-05-19T23:03:21,1,Synthetic / Demo Data,2026-05-19T00:00:00
9446,7069,106,53195,spf,2026-08-01T04:24:38,1,Synthetic / Demo Data,2026-08-01T00:00:00
9447,7069,112,53200,spf,2026-08-04T16:53:21,1,Synthetic / Demo Data,2026-08-04T00:00:00
9448,7069,27,53204,toner,2026-08-04T14:44:56,1,Synthetic / Demo Data,2026-08-04T00:00:00
9449,7072,50,53213,active,2026-06-26T23:34:05,1,Synthetic / Demo Data,2026-06-26T00:00:00
9450,7072,115,53217,spf,2026-06-30T16:12:00,1,Synthetic / Demo Data,2026-06-30T00:00:00
9451,7073,66,53230,active,2026-08-25T12:16:06,1,Synthetic / Demo Data,2026-08-25T00:00:00
9452,7075,62,53236,active,2026-06-12T06:48:19,1,Synthetic / Demo Data,2026-06-12T00:00:00
9453,7075,97,53238,spf,2026-06-25T10:38:40,1,Synthetic / Demo Data,2026-06-25T00:00:00
9454,7075,116,53239,spf,2026-06-25T15:23:26,1,Synthetic / Demo Data,2026-06-25T00:00:00
9455,7075,21,53242,cleansing,2026-06-25T11:40:15,1,Synthetic / Demo Data,2026-06-25T00:00:00
9456,7076,69,53249,active,2026-07-30T07:07:30,1,Synthetic / Demo Data,2026-07-30T00:00:00
9457,7077,18,53261,cleansing,2026-01-14T18:37:07,1,Synthetic / Demo Data,2026-01-14T00:00:00
9458,7079,90,53271,moisturizer,2026-09-07T14:52:00,1,Synthetic / Demo Data,2026-09-07T00:00:00
9459,7079,35,53273,toner,2026-09-07T15:31:30,1,Synthetic / Demo Data,2026-09-07T00:00:00
9460,7079,55,53274,active,2026-09-14T14:42:18,1,Synthetic / Demo Data,2026-09-14T00:00:00
9461,7079,41,53278,toner,2026-09-14T16:20:06,1,Synthetic / Demo Data,2026-09-14T00:00:00
9462,7079,82,53281,moisturizer,2026-09-14T19:41:42,1,Synthetic / Demo Data,2026-09-14T00:00:00
9463,7082,70,53289,active,2026-05-03T21:31:37,1,Synthetic / Demo Data,2026-05-03T00:00:00
9464,7084,112,53300,spf,2026-02-25T03:37:38,1,Synthetic / Demo Data,2026-02-25T00:00:00
9465,7084,88,53302,moisturizer,2026-03-02T16:39:58,1,Synthetic / Demo Data,2026-03-02T00:00:00
9466,7084,15,53303,cleansing,2026-03-02T20:41:53,1,Synthetic / Demo Data,2026-03-02T00:00:00
9467,7084,116,53304,spf,2026-03-02T20:45:43,1,Synthetic / Demo Data,2026-03-02T00:00:00
9468,7085,67,53310,active,2026-06-05T04:04:35,0,Synthetic / Demo Data,2026-06-05T00:00:00
9469,7088,82,53316,moisturizer,2026-03-23T03:45:19,1,Synthetic / Demo Data,2026-03-23T00:00:00
9470,7088,20,53324,cleansing,2026-03-31T13:27:30,1,Synthetic / Demo Data,2026-03-31T00:00:00
9471,7088,101,53326,spf,2026-04-03T16:24:42,1,Synthetic / Demo Data,2026-04-03T00:00:00
9472,7089,21,53332,cleansing,2026-09-07T13:25:04,1,Synthetic / Demo Data,2026-09-07T00:00:00
9473,7089,82,53335,moisturizer,2026-09-08T20:28:11,1,Synthetic / Demo Data,2026-09-08T00:00:00
9474,7089,1,53336,cleansing,2026-09-09T02:07:33,0,Synthetic / Demo Data,2026-09-09T00:00:00
9475,7089,2,53337,cleansing,2026-09-08T21:52:14,1,Synthetic / Demo Data,2026-09-08T00:00:00
9476,7089,78,53338,moisturizer,2026-09-08T19:39:20,0,Synthetic / Demo Data,2026-09-08T00:00:00
9477,7090,12,53341,cleansing,2026-05-01T07:27:38,1,Synthetic / Demo Data,2026-05-01T00:00:00
9478,7090,69,53343,active,2026-05-01T03:11:34,1,Synthetic / Demo Data,2026-05-01T00:00:00
9479,7093,19,53349,cleansing,2026-08-17T00:11:23,1,Synthetic / Demo Data,2026-08-17T00:00:00
9480,7095,25,53363,toner,2026-06-12T02:13:14,1,Synthetic / Demo Data,2026-06-12T00:00:00
9481,7096,92,53365,moisturizer,2026-06-02T10:23:50,1,Synthetic / Demo Data,2026-06-02T00:00:00
9482,7096,61,53368,active,2026-06-02T10:06:24,1,Synthetic / Demo Data,2026-06-02T00:00:00
9483,7097,49,53377,active,2026-03-18T22:24:58,1,Synthetic / Demo Data,2026-03-18T00:00:00
9484,7097,14,53379,cleansing,2026-03-19T03:32:14,1,Synthetic / Demo Data,2026-03-19T00:00:00
9485,7097,62,53383,active,2026-03-28T15:34:23,1,Synthetic / Demo Data,2026-03-28T00:00:00
9486,7099,78,53399,moisturizer,2026-03-26T02:55:08,1,Synthetic / Demo Data,2026-03-26T00:00:00
9487,7100,34,53405,toner,2026-04-22T11:35:21,1,Synthetic / Demo Data,2026-04-22T00:00:00
9488,7100,112,53415,spf,2026-04-25T10:18:03,1,Synthetic / Demo Data,2026-04-25T00:00:00
9489,7103,13,53427,cleansing,2026-08-14T16:23:01,1,Synthetic / Demo Data,2026-08-14T00:00:00
9490,7103,104,53428,spf,2026-08-14T19:59:33,1,Synthetic / Demo Data,2026-08-14T00:00:00
9491,7103,1,53430,cleansing,2026-08-15T01:54:25,1,Synthetic / Demo Data,2026-08-15T00:00:00
9492,7105,69,53458,active,2026-03-11T11:42:34,1,Synthetic / Demo Data,2026-03-11T00:00:00
9493,7107,89,53481,moisturizer,2026-09-02T01:35:17,1,Synthetic / Demo Data,2026-09-02T00:00:00
9494,7110,63,53490,active,2026-04-29T15:07:54,1,Synthetic / Demo Data,2026-04-29T00:00:00
9495,7110,12,53495,cleansing,2026-05-06T06:54:06,1,Synthetic / Demo Data,2026-05-06T00:00:00
9496,7112,82,53509,moisturizer,2026-01-24T12:42:58,1,Synthetic / Demo Data,2026-01-24T00:00:00
9497,7112,94,53513,moisturizer,2026-01-25T07:33:13,1,Synthetic / Demo Data,2026-01-25T00:00:00
9498,7114,40,53524,toner,2026-07-10T04:58:24,1,Synthetic / Demo Data,2026-07-10T00:00:00
9499,7119,74,53528,moisturizer,2026-02-28T17:49:47,1,Synthetic / Demo Data,2026-02-28T00:00:00
9500,7119,1,53529,cleansing,2026-02-28T16:18:39,1,Synthetic / Demo Data,2026-02-28T00:00:00
9501,7119,52,53532,active,2026-03-01T21:14:59,1,Synthetic / Demo Data,2026-03-01T00:00:00
9502,7120,63,53534,active,2026-05-28T08:43:00,1,Synthetic / Demo Data,2026-05-28T00:00:00
9503,7120,69,53538,active,2026-05-28T07:37:38,1,Synthetic / Demo Data,2026-05-28T00:00:00
9504,7120,1,53540,cleansing,2026-05-29T18:11:13,1,Synthetic / Demo Data,2026-05-29T00:00:00
9505,7121,32,53548,toner,2026-02-14T19:50:42,1,Synthetic / Demo Data,2026-02-14T00:00:00
9506,7122,65,53557,active,2026-07-10T05:22:46,1,Synthetic / Demo Data,2026-07-10T00:00:00
9507,7122,94,53558,moisturizer,2026-07-10T07:14:21,0,Synthetic / Demo Data,2026-07-10T00:00:00
9508,7122,24,53559,cleansing,2026-07-25T07:23:10,1,Synthetic / Demo Data,2026-07-25T00:00:00
9509,7122,1,53560,cleansing,2026-07-25T12:00:39,1,Synthetic / Demo Data,2026-07-25T00:00:00
9510,7122,66,53562,active,2026-07-25T12:32:36,1,Synthetic / Demo Data,2026-07-25T00:00:00
9511,7124,24,53576,cleansing,2026-09-05T14:47:48,1,Synthetic / Demo Data,2026-09-05T00:00:00
9512,7126,92,53586,moisturizer,2026-02-21T20:39:00,1,Synthetic / Demo Data,2026-02-21T00:00:00
9513,7126,35,53594,toner,2026-03-04T10:42:04,1,Synthetic / Demo Data,2026-03-04T00:00:00
9514,7126,27,53595,toner,2026-03-04T06:56:49,1,Synthetic / Demo Data,2026-03-04T00:00:00
9515,7129,94,53609,moisturizer,2026-04-20T00:40:18,1,Synthetic / Demo Data,2026-04-20T00:00:00
9516,7129,18,53612,cleansing,2026-04-19T22:45:30,1,Synthetic / Demo Data,2026-04-19T00:00:00
9517,7131,104,53622,spf,2026-05-19T08:33:17,0,Synthetic / Demo Data,2026-05-19T00:00:00
9518,7132,30,53634,toner,2026-02-15T01:01:46,1,Synthetic / Demo Data,2026-02-15T00:00:00
9519,7134,91,53640,moisturizer,2026-04-16T13:13:08,0,Synthetic / Demo Data,2026-04-16T00:00:00
9520,7134,19,53643,cleansing,2026-04-23T22:45:42,1,Synthetic / Demo Data,2026-04-23T00:00:00
9521,7135,30,53649,toner,2026-05-28T01:33:58,1,Synthetic / Demo Data,2026-05-28T00:00:00
9522,7135,24,53652,cleansing,2026-06-04T21:25:26,1,Synthetic / Demo Data,2026-06-04T00:00:00
9523,7136,116,53661,spf,2026-03-22T19:52:28,1,Synthetic / Demo Data,2026-03-22T00:00:00
9524,7137,57,53668,active,2026-04-13T20:48:26,1,Synthetic / Demo Data,2026-04-13T00:00:00
9525,7137,84,53669,moisturizer,2026-04-13T21:25:33,1,Synthetic / Demo Data,2026-04-13T00:00:00
9526,7137,22,53671,cleansing,2026-04-15T15:56:21,1,Synthetic / Demo Data,2026-04-15T00:00:00
9527,7138,107,53677,spf,2026-05-18T04:08:27,1,Synthetic / Demo Data,2026-05-18T00:00:00
9528,7138,88,53687,moisturizer,2026-05-28T14:34:55,1,Synthetic / Demo Data,2026-05-28T00:00:00
9529,7138,16,53688,cleansing,2026-05-28T17:13:41,1,Synthetic / Demo Data,2026-05-28T00:00:00
9530,7139,60,53689,active,2026-04-14T15:11:16,1,Synthetic / Demo Data,2026-04-14T00:00:00
9531,7140,66,53701,active,2026-01-09T10:50:01,1,Synthetic / Demo Data,2026-01-09T00:00:00
9532,7142,17,53716,cleansing,2026-07-11T12:11:01,0,Synthetic / Demo Data,2026-07-11T00:00:00
9533,7143,63,53719,active,2026-09-07T23:38:50,1,Synthetic / Demo Data,2026-09-07T00:00:00
9534,7143,113,53721,spf,2026-09-07T21:42:47,1,Synthetic / Demo Data,2026-09-07T00:00:00
9535,7143,103,53724,spf,2026-09-15T23:53:59,1,Synthetic / Demo Data,2026-09-15T00:00:00
9536,7143,21,53726,cleansing,2026-09-15T23:13:39,1,Synthetic / Demo Data,2026-09-15T00:00:00
9537,7143,116,53727,spf,2026-09-19T14:10:36,1,Synthetic / Demo Data,2026-09-19T00:00:00
9538,7145,116,53735,spf,2026-02-27T23:13:31,1,Synthetic / Demo Data,2026-02-27T00:00:00
9539,7145,106,53737,spf,2026-02-28T04:38:14,1,Synthetic / Demo Data,2026-02-28T00:00:00
9540,7145,18,53739,cleansing,2026-02-28T06:48:21,1,Synthetic / Demo Data,2026-02-28T00:00:00
9541,7145,111,53740,spf,2026-02-28T04:33:13,1,Synthetic / Demo Data,2026-02-28T00:00:00
9542,7145,45,53743,toner,2026-03-12T01:12:30,1,Synthetic / Demo Data,2026-03-12T00:00:00
9543,7147,74,53751,moisturizer,2026-04-13T00:46:54,1,Synthetic / Demo Data,2026-04-13T00:00:00
9544,7147,49,53758,active,2026-04-13T02:56:48,1,Synthetic / Demo Data,2026-04-13T00:00:00
9545,7147,92,53759,moisturizer,2026-04-13T04:20:16,1,Synthetic / Demo Data,2026-04-13T00:00:00
9546,7149,63,53767,active,2026-07-17T21:48:24,1,Synthetic / Demo Data,2026-07-17T00:00:00
9547,7151,51,53774,active,2026-09-01T14:57:52,1,Synthetic / Demo Data,2026-09-01T00:00:00
9548,7151,39,53775,toner,2026-09-01T13:29:38,1,Synthetic / Demo Data,2026-09-01T00:00:00
9549,7151,27,53778,toner,2026-09-01T12:45:57,1,Synthetic / Demo Data,2026-09-01T00:00:00
9550,7152,86,53781,moisturizer,2026-04-11T06:31:05,1,Synthetic / Demo Data,2026-04-11T00:00:00
9551,7152,80,53783,moisturizer,2026-04-11T07:49:47,1,Synthetic / Demo Data,2026-04-11T00:00:00
9552,7152,99,53784,spf,2026-04-13T09:34:59,1,Synthetic / Demo Data,2026-04-13T00:00:00
9553,7152,6,53786,cleansing,2026-04-13T10:20:58,0,Synthetic / Demo Data,2026-04-13T00:00:00
9554,7153,7,53794,cleansing,2026-07-31T04:16:00,1,Synthetic / Demo Data,2026-07-31T00:00:00
9555,7154,45,53803,toner,2026-04-15T02:50:20,1,Synthetic / Demo Data,2026-04-15T00:00:00
9556,7154,7,53804,cleansing,2026-04-15T04:43:47,1,Synthetic / Demo Data,2026-04-15T00:00:00
9557,7157,112,53809,spf,2026-05-23T17:00:50,0,Synthetic / Demo Data,2026-05-23T00:00:00
9558,7157,14,53810,cleansing,2026-05-23T23:09:11,0,Synthetic / Demo Data,2026-05-23T00:00:00
9559,7159,70,53818,active,2026-06-12T06:30:58,0,Synthetic / Demo Data,2026-06-12T00:00:00
9560,7160,116,53830,spf,2026-09-08T23:02:02,1,Synthetic / Demo Data,2026-09-08T00:00:00
9561,7161,80,53839,moisturizer,2026-03-24T04:06:13,1,Synthetic / Demo Data,2026-03-24T00:00:00
9562,7161,107,53840,spf,2026-03-24T06:01:33,1,Synthetic / Demo Data,2026-03-24T00:00:00
9563,7161,21,53841,cleansing,2026-03-24T05:16:29,1,Synthetic / Demo Data,2026-03-24T00:00:00
9564,7161,99,53847,spf,2026-03-31T19:22:57,1,Synthetic / Demo Data,2026-03-31T00:00:00
9565,7163,8,53868,cleansing,2026-07-22T22:59:41,1,Synthetic / Demo Data,2026-07-22T00:00:00
9566,7163,51,53872,active,2026-07-30T04:31:10,1,Synthetic / Demo Data,2026-07-30T00:00:00
9567,7166,27,53895,toner,2026-06-07T05:01:28,1,Synthetic / Demo Data,2026-06-07T00:00:00
9568,7166,14,53900,cleansing,2026-06-17T08:55:11,1,Synthetic / Demo Data,2026-06-17T00:00:00
9569,7166,113,53905,spf,2026-06-18T10:40:04,1,Synthetic / Demo Data,2026-06-18T00:00:00
9570,7166,92,53906,moisturizer,2026-06-18T09:30:31,1,Synthetic / Demo Data,2026-06-18T00:00:00
9571,7169,106,53924,spf,2026-08-31T06:25:56,1,Synthetic / Demo Data,2026-08-31T00:00:00
9572,7169,68,53925,active,2026-08-31T10:09:10,1,Synthetic / Demo Data,2026-08-31T00:00:00
9573,7171,34,53940,toner,2026-03-12T02:25:39,1,Synthetic / Demo Data,2026-03-12T00:00:00
9574,7171,85,53942,moisturizer,2026-03-20T22:17:06,1,Synthetic / Demo Data,2026-03-20T00:00:00
9575,7172,73,53947,moisturizer,2026-09-11T22:02:09,1,Synthetic / Demo Data,2026-09-11T00:00:00
9576,7173,116,53957,spf,2026-04-10T19:34:17,1,Synthetic / Demo Data,2026-04-10T00:00:00
9577,7174,21,53971,cleansing,2026-03-01T19:51:52,1,Synthetic / Demo Data,2026-03-01T00:00:00
9578,7175,92,53987,moisturizer,2026-01-12T14:48:38,1,Synthetic / Demo Data,2026-01-12T00:00:00
9579,7176,79,53992,moisturizer,2026-08-28T00:32:40,1,Synthetic / Demo Data,2026-08-28T00:00:00
9580,7179,104,54002,spf,2026-05-31T19:54:48,1,Synthetic / Demo Data,2026-05-31T00:00:00
9581,7179,94,54003,moisturizer,2026-06-01T04:23:07,1,Synthetic / Demo Data,2026-06-01T00:00:00
9582,7179,116,54004,spf,2026-05-31T22:03:00,0,Synthetic / Demo Data,2026-05-31T00:00:00
9583,7179,110,54006,spf,2026-06-03T02:28:44,1,Synthetic / Demo Data,2026-06-03T00:00:00
9584,7181,100,54017,spf,2026-05-07T04:58:41,0,Synthetic / Demo Data,2026-05-07T00:00:00
9585,7183,101,54028,spf,2026-01-27T16:26:07,1,Synthetic / Demo Data,2026-01-27T00:00:00
9586,7183,90,54030,moisturizer,2026-01-27T20:42:26,1,Synthetic / Demo Data,2026-01-27T00:00:00
9587,7183,77,54035,moisturizer,2026-02-06T13:00:32,1,Synthetic / Demo Data,2026-02-06T00:00:00
9588,7185,106,54042,spf,2026-08-04T06:34:33,1,Synthetic / Demo Data,2026-08-04T00:00:00
9589,7186,7,54052,cleansing,2026-08-01T02:11:35,1,Synthetic / Demo Data,2026-08-01T00:00:00
9590,7186,94,54057,moisturizer,2026-08-20T04:40:57,1,Synthetic / Demo Data,2026-08-20T00:00:00
9591,7188,28,54061,toner,2026-06-01T07:39:25,1,Synthetic / Demo Data,2026-06-01T00:00:00
9592,7189,89,54072,moisturizer,2026-05-20T02:28:46,1,Synthetic / Demo Data,2026-05-20T00:00:00
9593,7189,98,54077,spf,2026-05-22T10:49:51,1,Synthetic / Demo Data,2026-05-22T00:00:00
9594,7190,116,54078,spf,2026-02-27T17:41:07,1,Synthetic / Demo Data,2026-02-27T00:00:00
9595,7190,41,54080,toner,2026-02-27T12:09:10,1,Synthetic / Demo Data,2026-02-27T00:00:00
9596,7190,106,54081,spf,2026-02-27T15:23:07,0,Synthetic / Demo Data,2026-02-27T00:00:00
9597,7190,17,54083,cleansing,2026-03-11T16:10:22,1,Synthetic / Demo Data,2026-03-11T00:00:00
9598,7194,82,54110,moisturizer,2026-06-06T13:35:20,1,Synthetic / Demo Data,2026-06-06T00:00:00
9599,7194,79,54114,moisturizer,2026-06-06T14:58:34,1,Synthetic / Demo Data,2026-06-06T00:00:00
9600,7194,37,54117,toner,2026-06-13T13:12:11,1,Synthetic / Demo Data,2026-06-13T00:00:00
9601,7194,70,54119,active,2026-06-13T09:42:38,1,Synthetic / Demo Data,2026-06-13T00:00:00
9602,7195,68,54120,active,2026-04-21T20:27:18,1,Synthetic / Demo Data,2026-04-21T00:00:00
9603,7195,80,54122,moisturizer,2026-04-21T14:22:00,1,Synthetic / Demo Data,2026-04-21T00:00:00
9604,7195,48,54125,toner,2026-04-26T13:01:01,0,Synthetic / Demo Data,2026-04-26T00:00:00
9605,7195,32,54134,toner,2026-05-11T17:42:56,1,Synthetic / Demo Data,2026-05-11T00:00:00
9606,7196,97,54136,spf,2026-05-04T10:05:45,1,Synthetic / Demo Data,2026-05-04T00:00:00
9607,7196,82,54139,moisturizer,2026-05-04T09:13:08,1,Synthetic / Demo Data,2026-05-04T00:00:00
9608,7198,85,54153,moisturizer,2026-03-25T06:59:47,1,Synthetic / Demo Data,2026-03-25T00:00:00
9609,7198,4,54156,cleansing,2026-04-13T13:03:39,1,Synthetic / Demo Data,2026-04-13T00:00:00
9610,7200,103,54168,spf,2026-03-24T10:56:18,1,Synthetic / Demo Data,2026-03-24T00:00:00
9611,7200,85,54169,moisturizer,2026-03-24T06:15:37,1,Synthetic / Demo Data,2026-03-24T00:00:00
9612,7200,51,54170,active,2026-03-24T07:59:15,1,Synthetic / Demo Data,2026-03-24T00:00:00
9613,7200,106,54171,spf,2026-03-24T13:46:42,1,Synthetic / Demo Data,2026-03-24T00:00:00
9614,7201,14,54176,cleansing,2026-09-13T09:06:58,0,Synthetic / Demo Data,2026-09-13T00:00:00
9615,7201,66,54178,active,2026-09-13T12:49:53,1,Synthetic / Demo Data,2026-09-13T00:00:00
9616,7201,9,54179,cleansing,2026-09-13T13:55:35,1,Synthetic / Demo Data,2026-09-13T00:00:00
9617,7202,40,54187,toner,2026-06-03T18:49:38,1,Synthetic / Demo Data,2026-06-03T00:00:00
9618,7202,97,54188,spf,2026-06-03T22:11:31,1,Synthetic / Demo Data,2026-06-03T00:00:00
9619,7205,51,54206,active,2026-03-20T04:19:02,1,Synthetic / Demo Data,2026-03-20T00:00:00
9620,7206,55,54220,active,2026-03-26T04:10:09,1,Synthetic / Demo Data,2026-03-26T00:00:00
9621,7206,97,54223,spf,2026-03-26T05:58:11,1,Synthetic / Demo Data,2026-03-26T00:00:00
9622,7206,6,54226,cleansing,2026-03-27T12:54:15,1,Synthetic / Demo Data,2026-03-27T00:00:00
9623,7208,115,54228,spf,2026-01-30T23:13:55,1,Synthetic / Demo Data,2026-01-30T00:00:00
9624,7210,66,54240,active,2026-08-21T23:39:15,1,Synthetic / Demo Data,2026-08-21T00:00:00
9625,7214,12,54256,cleansing,2026-01-25T11:04:58,1,Synthetic / Demo Data,2026-01-25T00:00:00
9626,7214,1,54257,cleansing,2026-01-25T10:35:17,1,Synthetic / Demo Data,2026-01-25T00:00:00
9627,7214,75,54259,moisturizer,2026-01-25T12:49:16,1,Synthetic / Demo Data,2026-01-25T00:00:00
9628,7214,99,54260,spf,2026-02-12T18:22:39,1,Synthetic / Demo Data,2026-02-12T00:00:00
9629,7214,4,54262,cleansing,2026-02-12T15:10:10,1,Synthetic / Demo Data,2026-02-12T00:00:00
9630,7214,66,54265,active,2026-02-12T15:05:37,1,Synthetic / Demo Data,2026-02-12T00:00:00
9631,7216,16,54281,cleansing,2026-07-11T19:26:02,1,Synthetic / Demo Data,2026-07-11T00:00:00
9632,7217,69,54293,active,2026-04-18T19:46:15,1,Synthetic / Demo Data,2026-04-18T00:00:00
9633,7220,27,54310,toner,2026-02-14T07:35:14,1,Synthetic / Demo Data,2026-02-14T00:00:00
9634,7220,109,54318,spf,2026-02-16T21:40:38,1,Synthetic / Demo Data,2026-02-16T00:00:00
9635,7224,112,54325,spf,2026-04-24T09:46:13,1,Synthetic / Demo Data,2026-04-24T00:00:00
9636,7224,116,54327,spf,2026-04-25T12:31:29,1,Synthetic / Demo Data,2026-04-25T00:00:00
9637,7224,63,54328,active,2026-04-25T06:53:11,0,Synthetic / Demo Data,2026-04-25T00:00:00
9638,7225,106,54337,spf,2026-03-05T22:54:46,1,Synthetic / Demo Data,2026-03-05T00:00:00
9639,7225,100,54340,spf,2026-03-21T11:40:08,1,Synthetic / Demo Data,2026-03-21T00:00:00
9640,7230,1,54370,cleansing,2026-02-01T03:37:09,1,Synthetic / Demo Data,2026-02-01T00:00:00
9641,7230,63,54373,active,2026-02-02T04:03:05,1,Synthetic / Demo Data,2026-02-02T00:00:00
9642,7230,28,54374,toner,2026-02-02T03:21:47,1,Synthetic / Demo Data,2026-02-02T00:00:00
9643,7230,31,54377,toner,2026-02-02T05:19:59,1,Synthetic / Demo Data,2026-02-02T00:00:00
9644,7230,21,54378,cleansing,2026-02-02T05:43:47,0,Synthetic / Demo Data,2026-02-02T00:00:00
9645,7231,18,54386,cleansing,2026-06-13T19:45:17,0,Synthetic / Demo Data,2026-06-13T00:00:00
9646,7232,111,54396,spf,2026-06-30T15:29:32,1,Synthetic / Demo Data,2026-06-30T00:00:00
9647,7232,40,54398,toner,2026-06-30T13:49:31,1,Synthetic / Demo Data,2026-06-30T00:00:00
9648,7232,7,54401,cleansing,2026-07-02T23:33:55,1,Synthetic / Demo Data,2026-07-02T00:00:00
9649,7233,40,54407,toner,2026-07-27T16:31:36,1,Synthetic / Demo Data,2026-07-27T00:00:00
9650,7233,22,54412,cleansing,2026-07-31T07:37:23,1,Synthetic / Demo Data,2026-07-31T00:00:00
9651,7234,50,54423,active,2026-03-05T17:43:46,1,Synthetic / Demo Data,2026-03-05T00:00:00
9652,7235,40,54430,toner,2026-02-17T21:15:23,1,Synthetic / Demo Data,2026-02-17T00:00:00
9653,7236,67,54439,active,2026-01-07T00:00:12,1,Synthetic / Demo Data,2026-01-07T00:00:00
9654,7236,55,54441,active,2026-01-06T22:59:47,1,Synthetic / Demo Data,2026-01-06T00:00:00
9655,7237,81,54446,moisturizer,2026-08-09T00:04:23,1,Synthetic / Demo Data,2026-08-09T00:00:00
9656,7237,18,54450,cleansing,2026-08-08T20:13:14,1,Synthetic / Demo Data,2026-08-08T00:00:00
9657,7237,22,54453,cleansing,2026-08-11T02:31:46,1,Synthetic / Demo Data,2026-08-11T00:00:00
9658,7241,51,54472,active,2026-08-22T16:20:19,1,Synthetic / Demo Data,2026-08-22T00:00:00
9659,7241,25,54473,toner,2026-08-22T13:55:11,1,Synthetic / Demo Data,2026-08-22T00:00:00
9660,7244,10,54487,cleansing,2026-02-09T05:43:12,1,Synthetic / Demo Data,2026-02-09T00:00:00
9661,7244,28,54492,toner,2026-02-16T08:11:20,1,Synthetic / Demo Data,2026-02-16T00:00:00
9662,7245,100,54502,spf,2026-07-04T09:43:42,1,Synthetic / Demo Data,2026-07-04T00:00:00
9663,7245,76,54505,moisturizer,2026-07-04T09:35:18,1,Synthetic / Demo Data,2026-07-04T00:00:00
9664,7245,63,54510,active,2026-07-15T08:15:34,1,Synthetic / Demo Data,2026-07-15T00:00:00
9665,7246,12,54515,cleansing,2026-06-30T02:54:47,1,Synthetic / Demo Data,2026-06-30T00:00:00
9666,7246,17,54518,cleansing,2026-06-30T21:41:33,1,Synthetic / Demo Data,2026-06-30T00:00:00
9667,7246,55,54520,active,2026-06-30T21:50:13,1,Synthetic / Demo Data,2026-06-30T00:00:00
9668,7247,106,54523,spf,2026-08-22T00:22:34,1,Synthetic / Demo Data,2026-08-22T00:00:00
9669,7248,75,54538,moisturizer,2026-03-31T09:34:36,1,Synthetic / Demo Data,2026-03-31T00:00:00
9670,7249,20,54541,cleansing,2026-02-26T22:20:10,1,Synthetic / Demo Data,2026-02-26T00:00:00
9671,7249,25,54543,toner,2026-02-26T20:36:09,1,Synthetic / Demo Data,2026-02-26T00:00:00
9672,7251,18,54561,cleansing,2026-04-17T03:48:50,1,Synthetic / Demo Data,2026-04-17T00:00:00
9673,7251,81,54563,moisturizer,2026-04-17T05:46:05,1,Synthetic / Demo Data,2026-04-17T00:00:00
9674,7252,7,54568,cleansing,2026-08-12T11:34:31,1,Synthetic / Demo Data,2026-08-12T00:00:00
9675,7252,17,54569,cleansing,2026-09-01T16:25:24,1,Synthetic / Demo Data,2026-09-01T00:00:00
9676,7252,9,54572,cleansing,2026-09-01T10:22:04,1,Synthetic / Demo Data,2026-09-01T00:00:00
9677,7254,4,54581,cleansing,2026-05-21T09:08:30,1,Synthetic / Demo Data,2026-05-21T00:00:00
9678,7254,25,54584,toner,2026-05-21T10:36:23,1,Synthetic / Demo Data,2026-05-21T00:00:00
9679,7255,24,54592,cleansing,2026-01-16T00:04:14,1,Synthetic / Demo Data,2026-01-16T00:00:00
9680,7257,116,54601,spf,2026-08-13T14:06:48,1,Synthetic / Demo Data,2026-08-13T00:00:00
9681,7259,16,54616,cleansing,2026-03-09T06:32:01,1,Synthetic / Demo Data,2026-03-09T00:00:00
9682,7259,78,54618,moisturizer,2026-03-19T05:00:12,1,Synthetic / Demo Data,2026-03-19T00:00:00
9683,7260,65,54632,active,2026-05-21T22:38:28,1,Synthetic / Demo Data,2026-05-21T00:00:00
9684,7261,70,54635,active,2026-06-30T07:06:04,1,Synthetic / Demo Data,2026-06-30T00:00:00
9685,7261,102,54642,spf,2026-07-02T18:24:59,1,Synthetic / Demo Data,2026-07-02T00:00:00
9686,7261,22,54643,cleansing,2026-07-02T22:56:22,1,Synthetic / Demo Data,2026-07-02T00:00:00
9687,7262,6,54648,cleansing,2026-02-28T05:25:16,1,Synthetic / Demo Data,2026-02-28T00:00:00
9688,7262,74,54654,moisturizer,2026-03-08T23:05:40,1,Synthetic / Demo Data,2026-03-08T00:00:00
9689,7267,24,54669,cleansing,2026-03-17T02:16:19,1,Synthetic / Demo Data,2026-03-17T00:00:00
9690,7268,22,54679,cleansing,2026-05-22T09:01:12,1,Synthetic / Demo Data,2026-05-22T00:00:00
9691,7268,97,54685,spf,2026-06-06T23:29:58,1,Synthetic / Demo Data,2026-06-06T00:00:00
9692,7270,97,54686,spf,2026-08-04T12:18:08,1,Synthetic / Demo Data,2026-08-04T00:00:00
9693,7270,14,54692,cleansing,2026-08-13T17:04:26,1,Synthetic / Demo Data,2026-08-13T00:00:00
9694,7271,106,54708,spf,2026-03-17T10:07:22,1,Synthetic / Demo Data,2026-03-17T00:00:00
9695,7273,39,54711,toner,2026-09-01T20:59:28,1,Synthetic / Demo Data,2026-09-01T00:00:00
9696,7273,104,54712,spf,2026-09-01T18:27:40,1,Synthetic / Demo Data,2026-09-01T00:00:00
9697,7274,116,54723,spf,2026-03-25T20:46:43,1,Synthetic / Demo Data,2026-03-25T00:00:00
9698,7274,106,54724,spf,2026-03-25T15:18:30,1,Synthetic / Demo Data,2026-03-25T00:00:00
9699,7274,76,54725,moisturizer,2026-04-02T17:48:50,1,Synthetic / Demo Data,2026-04-02T00:00:00
9700,7279,14,54743,cleansing,2026-03-19T02:39:51,1,Synthetic / Demo Data,2026-03-19T00:00:00
9701,7279,17,54744,cleansing,2026-03-19T02:16:31,1,Synthetic / Demo Data,2026-03-19T00:00:00
9702,7279,7,54749,cleansing,2026-03-22T00:14:48,1,Synthetic / Demo Data,2026-03-22T00:00:00
9703,7281,3,54770,cleansing,2026-03-02T23:22:57,1,Synthetic / Demo Data,2026-03-02T00:00:00
9704,7281,16,54771,cleansing,2026-03-03T00:39:16,1,Synthetic / Demo Data,2026-03-03T00:00:00
9705,7286,24,54806,cleansing,2026-03-30T05:25:05,1,Synthetic / Demo Data,2026-03-30T00:00:00
9706,7286,74,54808,moisturizer,2026-03-30T08:54:29,1,Synthetic / Demo Data,2026-03-30T00:00:00
9707,7286,117,54816,spf,2026-04-06T04:20:52,1,Synthetic / Demo Data,2026-04-06T00:00:00
9708,7288,13,54827,cleansing,2026-04-26T12:26:44,1,Synthetic / Demo Data,2026-04-26T00:00:00
9709,7288,12,54828,cleansing,2026-04-26T09:31:46,1,Synthetic / Demo Data,2026-04-26T00:00:00
9710,7288,82,54831,moisturizer,2026-04-26T11:57:18,1,Synthetic / Demo Data,2026-04-26T00:00:00
9711,7289,7,54845,cleansing,2026-04-05T03:45:23,1,Synthetic / Demo Data,2026-04-05T00:00:00
9712,7289,112,54849,spf,2026-04-05T01:23:26,1,Synthetic / Demo Data,2026-04-05T00:00:00
9713,7289,65,54850,active,2026-04-06T15:27:37,1,Synthetic / Demo Data,2026-04-06T00:00:00
9714,7289,55,54851,active,2026-04-06T09:52:47,1,Synthetic / Demo Data,2026-04-06T00:00:00
9715,7291,13,54856,cleansing,2026-01-20T17:11:37,1,Synthetic / Demo Data,2026-01-20T00:00:00
9716,7292,1,54864,cleansing,2026-04-29T20:34:07,1,Synthetic / Demo Data,2026-04-29T00:00:00
9717,7293,21,54871,cleansing,2026-08-23T13:29:24,1,Synthetic / Demo Data,2026-08-23T00:00:00
9718,7293,44,54877,toner,2026-09-09T13:12:12,1,Synthetic / Demo Data,2026-09-09T00:00:00
9719,7295,69,54885,active,2026-06-20T11:37:17,0,Synthetic / Demo Data,2026-06-20T00:00:00
9720,7295,90,54886,moisturizer,2026-06-20T08:03:23,1,Synthetic / Demo Data,2026-06-20T00:00:00
9721,7295,22,54892,cleansing,2026-06-20T16:57:24,1,Synthetic / Demo Data,2026-06-20T00:00:00
9722,7297,116,54895,spf,2026-08-17T20:49:31,1,Synthetic / Demo Data,2026-08-17T00:00:00
9723,7297,109,54899,spf,2026-08-18T02:16:17,1,Synthetic / Demo Data,2026-08-18T00:00:00
9724,7297,17,54901,cleansing,2026-08-18T12:18:40,1,Synthetic / Demo Data,2026-08-18T00:00:00
9725,7297,40,54903,toner,2026-08-18T10:28:04,1,Synthetic / Demo Data,2026-08-18T00:00:00
9726,7298,56,54907,active,2026-02-26T09:36:21,1,Synthetic / Demo Data,2026-02-26T00:00:00
9727,7298,4,54915,cleansing,2026-02-26T16:20:31,1,Synthetic / Demo Data,2026-02-26T00:00:00
9728,7299,39,54926,toner,2026-04-07T17:37:31,1,Synthetic / Demo Data,2026-04-07T00:00:00
9729,7299,50,54927,active,2026-04-19T22:37:03,1,Synthetic / Demo Data,2026-04-19T00:00:00
9730,7300,16,54930,cleansing,2026-08-18T01:05:36,1,Synthetic / Demo Data,2026-08-18T00:00:00
9731,7300,18,54932,cleansing,2026-08-18T01:02:11,1,Synthetic / Demo Data,2026-08-18T00:00:00
9732,7300,13,54937,cleansing,2026-08-25T15:49:57,1,Synthetic / Demo Data,2026-08-25T00:00:00
9733,7300,68,54940,active,2026-08-25T13:21:24,1,Synthetic / Demo Data,2026-08-25T00:00:00
9734,7303,21,54952,cleansing,2026-02-11T05:26:56,1,Synthetic / Demo Data,2026-02-11T00:00:00
9735,7303,24,54953,cleansing,2026-02-11T03:22:26,1,Synthetic / Demo Data,2026-02-11T00:00:00
9736,7303,20,54960,cleansing,2026-02-27T03:44:11,1,Synthetic / Demo Data,2026-02-27T00:00:00
9737,7307,106,54971,spf,2026-01-17T01:30:50,1,Synthetic / Demo Data,2026-01-17T00:00:00
9738,7307,101,54973,spf,2026-01-16T20:37:49,1,Synthetic / Demo Data,2026-01-16T00:00:00
9739,7310,24,54977,cleansing,2026-04-25T23:40:36,1,Synthetic / Demo Data,2026-04-25T00:00:00
9740,7310,8,54980,cleansing,2026-05-13T01:34:19,1,Synthetic / Demo Data,2026-05-13T00:00:00
9741,7310,109,54981,spf,2026-05-13T05:40:35,1,Synthetic / Demo Data,2026-05-13T00:00:00
9742,7311,55,54989,active,2026-05-21T10:20:22,1,Synthetic / Demo Data,2026-05-21T00:00:00
9743,7311,12,54990,cleansing,2026-05-21T15:45:22,1,Synthetic / Demo Data,2026-05-21T00:00:00
9744,7312,41,54995,toner,2026-03-21T00:47:44,1,Synthetic / Demo Data,2026-03-21T00:00:00
9745,7312,22,54997,cleansing,2026-03-22T11:30:20,1,Synthetic / Demo Data,2026-03-22T00:00:00
9746,7313,82,55000,moisturizer,2026-07-05T09:17:44,0,Synthetic / Demo Data,2026-07-05T00:00:00
9747,7315,17,55018,cleansing,2026-05-28T09:05:58,1,Synthetic / Demo Data,2026-05-28T00:00:00
9748,7316,105,55021,spf,2026-01-19T21:27:40,1,Synthetic / Demo Data,2026-01-19T00:00:00
9749,7317,25,55030,toner,2026-08-04T05:39:16,1,Synthetic / Demo Data,2026-08-04T00:00:00
9750,7317,76,55035,moisturizer,2026-08-18T07:37:04,0,Synthetic / Demo Data,2026-08-18T00:00:00
9751,7320,63,55036,active,2026-08-03T13:27:18,1,Synthetic / Demo Data,2026-08-03T00:00:00
9752,7320,14,55042,cleansing,2026-08-23T04:45:13,1,Synthetic / Demo Data,2026-08-23T00:00:00
9753,7321,116,55057,spf,2026-09-13T21:58:53,1,Synthetic / Demo Data,2026-09-13T00:00:00
9754,7323,120,55066,spf,2026-08-16T21:04:10,0,Synthetic / Demo Data,2026-08-16T00:00:00
9755,7325,22,55068,cleansing,2026-05-04T05:05:54,1,Synthetic / Demo Data,2026-05-04T00:00:00
9756,7325,118,55081,spf,2026-05-22T08:55:43,1,Synthetic / Demo Data,2026-05-22T00:00:00
9757,7328,48,55100,toner,2026-08-09T02:26:28,1,Synthetic / Demo Data,2026-08-09T00:00:00
9758,7328,116,55103,spf,2026-08-09T01:01:59,1,Synthetic / Demo Data,2026-08-09T00:00:00
9759,7328,74,55106,moisturizer,2026-08-20T00:23:47,1,Synthetic / Demo Data,2026-08-20T00:00:00
9760,7330,92,55112,moisturizer,2026-05-03T05:18:18,1,Synthetic / Demo Data,2026-05-03T00:00:00
9761,7330,22,55116,cleansing,2026-05-14T01:22:24,1,Synthetic / Demo Data,2026-05-14T00:00:00
9762,7332,22,55122,cleansing,2026-08-15T20:28:23,1,Synthetic / Demo Data,2026-08-15T00:00:00
9763,7334,48,55142,toner,2026-05-16T20:22:01,1,Synthetic / Demo Data,2026-05-16T00:00:00
9764,7337,45,55145,toner,2026-05-12T04:25:35,1,Synthetic / Demo Data,2026-05-12T00:00:00
9765,7337,116,55146,spf,2026-05-12T05:06:42,1,Synthetic / Demo Data,2026-05-12T00:00:00
9766,7338,116,55160,spf,2026-07-03T04:47:50,1,Synthetic / Demo Data,2026-07-03T00:00:00
9767,7339,16,55167,cleansing,2026-07-09T07:30:36,1,Synthetic / Demo Data,2026-07-09T00:00:00
9768,7339,51,55170,active,2026-07-12T22:18:54,1,Synthetic / Demo Data,2026-07-12T00:00:00
9769,7339,21,55171,cleansing,2026-07-12T23:02:06,0,Synthetic / Demo Data,2026-07-12T00:00:00
9770,7340,61,55180,active,2026-07-08T03:36:47,1,Synthetic / Demo Data,2026-07-08T00:00:00
9771,7341,96,55192,moisturizer,2026-07-13T21:42:29,1,Synthetic / Demo Data,2026-07-13T00:00:00
9772,7341,106,55193,spf,2026-07-13T17:25:21,1,Synthetic / Demo Data,2026-07-13T00:00:00
9773,7342,61,55198,active,2026-07-31T01:17:54,0,Synthetic / Demo Data,2026-07-31T00:00:00
9774,7342,74,55205,moisturizer,2026-08-02T17:10:29,1,Synthetic / Demo Data,2026-08-02T00:00:00
9775,7344,17,55207,cleansing,2026-04-15T15:46:39,1,Synthetic / Demo Data,2026-04-15T00:00:00
9776,7344,50,55211,active,2026-04-15T23:40:54,1,Synthetic / Demo Data,2026-04-15T00:00:00
9777,7344,20,55212,cleansing,2026-04-24T01:49:13,1,Synthetic / Demo Data,2026-04-24T00:00:00
9778,7344,76,55213,moisturizer,2026-04-24T00:51:37,1,Synthetic / Demo Data,2026-04-24T00:00:00
9779,7344,112,55216,spf,2026-04-23T20:30:35,1,Synthetic / Demo Data,2026-04-23T00:00:00
9780,7344,113,55217,spf,2026-04-27T12:07:38,1,Synthetic / Demo Data,2026-04-27T00:00:00
9781,7345,90,55219,moisturizer,2026-07-08T18:48:31,1,Synthetic / Demo Data,2026-07-08T00:00:00
9782,7345,33,55222,toner,2026-07-08T17:52:55,1,Synthetic / Demo Data,2026-07-08T00:00:00
9783,7346,20,55231,cleansing,2026-02-04T21:56:48,1,Synthetic / Demo Data,2026-02-04T00:00:00
9784,7347,92,55234,moisturizer,2026-02-26T14:31:18,1,Synthetic / Demo Data,2026-02-26T00:00:00
9785,7349,40,55256,toner,2026-08-27T23:44:30,1,Synthetic / Demo Data,2026-08-27T00:00:00
9786,7349,60,55258,active,2026-08-28T01:44:52,1,Synthetic / Demo Data,2026-08-28T00:00:00
9787,7351,63,55266,active,2026-03-03T18:38:14,1,Synthetic / Demo Data,2026-03-03T00:00:00
9788,7351,7,55267,cleansing,2026-03-03T18:56:18,1,Synthetic / Demo Data,2026-03-03T00:00:00
9789,7351,76,55270,moisturizer,2026-03-23T10:27:41,1,Synthetic / Demo Data,2026-03-23T00:00:00
9790,7351,84,55272,moisturizer,2026-03-23T10:28:17,0,Synthetic / Demo Data,2026-03-23T00:00:00
9791,7353,57,55285,active,2026-01-22T14:47:50,1,Synthetic / Demo Data,2026-01-22T00:00:00
9792,7353,20,55287,cleansing,2026-01-22T11:48:24,0,Synthetic / Demo Data,2026-01-22T00:00:00
9793,7353,29,55292,toner,2026-01-23T01:00:51,1,Synthetic / Demo Data,2026-01-23T00:00:00
9794,7356,90,55303,moisturizer,2026-08-07T06:20:01,1,Synthetic / Demo Data,2026-08-07T00:00:00
9795,7356,91,55307,moisturizer,2026-08-11T22:30:56,1,Synthetic / Demo Data,2026-08-11T00:00:00
9796,7358,116,55310,spf,2026-02-18T22:41:57,1,Synthetic / Demo Data,2026-02-18T00:00:00
9797,7358,2,55316,cleansing,2026-02-22T02:30:58,1,Synthetic / Demo Data,2026-02-22T00:00:00
9798,7358,62,55319,active,2026-02-22T15:40:15,1,Synthetic / Demo Data,2026-02-22T00:00:00
9799,7359,116,55322,spf,2026-04-04T18:59:58,1,Synthetic / Demo Data,2026-04-04T00:00:00
9800,7359,43,55329,toner,2026-04-05T16:22:37,1,Synthetic / Demo Data,2026-04-05T00:00:00
9801,7360,107,55335,spf,2026-08-01T03:28:39,1,Synthetic / Demo Data,2026-08-01T00:00:00
9802,7361,75,55343,moisturizer,2026-06-12T15:31:58,1,Synthetic / Demo Data,2026-06-12T00:00:00
9803,7364,83,55356,moisturizer,2026-09-02T02:13:32,1,Synthetic / Demo Data,2026-09-02T00:00:00
9804,7364,116,55357,spf,2026-09-02T00:11:21,1,Synthetic / Demo Data,2026-09-02T00:00:00
9805,7364,17,55358,cleansing,2026-09-02T02:19:22,0,Synthetic / Demo Data,2026-09-02T00:00:00
9806,7364,61,55359,active,2026-09-06T21:48:05,1,Synthetic / Demo Data,2026-09-06T00:00:00
9807,7366,67,55367,active,2026-03-19T23:46:51,0,Synthetic / Demo Data,2026-03-19T00:00:00
9808,7366,116,55368,spf,2026-03-19T19:33:25,0,Synthetic / Demo Data,2026-03-19T00:00:00
9809,7366,117,55373,spf,2026-03-23T03:53:47,1,Synthetic / Demo Data,2026-03-23T00:00:00
9810,7367,116,55383,spf,2026-07-02T17:44:17,1,Synthetic / Demo Data,2026-07-02T00:00:00
9811,7371,35,55395,toner,2026-05-03T19:11:45,1,Synthetic / Demo Data,2026-05-03T00:00:00
9812,7371,40,55405,toner,2026-05-14T18:33:16,1,Synthetic / Demo Data,2026-05-14T00:00:00
9813,7372,77,55407,moisturizer,2026-03-28T05:59:42,1,Synthetic / Demo Data,2026-03-28T00:00:00
9814,7372,13,55410,cleansing,2026-03-28T05:17:44,0,Synthetic / Demo Data,2026-03-28T00:00:00
9815,7372,1,55412,cleansing,2026-04-02T03:14:33,1,Synthetic / Demo Data,2026-04-02T00:00:00
9816,7372,67,55413,active,2026-04-02T06:40:03,1,Synthetic / Demo Data,2026-04-02T00:00:00
9817,7373,89,55416,moisturizer,2026-06-07T10:35:32,1,Synthetic / Demo Data,2026-06-07T00:00:00
9818,7376,55,55437,active,2026-05-05T20:00:23,1,Synthetic / Demo Data,2026-05-05T00:00:00
9819,7379,6,55447,cleansing,2026-03-04T21:59:41,1,Synthetic / Demo Data,2026-03-04T00:00:00
9820,7379,99,55450,spf,2026-03-05T01:49:08,1,Synthetic / Demo Data,2026-03-05T00:00:00
9821,7379,106,55451,spf,2026-03-04T20:31:03,1,Synthetic / Demo Data,2026-03-04T00:00:00
9822,7379,1,55454,cleansing,2026-03-07T19:50:41,1,Synthetic / Demo Data,2026-03-07T00:00:00
9823,7381,116,55457,spf,2026-03-03T23:05:18,1,Synthetic / Demo Data,2026-03-03T00:00:00
9824,7381,106,55458,spf,2026-03-04T01:15:27,0,Synthetic / Demo Data,2026-03-04T00:00:00
9825,7381,94,55459,moisturizer,2026-03-04T03:07:27,1,Synthetic / Demo Data,2026-03-04T00:00:00
9826,7382,97,55468,spf,2026-01-22T06:04:28,1,Synthetic / Demo Data,2026-01-22T00:00:00
9827,7382,113,55470,spf,2026-01-22T07:52:35,1,Synthetic / Demo Data,2026-01-22T00:00:00
9828,7382,39,55471,toner,2026-01-30T21:18:48,1,Synthetic / Demo Data,2026-01-30T00:00:00
9829,7383,22,55478,cleansing,2026-04-14T02:37:20,1,Synthetic / Demo Data,2026-04-14T00:00:00
9830,7385,112,55497,spf,2026-05-04T14:48:52,1,Synthetic / Demo Data,2026-05-04T00:00:00
9831,7385,83,55501,moisturizer,2026-05-09T00:33:27,1,Synthetic / Demo Data,2026-05-09T00:00:00
9832,7386,97,55505,spf,2026-05-17T00:37:17,1,Synthetic / Demo Data,2026-05-17T00:00:00
9833,7386,27,55507,toner,2026-05-19T00:56:45,0,Synthetic / Demo Data,2026-05-19T00:00:00
9834,7388,46,55513,toner,2026-01-21T01:04:15,1,Synthetic / Demo Data,2026-01-21T00:00:00
9835,7388,68,55519,active,2026-02-05T01:06:42,1,Synthetic / Demo Data,2026-02-05T00:00:00
9836,7390,24,55521,cleansing,2026-05-04T04:38:56,1,Synthetic / Demo Data,2026-05-04T00:00:00
9837,7390,28,55524,toner,2026-05-04T01:12:39,1,Synthetic / Demo Data,2026-05-04T00:00:00
9838,7390,21,55525,cleansing,2026-05-04T23:22:00,1,Synthetic / Demo Data,2026-05-04T00:00:00
9839,7392,50,55534,active,2026-02-28T19:17:41,1,Synthetic / Demo Data,2026-02-28T00:00:00
9840,7393,106,55545,spf,2026-06-27T03:18:16,1,Synthetic / Demo Data,2026-06-27T00:00:00
9841,7395,24,55548,cleansing,2026-08-25T11:17:55,1,Synthetic / Demo Data,2026-08-25T00:00:00
9842,7395,94,55552,moisturizer,2026-09-07T22:57:55,1,Synthetic / Demo Data,2026-09-07T00:00:00
9843,7395,86,55557,moisturizer,2026-09-15T03:36:39,1,Synthetic / Demo Data,2026-09-15T00:00:00
9844,7397,1,55564,cleansing,2026-03-16T01:51:08,1,Synthetic / Demo Data,2026-03-16T00:00:00
9845,7398,63,55566,active,2026-01-10T06:31:39,1,Synthetic / Demo Data,2026-01-10T00:00:00
9846,7398,112,55573,spf,2026-01-17T23:46:14,1,Synthetic / Demo Data,2026-01-17T00:00:00
9847,7398,30,55576,toner,2026-01-27T07:42:26,1,Synthetic / Demo Data,2026-01-27T00:00:00
9848,7399,116,55581,spf,2026-02-14T12:41:09,1,Synthetic / Demo Data,2026-02-14T00:00:00
9849,7399,51,55585,active,2026-02-16T20:53:50,0,Synthetic / Demo Data,2026-02-16T00:00:00
9850,7400,82,55593,moisturizer,2026-01-11T12:20:57,1,Synthetic / Demo Data,2026-01-11T00:00:00
9851,7400,1,55594,cleansing,2026-01-11T08:36:32,1,Synthetic / Demo Data,2026-01-11T00:00:00
9852,7400,27,55604,toner,2026-01-26T10:29:19,1,Synthetic / Demo Data,2026-01-26T00:00:00
9853,7405,6,55615,cleansing,2026-01-15T01:09:12,1,Synthetic / Demo Data,2026-01-15T00:00:00
9854,7406,57,55617,active,2026-03-11T00:39:34,1,Synthetic / Demo Data,2026-03-11T00:00:00
9855,7406,19,55624,cleansing,2026-03-11T14:19:35,1,Synthetic / Demo Data,2026-03-11T00:00:00
9856,7406,28,55626,toner,2026-03-11T16:43:47,0,Synthetic / Demo Data,2026-03-11T00:00:00
9857,7407,80,55629,moisturizer,2026-03-15T06:25:29,1,Synthetic / Demo Data,2026-03-15T00:00:00
9858,7407,12,55630,cleansing,2026-03-15T04:44:15,1,Synthetic / Demo Data,2026-03-15T00:00:00
9859,7407,116,55631,spf,2026-03-15T06:31:55,1,Synthetic / Demo Data,2026-03-15T00:00:00
9860,7407,107,55635,spf,2026-03-18T22:24:19,1,Synthetic / Demo Data,2026-03-18T00:00:00
9861,7407,105,55638,spf,2026-03-18T18:59:47,1,Synthetic / Demo Data,2026-03-18T00:00:00
9862,7409,94,55641,moisturizer,2026-04-17T22:38:57,1,Synthetic / Demo Data,2026-04-17T00:00:00
9863,7409,7,55645,cleansing,2026-04-18T12:41:53,1,Synthetic / Demo Data,2026-04-18T00:00:00
9864,7409,9,55649,cleansing,2026-04-18T09:32:20,1,Synthetic / Demo Data,2026-04-18T00:00:00
9865,7409,55,55650,active,2026-05-02T12:53:55,1,Synthetic / Demo Data,2026-05-02T00:00:00
9866,7409,30,55651,toner,2026-05-02T13:59:58,1,Synthetic / Demo Data,2026-05-02T00:00:00
9867,7410,29,55659,toner,2026-08-23T13:12:24,1,Synthetic / Demo Data,2026-08-23T00:00:00
9868,7410,36,55662,toner,2026-08-23T13:37:02,1,Synthetic / Demo Data,2026-08-23T00:00:00
9869,7411,77,55670,moisturizer,2026-06-05T11:07:05,0,Synthetic / Demo Data,2026-06-05T00:00:00
9870,7413,94,55679,moisturizer,2026-06-17T05:48:35,1,Synthetic / Demo Data,2026-06-17T00:00:00
9871,7415,68,55683,active,2026-01-24T03:23:52,1,Synthetic / Demo Data,2026-01-24T00:00:00
9872,7415,13,55684,cleansing,2026-01-24T01:40:47,0,Synthetic / Demo Data,2026-01-24T00:00:00
9873,7415,34,55689,toner,2026-02-13T20:52:43,1,Synthetic / Demo Data,2026-02-13T00:00:00
9874,7415,21,55693,cleansing,2026-02-14T17:14:53,1,Synthetic / Demo Data,2026-02-14T00:00:00
9875,7416,80,55694,moisturizer,2026-08-09T04:54:53,1,Synthetic / Demo Data,2026-08-09T00:00:00
9876,7416,118,55700,spf,2026-08-09T22:14:04,1,Synthetic / Demo Data,2026-08-09T00:00:00
9877,7416,36,55701,toner,2026-08-09T21:23:20,1,Synthetic / Demo Data,2026-08-09T00:00:00
9878,7416,34,55703,toner,2026-08-09T19:02:38,1,Synthetic / Demo Data,2026-08-09T00:00:00
9879,7416,106,55704,spf,2026-08-12T02:36:41,1,Synthetic / Demo Data,2026-08-12T00:00:00
9880,7418,88,55711,moisturizer,2026-04-29T04:41:09,1,Synthetic / Demo Data,2026-04-29T00:00:00
9881,7419,1,55726,cleansing,2026-07-28T10:16:21,1,Synthetic / Demo Data,2026-07-28T00:00:00
9882,7419,78,55729,moisturizer,2026-08-02T00:07:06,1,Synthetic / Demo Data,2026-08-02T00:00:00
9883,7422,20,55742,cleansing,2026-03-03T11:35:29,1,Synthetic / Demo Data,2026-03-03T00:00:00
9884,7423,94,55744,moisturizer,2026-03-29T03:40:52,1,Synthetic / Demo Data,2026-03-29T00:00:00
9885,7423,33,55751,toner,2026-04-02T22:14:27,1,Synthetic / Demo Data,2026-04-02T00:00:00
9886,7423,116,55760,spf,2026-04-14T03:25:39,0,Synthetic / Demo Data,2026-04-14T00:00:00
9887,7428,116,55776,spf,2026-02-25T17:51:46,1,Synthetic / Demo Data,2026-02-25T00:00:00
9888,7428,7,55777,cleansing,2026-03-02T09:07:04,1,Synthetic / Demo Data,2026-03-02T00:00:00
9889,7429,116,55783,spf,2026-05-30T05:56:51,1,Synthetic / Demo Data,2026-05-30T00:00:00
9890,7429,78,55784,moisturizer,2026-05-30T08:40:50,1,Synthetic / Demo Data,2026-05-30T00:00:00
9891,7429,48,55785,toner,2026-05-30T08:56:50,1,Synthetic / Demo Data,2026-05-30T00:00:00
9892,7429,97,55788,spf,2026-06-01T14:31:54,1,Synthetic / Demo Data,2026-06-01T00:00:00
9893,7429,17,55790,cleansing,2026-06-01T20:04:22,1,Synthetic / Demo Data,2026-06-01T00:00:00
9894,7430,69,55793,active,2026-06-07T20:23:54,1,Synthetic / Demo Data,2026-06-07T00:00:00
9895,7430,77,55795,moisturizer,2026-06-07T20:55:13,1,Synthetic / Demo Data,2026-06-07T00:00:00
9896,7430,116,55797,spf,2026-06-18T17:39:46,1,Synthetic / Demo Data,2026-06-18T00:00:00
9897,7431,38,55800,toner,2026-07-18T21:40:29,1,Synthetic / Demo Data,2026-07-18T00:00:00
9898,7431,21,55803,cleansing,2026-07-19T00:39:48,1,Synthetic / Demo Data,2026-07-19T00:00:00
9899,7431,68,55809,active,2026-07-21T12:01:41,1,Synthetic / Demo Data,2026-07-21T00:00:00
9900,7434,25,55815,toner,2026-03-23T20:28:26,1,Synthetic / Demo Data,2026-03-23T00:00:00
9901,7434,116,55816,spf,2026-03-23T18:41:35,1,Synthetic / Demo Data,2026-03-23T00:00:00
9902,7434,2,55819,cleansing,2026-03-27T05:05:35,1,Synthetic / Demo Data,2026-03-27T00:00:00
9903,7434,40,55823,toner,2026-03-27T00:32:09,1,Synthetic / Demo Data,2026-03-27T00:00:00
9904,7435,17,55832,cleansing,2026-04-28T11:08:05,1,Synthetic / Demo Data,2026-04-28T00:00:00
9905,7435,22,55836,cleansing,2026-05-03T23:00:28,1,Synthetic / Demo Data,2026-05-03T00:00:00
9906,7435,55,55838,active,2026-05-09T20:00:36,1,Synthetic / Demo Data,2026-05-09T00:00:00
9907,7436,79,55843,moisturizer,2026-05-16T05:15:22,1,Synthetic / Demo Data,2026-05-16T00:00:00
9908,7436,3,55849,cleansing,2026-05-23T04:02:48,1,Synthetic / Demo Data,2026-05-23T00:00:00
9909,7437,70,55853,active,2026-01-31T08:17:02,1,Synthetic / Demo Data,2026-01-31T00:00:00
9910,7437,94,55858,moisturizer,2026-02-08T00:04:23,1,Synthetic / Demo Data,2026-02-08T00:00:00
9911,7438,116,55866,spf,2026-05-22T18:37:43,0,Synthetic / Demo Data,2026-05-22T00:00:00
9912,7438,107,55869,spf,2026-05-22T14:21:15,1,Synthetic / Demo Data,2026-05-22T00:00:00
9913,7438,110,55870,spf,2026-05-22T16:21:28,1,Synthetic / Demo Data,2026-05-22T00:00:00
9914,7438,54,55871,active,2026-05-29T17:38:29,1,Synthetic / Demo Data,2026-05-29T00:00:00
9915,7439,16,55875,cleansing,2026-05-30T05:54:12,1,Synthetic / Demo Data,2026-05-30T00:00:00
9916,7439,54,55879,active,2026-06-15T22:32:49,1,Synthetic / Demo Data,2026-06-15T00:00:00
9917,7442,84,55899,moisturizer,2026-05-16T09:34:05,1,Synthetic / Demo Data,2026-05-16T00:00:00
9918,7443,16,55903,cleansing,2026-01-31T07:43:17,1,Synthetic / Demo Data,2026-01-31T00:00:00
9919,7443,1,55904,cleansing,2026-01-31T10:58:24,1,Synthetic / Demo Data,2026-01-31T00:00:00
9920,7443,63,55907,active,2026-01-31T09:09:23,1,Synthetic / Demo Data,2026-01-31T00:00:00
9921,7443,43,55910,toner,2026-02-01T17:52:28,1,Synthetic / Demo Data,2026-02-01T00:00:00
9922,7445,116,55927,spf,2026-02-05T06:03:38,1,Synthetic / Demo Data,2026-02-05T00:00:00
9923,7446,17,55933,cleansing,2026-03-30T20:31:49,1,Synthetic / Demo Data,2026-03-30T00:00:00
9924,7446,116,55937,spf,2026-04-06T15:47:14,0,Synthetic / Demo Data,2026-04-06T00:00:00
9925,7447,48,55943,toner,2026-02-26T18:32:24,1,Synthetic / Demo Data,2026-02-26T00:00:00
9926,7447,92,55945,moisturizer,2026-03-01T02:57:12,0,Synthetic / Demo Data,2026-03-01T00:00:00
9927,7448,45,55949,toner,2026-05-18T17:32:19,1,Synthetic / Demo Data,2026-05-18T00:00:00
9928,7448,32,55956,toner,2026-05-20T07:44:27,1,Synthetic / Demo Data,2026-05-20T00:00:00
9929,7448,79,55957,moisturizer,2026-05-20T04:25:24,1,Synthetic / Demo Data,2026-05-20T00:00:00
9930,7448,27,55960,toner,2026-05-20T06:49:09,1,Synthetic / Demo Data,2026-05-20T00:00:00
9931,7450,25,55965,toner,2026-04-25T04:30:46,1,Synthetic / Demo Data,2026-04-25T00:00:00
9932,7450,22,55966,cleansing,2026-04-27T23:07:27,1,Synthetic / Demo Data,2026-04-27T00:00:00
9933,7450,50,55969,active,2026-04-28T03:34:17,1,Synthetic / Demo Data,2026-04-28T00:00:00
9934,7451,35,55975,toner,2026-08-26T09:42:35,1,Synthetic / Demo Data,2026-08-26T00:00:00
9935,7452,116,55981,spf,2026-07-31T08:00:33,0,Synthetic / Demo Data,2026-07-31T00:00:00
9936,7456,116,56015,spf,2026-02-25T23:05:57,1,Synthetic / Demo Data,2026-02-25T00:00:00
9937,7457,36,56019,toner,2026-06-16T07:50:51,1,Synthetic / Demo Data,2026-06-16T00:00:00
9938,7457,92,56021,moisturizer,2026-06-16T08:11:40,1,Synthetic / Demo Data,2026-06-16T00:00:00
9939,7457,40,56026,toner,2026-06-29T20:05:33,1,Synthetic / Demo Data,2026-06-29T00:00:00
9940,7459,97,56028,spf,2026-07-13T08:46:08,1,Synthetic / Demo Data,2026-07-13T00:00:00
9941,7459,82,56031,moisturizer,2026-07-13T06:24:27,1,Synthetic / Demo Data,2026-07-13T00:00:00
9942,7460,110,56039,spf,2026-03-07T00:59:42,1,Synthetic / Demo Data,2026-03-07T00:00:00
9943,7462,62,56065,active,2026-03-05T20:46:11,1,Synthetic / Demo Data,2026-03-05T00:00:00
9944,7462,116,56068,spf,2026-03-05T21:56:23,0,Synthetic / Demo Data,2026-03-05T00:00:00
9945,7463,53,56081,active,2026-03-03T05:13:55,1,Synthetic / Demo Data,2026-03-03T00:00:00
9946,7464,120,56084,spf,2026-08-19T15:45:10,1,Synthetic / Demo Data,2026-08-19T00:00:00
9947,7465,97,56097,spf,2026-03-11T03:42:23,1,Synthetic / Demo Data,2026-03-11T00:00:00
9948,7465,36,56098,toner,2026-03-11T03:37:12,1,Synthetic / Demo Data,2026-03-11T00:00:00
9949,7465,110,56099,spf,2026-03-11T01:03:29,0,Synthetic / Demo Data,2026-03-11T00:00:00
9950,7465,58,56100,active,2026-03-11T15:56:29,0,Synthetic / Demo Data,2026-03-11T00:00:00
9951,7465,25,56102,toner,2026-03-11T18:04:02,1,Synthetic / Demo Data,2026-03-11T00:00:00
9952,7466,10,56113,cleansing,2026-08-27T03:44:41,1,Synthetic / Demo Data,2026-08-27T00:00:00
9953,7466,74,56114,moisturizer,2026-08-27T00:16:44,1,Synthetic / Demo Data,2026-08-27T00:00:00
9954,7466,67,56116,active,2026-08-27T03:44:30,1,Synthetic / Demo Data,2026-08-27T00:00:00
9955,7467,81,56123,moisturizer,2026-01-28T14:11:39,1,Synthetic / Demo Data,2026-01-28T00:00:00
9956,7469,16,56131,cleansing,2026-05-05T21:49:21,1,Synthetic / Demo Data,2026-05-05T00:00:00
9957,7469,14,56133,cleansing,2026-05-05T23:21:11,1,Synthetic / Demo Data,2026-05-05T00:00:00
9958,7469,112,56141,spf,2026-05-24T02:54:10,1,Synthetic / Demo Data,2026-05-24T00:00:00
9959,7470,24,56147,cleansing,2026-04-22T08:25:53,1,Synthetic / Demo Data,2026-04-22T00:00:00
9960,7470,112,56151,spf,2026-04-22T05:16:22,1,Synthetic / Demo Data,2026-04-22T00:00:00
9961,7471,112,56157,spf,2026-06-15T12:01:28,1,Synthetic / Demo Data,2026-06-15T00:00:00
9962,7471,1,56158,cleansing,2026-06-15T08:28:50,1,Synthetic / Demo Data,2026-06-15T00:00:00
9963,7471,21,56162,cleansing,2026-06-16T14:03:06,1,Synthetic / Demo Data,2026-06-16T00:00:00
9964,7477,76,56176,moisturizer,2026-06-13T15:01:01,1,Synthetic / Demo Data,2026-06-13T00:00:00
9965,7478,2,56190,cleansing,2026-07-05T02:33:46,1,Synthetic / Demo Data,2026-07-05T00:00:00
9966,7479,21,56198,cleansing,2026-06-23T14:04:01,1,Synthetic / Demo Data,2026-06-23T00:00:00
9967,7480,18,56210,cleansing,2026-08-09T04:08:57,1,Synthetic / Demo Data,2026-08-09T00:00:00
9968,7482,34,56232,toner,2026-08-12T06:44:20,1,Synthetic / Demo Data,2026-08-12T00:00:00
9969,7483,14,56244,cleansing,2026-04-26T18:40:40,1,Synthetic / Demo Data,2026-04-26T00:00:00
9970,7483,74,56251,moisturizer,2026-05-01T05:53:19,1,Synthetic / Demo Data,2026-05-01T00:00:00
9971,7484,17,56256,cleansing,2026-04-17T17:17:17,1,Synthetic / Demo Data,2026-04-17T00:00:00
9972,7485,1,56263,cleansing,2026-08-10T13:27:14,1,Synthetic / Demo Data,2026-08-10T00:00:00
9973,7488,58,56286,active,2026-04-21T02:16:03,1,Synthetic / Demo Data,2026-04-21T00:00:00
9974,7489,81,56289,moisturizer,2026-05-17T12:13:25,0,Synthetic / Demo Data,2026-05-17T00:00:00
9975,7489,31,56297,toner,2026-05-23T22:58:36,1,Synthetic / Demo Data,2026-05-23T00:00:00
9976,7491,51,56298,active,2026-01-26T05:15:18,1,Synthetic / Demo Data,2026-01-26T00:00:00
9977,7493,51,56307,active,2026-07-26T03:56:03,1,Synthetic / Demo Data,2026-07-26T00:00:00
9978,7493,88,56310,moisturizer,2026-07-26T01:51:20,0,Synthetic / Demo Data,2026-07-26T00:00:00
9979,7493,1,56315,cleansing,2026-08-01T18:09:36,0,Synthetic / Demo Data,2026-08-01T00:00:00
9980,7493,115,56316,spf,2026-08-01T19:19:21,1,Synthetic / Demo Data,2026-08-01T00:00:00
9981,7493,27,56318,toner,2026-08-11T15:11:57,1,Synthetic / Demo Data,2026-08-11T00:00:00
9982,7496,57,56339,active,2026-04-26T15:09:13,1,Synthetic / Demo Data,2026-04-26T00:00:00
9983,7496,48,56342,toner,2026-05-07T09:40:09,1,Synthetic / Demo Data,2026-05-07T00:00:00
9984,7496,101,56343,spf,2026-05-07T08:11:40,1,Synthetic / Demo Data,2026-05-07T00:00:00
9985,7496,21,56347,cleansing,2026-05-11T18:35:33,1,Synthetic / Demo Data,2026-05-11T00:00:00
9986,7496,82,56348,moisturizer,2026-05-11T12:04:25,1,Synthetic / Demo Data,2026-05-11T00:00:00
9987,7496,70,56349,active,2026-05-11T12:06:46,1,Synthetic / Demo Data,2026-05-11T00:00:00
9988,7498,73,56363,moisturizer,2026-05-04T08:48:03,1,Synthetic / Demo Data,2026-05-04T00:00:00
9989,7499,36,56364,toner,2026-03-04T16:04:00,1,Synthetic / Demo Data,2026-03-04T00:00:00
9990,7499,66,56365,active,2026-03-04T10:16:12,1,Synthetic / Demo Data,2026-03-04T00:00:00
9991,7499,9,56367,cleansing,2026-03-04T14:41:20,1,Synthetic / Demo Data,2026-03-04T00:00:00
9992,7499,34,56369,toner,2026-03-13T07:36:26,1,Synthetic / Demo Data,2026-03-13T00:00:00
9993,7499,94,56373,moisturizer,2026-03-13T00:51:45,1,Synthetic / Demo Data,2026-03-13T00:00:00
9994,7500,66,56377,active,2026-08-01T16:29:16,1,Synthetic / Demo Data,2026-08-01T00:00:00
9995,7500,14,56382,cleansing,2026-08-14T20:16:03,1,Synthetic / Demo Data,2026-08-14T00:00:00
9996,7500,120,56383,spf,2026-08-14T15:44:39,1,Synthetic / Demo Data,2026-08-14T00:00:00
9997,7501,101,56388,spf,2026-05-14T20:09:28,1,Synthetic / Demo Data,2026-05-14T00:00:00
9998,7501,110,56392,spf,2026-05-17T14:22:27,1,Synthetic / Demo Data,2026-05-17T00:00:00
9999,7501,49,56394,active,2026-05-17T19:02:14,1,Synthetic / Demo Data,2026-05-17T00:00:00
10000,7501,97,56396,spf,2026-05-31T01:08:06,1,Synthetic / Demo Data,2026-05-31T00:00:00
10001,7504,66,56400,active,2026-04-01T07:06:44,1,Synthetic / Demo Data,2026-04-01T00:00:00
10002,7508,76,56438,moisturizer,2026-07-07T23:22:23,1,Synthetic / Demo Data,2026-07-07T00:00:00
10003,7509,102,56458,spf,2026-03-15T16:47:14,1,Synthetic / Demo Data,2026-03-15T00:00:00
10004,7510,39,56460,toner,2026-05-08T16:53:03,1,Synthetic / Demo Data,2026-05-08T00:00:00
10005,7511,106,56477,spf,2026-03-28T02:09:17,1,Synthetic / Demo Data,2026-03-28T00:00:00
10006,7511,84,56478,moisturizer,2026-03-28T02:47:47,1,Synthetic / Demo Data,2026-03-28T00:00:00
10007,7515,116,56496,spf,2026-07-27T13:33:40,1,Synthetic / Demo Data,2026-07-27T00:00:00
10008,7515,28,56497,toner,2026-07-27T13:29:54,1,Synthetic / Demo Data,2026-07-27T00:00:00
10009,7515,1,56498,cleansing,2026-08-06T02:25:12,1,Synthetic / Demo Data,2026-08-06T00:00:00
10010,7515,21,56499,cleansing,2026-08-06T07:46:02,1,Synthetic / Demo Data,2026-08-06T00:00:00
10011,7515,106,56501,spf,2026-08-06T05:25:35,1,Synthetic / Demo Data,2026-08-06T00:00:00
10012,7515,57,56502,active,2026-08-06T02:52:54,0,Synthetic / Demo Data,2026-08-06T00:00:00
10013,7517,10,56507,cleansing,2026-02-05T11:36:39,1,Synthetic / Demo Data,2026-02-05T00:00:00
10014,7517,30,56509,toner,2026-02-05T08:14:13,1,Synthetic / Demo Data,2026-02-05T00:00:00
10015,7519,116,56516,spf,2026-07-02T00:32:19,1,Synthetic / Demo Data,2026-07-02T00:00:00
10016,7519,69,56520,active,2026-07-03T06:22:18,1,Synthetic / Demo Data,2026-07-03T00:00:00
10017,7519,87,56521,moisturizer,2026-07-03T08:04:04,1,Synthetic / Demo Data,2026-07-03T00:00:00
10018,7520,25,56526,toner,2026-05-19T20:49:45,1,Synthetic / Demo Data,2026-05-19T00:00:00
10019,7520,9,56529,cleansing,2026-05-19T20:44:25,1,Synthetic / Demo Data,2026-05-19T00:00:00
10020,7520,103,56530,spf,2026-05-19T20:32:36,1,Synthetic / Demo Data,2026-05-19T00:00:00
10021,7520,11,56533,cleansing,2026-05-22T17:03:04,0,Synthetic / Demo Data,2026-05-22T00:00:00
10022,7520,12,56534,cleansing,2026-05-22T18:14:11,1,Synthetic / Demo Data,2026-05-22T00:00:00
10023,7522,16,56547,cleansing,2026-01-09T23:11:49,1,Synthetic / Demo Data,2026-01-09T00:00:00
10024,7523,92,56558,moisturizer,2026-03-28T00:11:41,1,Synthetic / Demo Data,2026-03-28T00:00:00
10025,7524,114,56567,spf,2026-06-05T12:44:19,1,Synthetic / Demo Data,2026-06-05T00:00:00
10026,7525,48,56577,toner,2026-08-04T06:34:21,1,Synthetic / Demo Data,2026-08-04T00:00:00
10027,7526,90,56588,moisturizer,2026-05-31T05:50:04,1,Synthetic / Demo Data,2026-05-31T00:00:00
10028,7527,112,56591,spf,2026-06-06T17:25:38,1,Synthetic / Demo Data,2026-06-06T00:00:00
10029,7527,116,56592,spf,2026-06-06T12:19:38,1,Synthetic / Demo Data,2026-06-06T00:00:00
10030,7527,107,56597,spf,2026-06-09T06:05:50,0,Synthetic / Demo Data,2026-06-09T00:00:00
10031,7527,49,56599,active,2026-06-09T09:45:47,1,Synthetic / Demo Data,2026-06-09T00:00:00
10032,7529,21,56609,cleansing,2026-04-15T05:50:47,1,Synthetic / Demo Data,2026-04-15T00:00:00
10033,7529,38,56610,toner,2026-04-15T07:07:17,1,Synthetic / Demo Data,2026-04-15T00:00:00
10034,7529,116,56612,spf,2026-04-15T09:01:11,1,Synthetic / Demo Data,2026-04-15T00:00:00
10035,7529,50,56613,active,2026-04-16T00:00:14,1,Synthetic / Demo Data,2026-04-16T00:00:00
10036,7529,4,56617,cleansing,2026-04-16T01:54:39,1,Synthetic / Demo Data,2026-04-16T00:00:00
10037,7529,40,56618,toner,2026-04-21T01:39:24,1,Synthetic / Demo Data,2026-04-21T00:00:00
10038,7532,18,56622,cleansing,2026-05-25T20:25:32,1,Synthetic / Demo Data,2026-05-25T00:00:00
10039,7532,21,56624,cleansing,2026-05-25T18:12:39,1,Synthetic / Demo Data,2026-05-25T00:00:00
10040,7534,5,56629,cleansing,2026-06-18T09:27:50,1,Synthetic / Demo Data,2026-06-18T00:00:00
10041,7534,24,56631,cleansing,2026-06-18T04:32:35,1,Synthetic / Demo Data,2026-06-18T00:00:00
10042,7534,112,56635,spf,2026-06-19T14:53:59,1,Synthetic / Demo Data,2026-06-19T00:00:00
10043,7535,9,56640,cleansing,2026-03-29T00:42:56,1,Synthetic / Demo Data,2026-03-29T00:00:00
10044,7535,30,56642,toner,2026-04-01T19:55:45,1,Synthetic / Demo Data,2026-04-01T00:00:00
10045,7536,24,56661,cleansing,2026-04-22T00:59:52,1,Synthetic / Demo Data,2026-04-22T00:00:00
10046,7537,51,56662,active,2026-07-11T18:06:27,1,Synthetic / Demo Data,2026-07-11T00:00:00
10047,7537,82,56664,moisturizer,2026-07-11T14:51:25,1,Synthetic / Demo Data,2026-07-11T00:00:00
10048,7538,114,56675,spf,2026-06-25T22:33:42,1,Synthetic / Demo Data,2026-06-25T00:00:00
10049,7538,25,56681,toner,2026-06-27T20:35:25,1,Synthetic / Demo Data,2026-06-27T00:00:00
10050,7539,102,56685,spf,2026-05-21T12:22:47,1,Synthetic / Demo Data,2026-05-21T00:00:00
10051,7539,67,56688,active,2026-05-21T11:03:35,1,Synthetic / Demo Data,2026-05-21T00:00:00
10052,7540,18,56703,cleansing,2026-03-26T04:28:19,1,Synthetic / Demo Data,2026-03-26T00:00:00
10053,7548,110,56751,spf,2026-07-23T09:01:02,1,Synthetic / Demo Data,2026-07-23T00:00:00
10054,7548,89,56756,moisturizer,2026-07-24T10:21:38,1,Synthetic / Demo Data,2026-07-24T00:00:00
10055,7548,63,56761,active,2026-08-06T11:26:03,0,Synthetic / Demo Data,2026-08-06T00:00:00
10056,7548,10,56765,cleansing,2026-08-06T15:37:04,1,Synthetic / Demo Data,2026-08-06T00:00:00
10057,7550,4,56768,cleansing,2026-04-18T07:10:12,1,Synthetic / Demo Data,2026-04-18T00:00:00
10058,7551,116,56778,spf,2026-04-10T15:25:17,1,Synthetic / Demo Data,2026-04-10T00:00:00
10059,7551,49,56779,active,2026-04-10T12:45:28,1,Synthetic / Demo Data,2026-04-10T00:00:00
10060,7551,97,56781,spf,2026-04-22T17:03:17,1,Synthetic / Demo Data,2026-04-22T00:00:00
10061,7551,13,56782,cleansing,2026-04-22T14:38:45,1,Synthetic / Demo Data,2026-04-22T00:00:00
10062,7552,53,56785,active,2026-02-15T01:19:50,1,Synthetic / Demo Data,2026-02-15T00:00:00
10063,7552,44,56788,toner,2026-02-14T21:23:11,1,Synthetic / Demo Data,2026-02-14T00:00:00
10064,7552,17,56790,cleansing,2026-02-24T20:46:02,1,Synthetic / Demo Data,2026-02-24T00:00:00
10065,7552,100,56793,spf,2026-02-24T21:14:10,1,Synthetic / Demo Data,2026-02-24T00:00:00
10066,7553,69,56797,active,2026-06-10T02:26:06,1,Synthetic / Demo Data,2026-06-10T00:00:00
10067,7553,112,56798,spf,2026-06-10T01:49:48,1,Synthetic / Demo Data,2026-06-10T00:00:00
10068,7553,106,56799,spf,2026-06-12T11:25:48,1,Synthetic / Demo Data,2026-06-12T00:00:00
10069,7553,87,56800,moisturizer,2026-06-12T07:00:07,0,Synthetic / Demo Data,2026-06-12T00:00:00
10070,7553,74,56804,moisturizer,2026-06-21T21:00:37,1,Synthetic / Demo Data,2026-06-21T00:00:00
10071,7553,92,56807,moisturizer,2026-06-21T16:15:13,1,Synthetic / Demo Data,2026-06-21T00:00:00
10072,7555,116,56819,spf,2026-08-03T10:58:44,1,Synthetic / Demo Data,2026-08-03T00:00:00
10073,7558,4,56832,cleansing,2026-05-22T01:52:07,1,Synthetic / Demo Data,2026-05-22T00:00:00
10074,7560,49,56838,active,2026-01-12T10:12:44,1,Synthetic / Demo Data,2026-01-12T00:00:00
10075,7560,35,56839,toner,2026-01-12T06:37:00,1,Synthetic / Demo Data,2026-01-12T00:00:00
10076,7562,40,56846,toner,2026-02-13T00:25:16,1,Synthetic / Demo Data,2026-02-13T00:00:00
10077,7563,63,56854,active,2026-06-18T03:35:54,1,Synthetic / Demo Data,2026-06-18T00:00:00
10078,7563,97,56857,spf,2026-06-18T08:11:48,0,Synthetic / Demo Data,2026-06-18T00:00:00
10079,7563,81,56858,moisturizer,2026-06-18T04:09:35,1,Synthetic / Demo Data,2026-06-18T00:00:00
10080,7564,112,56865,spf,2026-06-06T03:03:14,1,Synthetic / Demo Data,2026-06-06T00:00:00
10081,7565,27,56876,toner,2026-07-13T17:19:31,1,Synthetic / Demo Data,2026-07-13T00:00:00
10082,7566,82,56892,moisturizer,2026-04-03T07:37:58,1,Synthetic / Demo Data,2026-04-03T00:00:00
10083,7566,74,56895,moisturizer,2026-04-03T20:12:44,1,Synthetic / Demo Data,2026-04-03T00:00:00
10084,7566,36,56897,toner,2026-04-03T18:31:20,1,Synthetic / Demo Data,2026-04-03T00:00:00
10085,7566,3,56900,cleansing,2026-04-19T15:27:04,0,Synthetic / Demo Data,2026-04-19T00:00:00
10086,7567,27,56904,toner,2026-04-12T22:55:26,1,Synthetic / Demo Data,2026-04-12T00:00:00
10087,7572,94,56943,moisturizer,2026-06-29T22:34:07,1,Synthetic / Demo Data,2026-06-29T00:00:00
10088,7573,55,56955,active,2026-04-21T13:42:35,1,Synthetic / Demo Data,2026-04-21T00:00:00
10089,7573,82,56959,moisturizer,2026-04-28T19:23:19,1,Synthetic / Demo Data,2026-04-28T00:00:00
10090,7575,86,56965,moisturizer,2026-05-05T18:17:32,0,Synthetic / Demo Data,2026-05-05T00:00:00
10091,7575,7,56968,cleansing,2026-05-06T14:44:56,1,Synthetic / Demo Data,2026-05-06T00:00:00
10092,7575,117,56969,spf,2026-05-06T21:21:36,1,Synthetic / Demo Data,2026-05-06T00:00:00
10093,7576,32,56973,toner,2026-06-24T14:17:55,1,Synthetic / Demo Data,2026-06-24T00:00:00
10094,7576,9,56976,cleansing,2026-07-06T21:50:51,1,Synthetic / Demo Data,2026-07-06T00:00:00
10095,7576,51,56983,active,2026-07-09T23:50:34,1,Synthetic / Demo Data,2026-07-09T00:00:00
10096,7577,90,56988,moisturizer,2026-05-05T03:33:15,1,Synthetic / Demo Data,2026-05-05T00:00:00
10097,7577,58,56989,active,2026-05-05T07:28:30,0,Synthetic / Demo Data,2026-05-05T00:00:00
10098,7578,16,56998,cleansing,2026-07-09T10:14:44,1,Synthetic / Demo Data,2026-07-09T00:00:00
10099,7578,36,57001,toner,2026-07-09T14:13:24,1,Synthetic / Demo Data,2026-07-09T00:00:00
10100,7578,27,57003,toner,2026-07-13T05:20:12,1,Synthetic / Demo Data,2026-07-13T00:00:00
10101,7578,12,57005,cleansing,2026-07-13T06:20:38,1,Synthetic / Demo Data,2026-07-13T00:00:00
10102,7581,80,57012,moisturizer,2026-07-20T11:30:11,1,Synthetic / Demo Data,2026-07-20T00:00:00
10103,7581,69,57015,active,2026-07-21T22:13:30,1,Synthetic / Demo Data,2026-07-21T00:00:00
10104,7582,9,57023,cleansing,2026-01-05T19:06:37,1,Synthetic / Demo Data,2026-01-05T00:00:00
10105,7582,66,57027,active,2026-01-16T18:06:39,1,Synthetic / Demo Data,2026-01-16T00:00:00
10106,7583,65,57034,active,2026-03-30T11:21:51,1,Synthetic / Demo Data,2026-03-30T00:00:00
10107,7586,101,57063,spf,2026-09-11T17:05:44,1,Synthetic / Demo Data,2026-09-11T00:00:00
10108,7586,84,57066,moisturizer,2026-09-18T20:37:32,1,Synthetic / Demo Data,2026-09-18T00:00:00
10109,7587,74,57070,moisturizer,2026-07-13T18:30:17,0,Synthetic / Demo Data,2026-07-13T00:00:00
10110,7587,116,57071,spf,2026-07-13T14:44:10,1,Synthetic / Demo Data,2026-07-13T00:00:00
10111,7587,67,57073,active,2026-07-28T10:06:11,1,Synthetic / Demo Data,2026-07-28T00:00:00
10112,7590,55,57095,active,2026-06-07T01:08:11,1,Synthetic / Demo Data,2026-06-07T00:00:00
10113,7590,7,57102,cleansing,2026-06-07T14:14:51,1,Synthetic / Demo Data,2026-06-07T00:00:00
10114,7590,21,57103,cleansing,2026-06-07T14:34:05,1,Synthetic / Demo Data,2026-06-07T00:00:00
10115,7594,4,57114,cleansing,2026-03-19T17:04:58,1,Synthetic / Demo Data,2026-03-19T00:00:00
10116,7594,80,57122,moisturizer,2026-04-05T11:23:17,1,Synthetic / Demo Data,2026-04-05T00:00:00
10117,7595,78,57127,moisturizer,2026-03-01T20:12:37,1,Synthetic / Demo Data,2026-03-01T00:00:00
10118,7597,75,57132,moisturizer,2026-08-21T02:11:19,1,Synthetic / Demo Data,2026-08-21T00:00:00
10119,7598,10,57147,cleansing,2026-06-14T03:03:33,1,Synthetic / Demo Data,2026-06-14T00:00:00
10120,7598,17,57151,cleansing,2026-06-19T06:14:33,1,Synthetic / Demo Data,2026-06-19T00:00:00
10121,7604,17,57164,cleansing,2026-03-13T00:37:27,1,Synthetic / Demo Data,2026-03-13T00:00:00
10122,7605,66,57174,active,2026-09-12T04:49:50,1,Synthetic / Demo Data,2026-09-12T00:00:00
10123,7605,106,57179,spf,2026-09-17T12:01:04,1,Synthetic / Demo Data,2026-09-17T00:00:00
10124,7605,1,57181,cleansing,2026-09-17T10:33:32,1,Synthetic / Demo Data,2026-09-17T00:00:00
10125,7607,7,57185,cleansing,2026-07-18T15:22:03,1,Synthetic / Demo Data,2026-07-18T00:00:00
10126,7607,79,57190,moisturizer,2026-08-01T12:23:00,1,Synthetic / Demo Data,2026-08-01T00:00:00
10127,7607,27,57194,toner,2026-08-01T12:19:23,1,Synthetic / Demo Data,2026-08-01T00:00:00
10128,7609,112,57195,spf,2026-07-31T13:52:40,1,Synthetic / Demo Data,2026-07-31T00:00:00
10129,7609,20,57196,cleansing,2026-07-31T16:15:29,1,Synthetic / Demo Data,2026-07-31T00:00:00
10130,7611,117,57213,spf,2026-08-13T18:06:05,1,Synthetic / Demo Data,2026-08-13T00:00:00
10131,7612,82,57228,moisturizer,2026-05-21T14:22:37,0,Synthetic / Demo Data,2026-05-21T00:00:00
10132,7612,109,57232,spf,2026-05-22T06:23:09,1,Synthetic / Demo Data,2026-05-22T00:00:00
10133,7613,84,57238,moisturizer,2026-07-14T06:01:59,1,Synthetic / Demo Data,2026-07-14T00:00:00
10134,7616,66,57243,active,2026-03-22T19:14:47,1,Synthetic / Demo Data,2026-03-22T00:00:00
10135,7616,80,57244,moisturizer,2026-03-22T15:39:34,1,Synthetic / Demo Data,2026-03-22T00:00:00
10136,7616,67,57247,active,2026-03-26T07:22:18,1,Synthetic / Demo Data,2026-03-26T00:00:00
10137,7617,27,57252,toner,2026-08-08T18:54:11,1,Synthetic / Demo Data,2026-08-08T00:00:00
10138,7617,82,57256,moisturizer,2026-08-08T18:11:52,1,Synthetic / Demo Data,2026-08-08T00:00:00
10139,7617,34,57257,toner,2026-08-20T08:24:03,1,Synthetic / Demo Data,2026-08-20T00:00:00
10140,7618,63,57264,active,2026-07-21T01:21:23,0,Synthetic / Demo Data,2026-07-21T00:00:00
10141,7619,12,57270,cleansing,2026-05-10T00:37:17,1,Synthetic / Demo Data,2026-05-10T00:00:00
10142,7619,21,57273,cleansing,2026-05-17T17:21:11,0,Synthetic / Demo Data,2026-05-17T00:00:00
10143,7622,16,57285,cleansing,2026-04-27T16:07:24,1,Synthetic / Demo Data,2026-04-27T00:00:00
10144,7622,52,57296,active,2026-05-05T05:18:00,1,Synthetic / Demo Data,2026-05-05T00:00:00
10145,7622,86,57297,moisturizer,2026-05-05T00:56:44,1,Synthetic / Demo Data,2026-05-05T00:00:00
10146,7623,104,57303,spf,2026-05-17T08:02:55,1,Synthetic / Demo Data,2026-05-17T00:00:00
10147,7628,50,57307,active,2026-08-09T17:48:16,1,Synthetic / Demo Data,2026-08-09T00:00:00
10148,7628,90,57311,moisturizer,2026-08-10T00:54:03,0,Synthetic / Demo Data,2026-08-10T00:00:00
10149,7629,19,57318,cleansing,2026-04-27T14:28:05,1,Synthetic / Demo Data,2026-04-27T00:00:00
10150,7629,82,57321,moisturizer,2026-05-11T00:46:04,1,Synthetic / Demo Data,2026-05-11T00:00:00
10151,7630,14,57328,cleansing,2026-05-25T08:19:11,0,Synthetic / Demo Data,2026-05-25T00:00:00
10152,7630,72,57333,active,2026-05-26T11:45:49,1,Synthetic / Demo Data,2026-05-26T00:00:00
10153,7630,106,57336,spf,2026-05-27T06:37:27,1,Synthetic / Demo Data,2026-05-27T00:00:00
10154,7630,116,57338,spf,2026-05-27T06:29:46,1,Synthetic / Demo Data,2026-05-27T00:00:00
10155,7635,40,57348,toner,2026-03-04T06:15:28,1,Synthetic / Demo Data,2026-03-04T00:00:00
10156,7635,103,57350,spf,2026-03-04T07:15:18,1,Synthetic / Demo Data,2026-03-04T00:00:00
10157,7637,65,57360,active,2026-06-04T03:15:40,1,Synthetic / Demo Data,2026-06-04T00:00:00
10158,7637,66,57362,active,2026-06-04T07:35:44,1,Synthetic / Demo Data,2026-06-04T00:00:00
10159,7637,37,57368,toner,2026-06-05T12:48:24,1,Synthetic / Demo Data,2026-06-05T00:00:00
10160,7638,4,57374,cleansing,2026-01-27T16:21:51,1,Synthetic / Demo Data,2026-01-27T00:00:00
10161,7639,116,57386,spf,2026-08-03T01:38:43,1,Synthetic / Demo Data,2026-08-03T00:00:00
10162,7642,59,57397,active,2026-05-01T10:33:16,1,Synthetic / Demo Data,2026-05-01T00:00:00
10163,7645,72,57410,active,2026-04-24T10:47:45,1,Synthetic / Demo Data,2026-04-24T00:00:00
10164,7645,69,57416,active,2026-04-24T22:11:04,1,Synthetic / Demo Data,2026-04-24T00:00:00
10165,7646,82,57417,moisturizer,2026-05-19T16:25:50,1,Synthetic / Demo Data,2026-05-19T00:00:00
10166,7646,74,57418,moisturizer,2026-05-19T15:32:42,1,Synthetic / Demo Data,2026-05-19T00:00:00
10167,7646,21,57421,cleansing,2026-05-19T16:03:00,1,Synthetic / Demo Data,2026-05-19T00:00:00
10168,7646,106,57432,spf,2026-06-09T11:16:15,1,Synthetic / Demo Data,2026-06-09T00:00:00
10169,7646,51,57433,active,2026-06-09T07:35:15,1,Synthetic / Demo Data,2026-06-09T00:00:00
10170,7647,74,57434,moisturizer,2026-03-07T11:42:21,1,Synthetic / Demo Data,2026-03-07T00:00:00
10171,7647,113,57435,spf,2026-03-07T15:15:13,1,Synthetic / Demo Data,2026-03-07T00:00:00
10172,7647,18,57438,cleansing,2026-03-07T07:46:25,1,Synthetic / Demo Data,2026-03-07T00:00:00
10173,7647,38,57440,toner,2026-03-07T17:40:05,0,Synthetic / Demo Data,2026-03-07T00:00:00
10174,7647,105,57443,spf,2026-03-07T16:03:04,1,Synthetic / Demo Data,2026-03-07T00:00:00
10175,7647,69,57446,active,2026-03-10T04:08:09,1,Synthetic / Demo Data,2026-03-10T00:00:00
10176,7647,106,57448,spf,2026-03-10T07:48:01,1,Synthetic / Demo Data,2026-03-10T00:00:00
10177,7648,106,57458,spf,2026-09-04T17:08:31,1,Synthetic / Demo Data,2026-09-04T00:00:00
10178,7650,106,57465,spf,2026-03-03T11:59:00,1,Synthetic / Demo Data,2026-03-03T00:00:00
10179,7650,100,57469,spf,2026-03-11T12:30:00,1,Synthetic / Demo Data,2026-03-11T00:00:00
10180,7650,6,57471,cleansing,2026-03-19T06:52:46,1,Synthetic / Demo Data,2026-03-19T00:00:00
10181,7650,72,57473,active,2026-03-19T10:16:21,1,Synthetic / Demo Data,2026-03-19T00:00:00
10182,7651,51,57474,active,2026-07-13T13:24:40,1,Synthetic / Demo Data,2026-07-13T00:00:00
10183,7651,17,57482,cleansing,2026-07-21T14:23:59,1,Synthetic / Demo Data,2026-07-21T00:00:00
10184,7652,28,57492,toner,2026-07-11T02:14:10,1,Synthetic / Demo Data,2026-07-11T00:00:00
10185,7652,17,57495,cleansing,2026-07-11T08:24:20,1,Synthetic / Demo Data,2026-07-11T00:00:00
10186,7652,116,57500,spf,2026-07-22T20:03:31,1,Synthetic / Demo Data,2026-07-22T00:00:00
10187,7653,38,57504,toner,2026-01-20T11:21:11,1,Synthetic / Demo Data,2026-01-20T00:00:00
10188,7653,30,57509,toner,2026-02-07T23:36:21,1,Synthetic / Demo Data,2026-02-07T00:00:00
10189,7654,21,57512,cleansing,2026-06-08T17:50:59,0,Synthetic / Demo Data,2026-06-08T00:00:00
10190,7658,17,57527,cleansing,2026-01-27T02:14:26,1,Synthetic / Demo Data,2026-01-27T00:00:00
10191,7658,116,57530,spf,2026-01-27T00:37:20,1,Synthetic / Demo Data,2026-01-27T00:00:00
10192,7658,16,57531,cleansing,2026-01-27T02:50:18,1,Synthetic / Demo Data,2026-01-27T00:00:00
10193,7660,102,57539,spf,2026-06-01T00:29:00,0,Synthetic / Demo Data,2026-06-01T00:00:00
10194,7660,4,57540,cleansing,2026-06-01T00:20:46,1,Synthetic / Demo Data,2026-06-01T00:00:00
10195,7663,42,57561,toner,2026-09-19T11:28:41,1,Synthetic / Demo Data,2026-09-19T00:00:00
10196,7663,116,57562,spf,2026-09-19T08:35:22,1,Synthetic / Demo Data,2026-09-19T00:00:00
10197,7664,1,57572,cleansing,2026-07-08T22:27:55,1,Synthetic / Demo Data,2026-07-08T00:00:00
10198,7668,69,57586,active,2026-05-07T00:57:58,1,Synthetic / Demo Data,2026-05-07T00:00:00
10199,7668,92,57587,moisturizer,2026-05-07T01:29:39,1,Synthetic / Demo Data,2026-05-07T00:00:00
10200,7668,113,57591,spf,2026-05-09T22:54:41,0,Synthetic / Demo Data,2026-05-09T00:00:00
10201,7668,77,57592,moisturizer,2026-05-09T22:03:16,1,Synthetic / Demo Data,2026-05-09T00:00:00
10202,7668,2,57594,cleansing,2026-05-09T22:35:33,1,Synthetic / Demo Data,2026-05-09T00:00:00
10203,7668,10,57595,cleansing,2026-05-23T22:47:27,1,Synthetic / Demo Data,2026-05-23T00:00:00
10204,7668,53,57596,active,2026-05-24T00:56:02,1,Synthetic / Demo Data,2026-05-24T00:00:00
10205,7670,2,57599,cleansing,2026-04-13T16:48:54,1,Synthetic / Demo Data,2026-04-13T00:00:00
10206,7670,82,57604,moisturizer,2026-04-21T05:33:19,1,Synthetic / Demo Data,2026-04-21T00:00:00
10207,7673,69,57617,active,2026-01-22T14:53:04,1,Synthetic / Demo Data,2026-01-22T00:00:00
10208,7673,27,57618,toner,2026-01-22T14:51:28,1,Synthetic / Demo Data,2026-01-22T00:00:00
10209,7673,103,57622,spf,2026-01-26T10:43:22,1,Synthetic / Demo Data,2026-01-26T00:00:00
10210,7673,72,57623,active,2026-01-26T05:27:15,1,Synthetic / Demo Data,2026-01-26T00:00:00
10211,7674,34,57624,toner,2026-07-15T16:48:43,1,Synthetic / Demo Data,2026-07-15T00:00:00
10212,7674,20,57632,cleansing,2026-07-18T16:08:15,1,Synthetic / Demo Data,2026-07-18T00:00:00
10213,7674,17,57634,cleansing,2026-07-22T14:49:45,1,Synthetic / Demo Data,2026-07-22T00:00:00
10214,7674,70,57640,active,2026-07-30T22:40:55,1,Synthetic / Demo Data,2026-07-30T00:00:00
10215,7675,62,57644,active,2026-06-20T14:42:24,1,Synthetic / Demo Data,2026-06-20T00:00:00
10216,7675,43,57645,toner,2026-06-20T14:43:26,1,Synthetic / Demo Data,2026-06-20T00:00:00
10217,7676,82,57657,moisturizer,2026-02-07T01:52:55,1,Synthetic / Demo Data,2026-02-07T00:00:00
10218,7677,12,57668,cleansing,2026-03-08T04:24:14,1,Synthetic / Demo Data,2026-03-08T00:00:00
10219,7678,67,57675,active,2026-04-21T15:00:29,1,Synthetic / Demo Data,2026-04-21T00:00:00
10220,7678,12,57677,cleansing,2026-04-21T14:18:13,1,Synthetic / Demo Data,2026-04-21T00:00:00
10221,7678,82,57678,moisturizer,2026-04-29T09:35:27,1,Synthetic / Demo Data,2026-04-29T00:00:00
10222,7680,66,57683,active,2026-06-30T07:44:01,1,Synthetic / Demo Data,2026-06-30T00:00:00
10223,7680,74,57688,moisturizer,2026-06-30T10:19:52,1,Synthetic / Demo Data,2026-06-30T00:00:00
10224,7680,57,57691,active,2026-06-30T10:39:10,1,Synthetic / Demo Data,2026-06-30T00:00:00
10225,7680,40,57694,toner,2026-07-06T22:05:47,1,Synthetic / Demo Data,2026-07-06T00:00:00
10226,7681,112,57695,spf,2026-06-14T07:57:03,1,Synthetic / Demo Data,2026-06-14T00:00:00
10227,7681,31,57699,toner,2026-06-14T15:05:44,1,Synthetic / Demo Data,2026-06-14T00:00:00
10228,7682,22,57707,cleansing,2026-05-30T17:08:53,1,Synthetic / Demo Data,2026-05-30T00:00:00
10229,7682,120,57709,spf,2026-06-05T19:27:38,1,Synthetic / Demo Data,2026-06-05T00:00:00
10230,7682,80,57711,moisturizer,2026-06-05T19:23:20,1,Synthetic / Demo Data,2026-06-05T00:00:00
10231,7683,72,57719,active,2026-08-30T20:11:30,1,Synthetic / Demo Data,2026-08-30T00:00:00
10232,7683,22,57721,cleansing,2026-08-30T21:03:39,1,Synthetic / Demo Data,2026-08-30T00:00:00
10233,7684,104,57728,spf,2026-08-04T18:01:34,1,Synthetic / Demo Data,2026-08-04T00:00:00
10234,7684,113,57733,spf,2026-08-13T13:36:31,1,Synthetic / Demo Data,2026-08-13T00:00:00
10235,7686,68,57738,active,2026-02-27T08:23:06,1,Synthetic / Demo Data,2026-02-27T00:00:00
10236,7686,66,57743,active,2026-03-14T16:02:41,1,Synthetic / Demo Data,2026-03-14T00:00:00
10237,7686,41,57745,toner,2026-03-14T13:11:42,1,Synthetic / Demo Data,2026-03-14T00:00:00
10238,7686,112,57752,spf,2026-03-16T13:33:32,1,Synthetic / Demo Data,2026-03-16T00:00:00
10239,7688,54,57753,active,2026-08-21T13:27:48,1,Synthetic / Demo Data,2026-08-21T00:00:00
10240,7688,2,57755,cleansing,2026-08-21T11:22:29,1,Synthetic / Demo Data,2026-08-21T00:00:00
10241,7688,80,57761,moisturizer,2026-08-27T23:55:16,1,Synthetic / Demo Data,2026-08-27T00:00:00
10242,7688,100,57762,spf,2026-08-28T03:37:26,1,Synthetic / Demo Data,2026-08-28T00:00:00
10243,7688,38,57764,toner,2026-09-04T01:30:30,1,Synthetic / Demo Data,2026-09-04T00:00:00
10244,7690,80,57777,moisturizer,2026-07-19T02:13:52,1,Synthetic / Demo Data,2026-07-19T00:00:00
10245,7690,103,57786,spf,2026-07-24T20:31:14,1,Synthetic / Demo Data,2026-07-24T00:00:00
10246,7693,7,57791,cleansing,2026-06-07T08:34:35,1,Synthetic / Demo Data,2026-06-07T00:00:00
10247,7696,34,57813,toner,2026-02-21T19:47:33,1,Synthetic / Demo Data,2026-02-21T00:00:00
10248,7699,30,57817,toner,2026-05-13T06:51:09,1,Synthetic / Demo Data,2026-05-13T00:00:00
10249,7700,92,57830,moisturizer,2026-08-01T20:46:58,1,Synthetic / Demo Data,2026-08-01T00:00:00
10250,7701,55,57838,active,2026-02-18T21:22:42,1,Synthetic / Demo Data,2026-02-18T00:00:00
10251,7701,17,57843,cleansing,2026-02-23T20:27:39,1,Synthetic / Demo Data,2026-02-23T00:00:00
10252,7701,68,57844,active,2026-02-23T22:40:06,1,Synthetic / Demo Data,2026-02-23T00:00:00
10253,7701,21,57847,cleansing,2026-02-23T23:23:14,1,Synthetic / Demo Data,2026-02-23T00:00:00
10254,7702,102,57857,spf,2026-05-22T06:50:15,1,Synthetic / Demo Data,2026-05-22T00:00:00
10255,7703,116,57863,spf,2026-07-11T21:18:55,1,Synthetic / Demo Data,2026-07-11T00:00:00
10256,7704,81,57866,moisturizer,2026-06-18T21:35:32,1,Synthetic / Demo Data,2026-06-18T00:00:00
10257,7705,40,57883,toner,2026-02-17T13:58:06,1,Synthetic / Demo Data,2026-02-17T00:00:00
10258,7706,11,57888,cleansing,2026-08-21T17:40:31,1,Synthetic / Demo Data,2026-08-21T00:00:00
10259,7708,56,57900,active,2026-02-09T11:53:05,1,Synthetic / Demo Data,2026-02-09T00:00:00
10260,7709,113,57907,spf,2026-06-30T19:57:23,1,Synthetic / Demo Data,2026-06-30T00:00:00
10261,7709,32,57908,toner,2026-06-30T16:57:30,1,Synthetic / Demo Data,2026-06-30T00:00:00
10262,7709,82,57909,moisturizer,2026-06-30T14:03:33,1,Synthetic / Demo Data,2026-06-30T00:00:00
10263,7710,92,57916,moisturizer,2026-06-01T18:04:36,1,Synthetic / Demo Data,2026-06-01T00:00:00
10264,7711,17,57929,cleansing,2026-07-15T14:37:03,1,Synthetic / Demo Data,2026-07-15T00:00:00
10265,7712,63,57937,active,2026-02-28T22:01:05,1,Synthetic / Demo Data,2026-02-28T00:00:00
10266,7712,21,57941,cleansing,2026-03-05T05:02:30,1,Synthetic / Demo Data,2026-03-05T00:00:00
10267,7714,1,57947,cleansing,2026-02-03T08:07:12,1,Synthetic / Demo Data,2026-02-03T00:00:00
10268,7714,32,57950,toner,2026-02-10T13:13:12,1,Synthetic / Demo Data,2026-02-10T00:00:00
10269,7716,97,57956,spf,2026-05-06T18:18:34,1,Synthetic / Demo Data,2026-05-06T00:00:00
10270,7716,34,57962,toner,2026-05-08T08:29:44,1,Synthetic / Demo Data,2026-05-08T00:00:00
10271,7717,1,57971,cleansing,2026-03-15T10:34:48,1,Synthetic / Demo Data,2026-03-15T00:00:00
10272,7717,112,57972,spf,2026-03-15T10:02:39,1,Synthetic / Demo Data,2026-03-15T00:00:00
10273,7718,114,57976,spf,2026-05-04T23:53:19,0,Synthetic / Demo Data,2026-05-04T00:00:00
10274,7722,11,57995,cleansing,2026-09-09T11:22:44,1,Synthetic / Demo Data,2026-09-09T00:00:00
10275,7722,80,58001,moisturizer,2026-09-12T03:32:45,1,Synthetic / Demo Data,2026-09-12T00:00:00
10276,7722,4,58003,cleansing,2026-09-17T14:28:45,1,Synthetic / Demo Data,2026-09-17T00:00:00
10277,7723,6,58007,cleansing,2026-02-27T16:15:37,1,Synthetic / Demo Data,2026-02-27T00:00:00
10278,7724,17,58025,cleansing,2026-06-16T03:04:53,1,Synthetic / Demo Data,2026-06-16T00:00:00
10279,7726,116,58028,spf,2026-09-02T08:32:26,1,Synthetic / Demo Data,2026-09-02T00:00:00
10280,7726,90,58029,moisturizer,2026-09-02T08:35:38,1,Synthetic / Demo Data,2026-09-02T00:00:00
10281,7727,46,58044,toner,2026-07-10T08:14:43,1,Synthetic / Demo Data,2026-07-10T00:00:00
10282,7728,120,58050,spf,2026-02-26T01:24:08,1,Synthetic / Demo Data,2026-02-26T00:00:00
10283,7728,97,58058,spf,2026-03-01T06:02:49,1,Synthetic / Demo Data,2026-03-01T00:00:00
10284,7732,106,58085,spf,2026-08-12T10:54:41,1,Synthetic / Demo Data,2026-08-12T00:00:00
10285,7732,101,58087,spf,2026-08-12T12:09:44,1,Synthetic / Demo Data,2026-08-12T00:00:00
10286,7732,66,58088,active,2026-08-12T08:55:25,1,Synthetic / Demo Data,2026-08-12T00:00:00
10287,7733,116,58097,spf,2026-08-27T11:22:21,1,Synthetic / Demo Data,2026-08-27T00:00:00
10288,7734,32,58107,toner,2026-08-26T23:40:06,1,Synthetic / Demo Data,2026-08-26T00:00:00
10289,7735,27,58113,toner,2026-07-04T14:51:35,1,Synthetic / Demo Data,2026-07-04T00:00:00
10290,7735,77,58119,moisturizer,2026-07-04T18:23:04,1,Synthetic / Demo Data,2026-07-04T00:00:00
10291,7736,105,58126,spf,2026-08-17T21:09:51,1,Synthetic / Demo Data,2026-08-17T00:00:00
10292,7736,4,58128,cleansing,2026-08-17T17:43:25,1,Synthetic / Demo Data,2026-08-17T00:00:00
10293,7736,36,58130,toner,2026-08-20T04:36:04,1,Synthetic / Demo Data,2026-08-20T00:00:00
10294,7737,74,58136,moisturizer,2026-02-14T14:20:11,1,Synthetic / Demo Data,2026-02-14T00:00:00
10295,7739,46,58155,toner,2026-02-07T12:35:28,1,Synthetic / Demo Data,2026-02-07T00:00:00
10296,7739,24,58156,cleansing,2026-02-07T11:09:18,1,Synthetic / Demo Data,2026-02-07T00:00:00
10297,7740,38,58159,toner,2026-03-16T12:42:56,1,Synthetic / Demo Data,2026-03-16T00:00:00
10298,7741,18,58168,cleansing,2026-03-17T07:39:32,1,Synthetic / Demo Data,2026-03-17T00:00:00
10299,7741,14,58170,cleansing,2026-03-17T04:00:15,1,Synthetic / Demo Data,2026-03-17T00:00:00
10300,7741,30,58175,toner,2026-03-25T01:54:20,1,Synthetic / Demo Data,2026-03-25T00:00:00
10301,7741,56,58176,active,2026-03-25T02:15:19,1,Synthetic / Demo Data,2026-03-25T00:00:00
10302,7742,10,58177,cleansing,2026-06-13T17:03:18,0,Synthetic / Demo Data,2026-06-13T00:00:00
10303,7742,50,58179,active,2026-06-13T18:36:03,1,Synthetic / Demo Data,2026-06-13T00:00:00
10304,7742,66,58183,active,2026-06-23T01:45:01,1,Synthetic / Demo Data,2026-06-23T00:00:00
10305,7742,1,58184,cleansing,2026-06-23T06:14:11,0,Synthetic / Demo Data,2026-06-23T00:00:00
10306,7742,25,58188,toner,2026-06-29T22:32:00,1,Synthetic / Demo Data,2026-06-29T00:00:00
10307,7742,3,58189,cleansing,2026-06-30T02:10:00,1,Synthetic / Demo Data,2026-06-30T00:00:00
10308,7743,72,58193,active,2026-03-17T12:41:37,1,Synthetic / Demo Data,2026-03-17T00:00:00
10309,7743,109,58194,spf,2026-03-17T15:40:36,1,Synthetic / Demo Data,2026-03-17T00:00:00
10310,7743,106,58196,spf,2026-03-28T08:56:36,1,Synthetic / Demo Data,2026-03-28T00:00:00
10311,7743,20,58197,cleansing,2026-03-28T10:21:19,0,Synthetic / Demo Data,2026-03-28T00:00:00
10312,7743,73,58198,moisturizer,2026-03-28T08:52:08,1,Synthetic / Demo Data,2026-03-28T00:00:00
10313,7743,42,58199,toner,2026-03-28T11:43:24,1,Synthetic / Demo Data,2026-03-28T00:00:00
10314,7745,14,58210,cleansing,2026-01-24T17:25:42,1,Synthetic / Demo Data,2026-01-24T00:00:00
10315,7746,6,58216,cleansing,2026-03-15T17:33:05,1,Synthetic / Demo Data,2026-03-15T00:00:00
10316,7749,16,58239,cleansing,2026-05-27T13:01:16,1,Synthetic / Demo Data,2026-05-27T00:00:00
10317,7749,28,58241,toner,2026-06-12T04:30:08,1,Synthetic / Demo Data,2026-06-12T00:00:00
10318,7749,49,58243,active,2026-06-12T02:23:05,1,Synthetic / Demo Data,2026-06-12T00:00:00
10319,7750,70,58248,active,2026-05-12T20:07:55,1,Synthetic / Demo Data,2026-05-12T00:00:00
10320,7752,120,58266,spf,2026-03-22T13:28:43,1,Synthetic / Demo Data,2026-03-22T00:00:00
10321,7752,2,58267,cleansing,2026-03-22T09:58:00,1,Synthetic / Demo Data,2026-03-22T00:00:00
10322,7753,66,58283,active,2026-08-12T22:17:18,1,Synthetic / Demo Data,2026-08-12T00:00:00
10323,7755,4,58287,cleansing,2026-06-04T23:04:15,1,Synthetic / Demo Data,2026-06-04T00:00:00
10324,7755,38,58288,toner,2026-06-04T20:37:07,1,Synthetic / Demo Data,2026-06-04T00:00:00
10325,7755,11,58292,cleansing,2026-06-25T13:41:05,1,Synthetic / Demo Data,2026-06-25T00:00:00
10326,7757,40,58305,toner,2026-05-18T18:20:05,1,Synthetic / Demo Data,2026-05-18T00:00:00
10327,7757,67,58309,active,2026-05-19T22:04:54,1,Synthetic / Demo Data,2026-05-19T00:00:00
10328,7759,66,58323,active,2026-03-02T06:16:28,1,Synthetic / Demo Data,2026-03-02T00:00:00
10329,7759,31,58327,toner,2026-03-09T13:25:51,1,Synthetic / Demo Data,2026-03-09T00:00:00
10330,7759,82,58329,moisturizer,2026-03-09T14:43:05,1,Synthetic / Demo Data,2026-03-09T00:00:00
10331,7760,82,58338,moisturizer,2026-03-24T10:58:45,1,Synthetic / Demo Data,2026-03-24T00:00:00
10332,7761,106,58350,spf,2026-05-04T03:32:14,0,Synthetic / Demo Data,2026-05-04T00:00:00
10333,7761,116,58352,spf,2026-05-04T08:17:31,1,Synthetic / Demo Data,2026-05-04T00:00:00
10334,7765,114,58365,spf,2026-01-19T16:07:39,1,Synthetic / Demo Data,2026-01-19T00:00:00
10335,7765,7,58367,cleansing,2026-01-19T15:19:23,1,Synthetic / Demo Data,2026-01-19T00:00:00
10336,7765,81,58370,moisturizer,2026-01-29T22:17:55,1,Synthetic / Demo Data,2026-01-29T00:00:00
10337,7766,21,58380,cleansing,2026-05-20T17:06:27,1,Synthetic / Demo Data,2026-05-20T00:00:00
10338,7766,51,58384,active,2026-06-05T12:40:20,1,Synthetic / Demo Data,2026-06-05T00:00:00
10339,7769,116,58401,spf,2026-07-13T14:40:39,1,Synthetic / Demo Data,2026-07-13T00:00:00
10340,7769,98,58404,spf,2026-07-21T00:56:18,0,Synthetic / Demo Data,2026-07-21T00:00:00
10341,7770,85,58409,moisturizer,2026-06-03T18:43:33,1,Synthetic / Demo Data,2026-06-03T00:00:00
10342,7770,97,58414,spf,2026-06-19T18:26:54,1,Synthetic / Demo Data,2026-06-19T00:00:00
10343,7772,16,58420,cleansing,2026-08-12T02:26:02,1,Synthetic / Demo Data,2026-08-12T00:00:00
10344,7772,94,58421,moisturizer,2026-08-11T22:03:35,1,Synthetic / Demo Data,2026-08-11T00:00:00
10345,7772,2,58422,cleansing,2026-08-13T18:14:16,1,Synthetic / Demo Data,2026-08-13T00:00:00
10346,7772,101,58423,spf,2026-08-13T22:03:31,1,Synthetic / Demo Data,2026-08-13T00:00:00
10347,7772,10,58424,cleansing,2026-08-13T23:24:44,1,Synthetic / Demo Data,2026-08-13T00:00:00
10348,7778,14,58446,cleansing,2026-09-14T07:25:55,1,Synthetic / Demo Data,2026-09-14T00:00:00
10349,7778,116,58447,spf,2026-09-14T06:56:00,1,Synthetic / Demo Data,2026-09-14T00:00:00
10350,7779,73,58455,moisturizer,2026-07-26T14:01:28,1,Synthetic / Demo Data,2026-07-26T00:00:00
10351,7781,28,58462,toner,2026-06-24T22:45:46,1,Synthetic / Demo Data,2026-06-24T00:00:00
10352,7781,92,58464,moisturizer,2026-06-30T18:26:08,1,Synthetic / Demo Data,2026-06-30T00:00:00
10353,7781,24,58465,cleansing,2026-06-30T18:26:15,1,Synthetic / Demo Data,2026-06-30T00:00:00
10354,7781,82,58467,moisturizer,2026-06-30T21:16:22,1,Synthetic / Demo Data,2026-06-30T00:00:00
10355,7782,12,58470,cleansing,2026-04-25T13:35:42,1,Synthetic / Demo Data,2026-04-25T00:00:00
10356,7782,92,58471,moisturizer,2026-04-25T17:04:46,1,Synthetic / Demo Data,2026-04-25T00:00:00
10357,7782,21,58472,cleansing,2026-04-25T20:33:27,1,Synthetic / Demo Data,2026-04-25T00:00:00
10358,7782,41,58479,toner,2026-04-25T16:56:46,1,Synthetic / Demo Data,2026-04-25T00:00:00
10359,7783,7,58483,cleansing,2026-08-17T18:01:31,1,Synthetic / Demo Data,2026-08-17T00:00:00
10360,7783,27,58486,toner,2026-08-23T07:22:51,1,Synthetic / Demo Data,2026-08-23T00:00:00
10361,7785,16,58490,cleansing,2026-02-07T14:43:54,1,Synthetic / Demo Data,2026-02-07T00:00:00
10362,7785,114,58492,spf,2026-02-07T13:20:22,1,Synthetic / Demo Data,2026-02-07T00:00:00
10363,7785,82,58499,moisturizer,2026-02-10T21:01:00,1,Synthetic / Demo Data,2026-02-10T00:00:00
10364,7788,74,58510,moisturizer,2026-07-15T08:16:36,1,Synthetic / Demo Data,2026-07-15T00:00:00
10365,7788,4,58513,cleansing,2026-07-15T08:34:10,1,Synthetic / Demo Data,2026-07-15T00:00:00
10366,7788,116,58520,spf,2026-08-04T06:58:27,1,Synthetic / Demo Data,2026-08-04T00:00:00
10367,7789,29,58525,toner,2026-08-09T03:03:22,0,Synthetic / Demo Data,2026-08-09T00:00:00
10368,7789,94,58529,moisturizer,2026-08-12T10:14:06,1,Synthetic / Demo Data,2026-08-12T00:00:00
10369,7789,82,58531,moisturizer,2026-08-21T13:04:22,1,Synthetic / Demo Data,2026-08-21T00:00:00
10370,7789,43,58532,toner,2026-08-21T10:33:20,1,Synthetic / Demo Data,2026-08-21T00:00:00
10371,7790,106,58537,spf,2026-05-05T00:12:13,0,Synthetic / Demo Data,2026-05-05T00:00:00
10372,7793,116,58547,spf,2026-07-31T10:38:02,1,Synthetic / Demo Data,2026-07-31T00:00:00
10373,7794,5,58553,cleansing,2026-04-05T08:36:26,1,Synthetic / Demo Data,2026-04-05T00:00:00
10374,7794,37,58555,toner,2026-04-05T05:32:55,1,Synthetic / Demo Data,2026-04-05T00:00:00
10375,7794,76,58560,moisturizer,2026-04-15T01:34:36,1,Synthetic / Demo Data,2026-04-15T00:00:00
10376,7794,48,58563,toner,2026-04-25T00:50:43,1,Synthetic / Demo Data,2026-04-25T00:00:00
10377,7795,116,58567,spf,2026-02-12T23:57:00,1,Synthetic / Demo Data,2026-02-12T00:00:00
10378,7795,1,58571,cleansing,2026-02-19T09:51:58,1,Synthetic / Demo Data,2026-02-19T00:00:00
10379,7797,112,58577,spf,2026-06-18T19:09:19,1,Synthetic / Demo Data,2026-06-18T00:00:00
10380,7797,62,58578,active,2026-06-18T18:30:48,0,Synthetic / Demo Data,2026-06-18T00:00:00
10381,7799,18,58584,cleansing,2026-03-13T16:22:43,1,Synthetic / Demo Data,2026-03-13T00:00:00
10382,7799,94,58585,moisturizer,2026-03-13T10:51:55,0,Synthetic / Demo Data,2026-03-13T00:00:00
10383,7799,114,58586,spf,2026-03-13T09:56:37,1,Synthetic / Demo Data,2026-03-13T00:00:00
10384,7799,7,58590,cleansing,2026-03-23T05:11:05,1,Synthetic / Demo Data,2026-03-23T00:00:00
10385,7799,34,58592,toner,2026-03-23T15:54:37,1,Synthetic / Demo Data,2026-03-23T00:00:00
10386,7799,81,58595,moisturizer,2026-03-23T11:20:32,1,Synthetic / Demo Data,2026-03-23T00:00:00
10387,7800,104,58596,spf,2026-01-26T16:57:11,1,Synthetic / Demo Data,2026-01-26T00:00:00
10388,7800,45,58602,toner,2026-02-03T15:29:32,1,Synthetic / Demo Data,2026-02-03T00:00:00
10389,7801,25,58606,toner,2026-03-25T23:25:57,1,Synthetic / Demo Data,2026-03-25T00:00:00
10390,7801,94,58607,moisturizer,2026-03-26T02:49:37,0,Synthetic / Demo Data,2026-03-26T00:00:00
10391,7801,74,58608,moisturizer,2026-03-26T04:10:39,1,Synthetic / Demo Data,2026-03-26T00:00:00
10392,7801,65,58610,active,2026-03-29T08:38:10,1,Synthetic / Demo Data,2026-03-29T00:00:00
10393,7801,13,58613,cleansing,2026-03-29T12:35:49,1,Synthetic / Demo Data,2026-03-29T00:00:00
10394,7804,41,58616,toner,2026-06-13T01:17:02,1,Synthetic / Demo Data,2026-06-13T00:00:00
10395,7806,50,58626,active,2026-02-13T05:45:54,1,Synthetic / Demo Data,2026-02-13T00:00:00
10396,7806,5,58631,cleansing,2026-02-19T09:58:09,1,Synthetic / Demo Data,2026-02-19T00:00:00
10397,7809,94,58660,moisturizer,2026-04-02T16:30:11,1,Synthetic / Demo Data,2026-04-02T00:00:00
10398,7809,57,58665,active,2026-04-13T02:05:35,0,Synthetic / Demo Data,2026-04-13T00:00:00
10399,7809,40,58666,toner,2026-04-13T05:11:29,1,Synthetic / Demo Data,2026-04-13T00:00:00
10400,7810,120,58672,spf,2026-03-12T21:41:42,1,Synthetic / Demo Data,2026-03-12T00:00:00
10401,7810,106,58673,spf,2026-03-12T16:41:39,1,Synthetic / Demo Data,2026-03-12T00:00:00
10402,7810,10,58675,cleansing,2026-03-12T21:14:49,1,Synthetic / Demo Data,2026-03-12T00:00:00
10403,7810,83,58679,moisturizer,2026-03-13T19:24:08,1,Synthetic / Demo Data,2026-03-13T00:00:00
10404,7810,63,58683,active,2026-03-21T18:40:50,1,Synthetic / Demo Data,2026-03-21T00:00:00
10405,7811,82,58686,moisturizer,2026-01-19T01:04:43,1,Synthetic / Demo Data,2026-01-19T00:00:00
10406,7811,116,58690,spf,2026-01-24T13:49:40,0,Synthetic / Demo Data,2026-01-24T00:00:00
10407,7815,1,58709,cleansing,2026-07-26T02:36:04,1,Synthetic / Demo Data,2026-07-26T00:00:00
10408,7815,80,58711,moisturizer,2026-07-30T00:31:30,1,Synthetic / Demo Data,2026-07-30T00:00:00
10409,7816,60,58719,active,2026-03-25T19:20:53,1,Synthetic / Demo Data,2026-03-25T00:00:00
10410,7816,22,58725,cleansing,2026-03-28T06:55:14,1,Synthetic / Demo Data,2026-03-28T00:00:00
10411,7817,25,58735,toner,2026-07-03T12:35:14,1,Synthetic / Demo Data,2026-07-03T00:00:00
10412,7817,14,58736,cleansing,2026-07-03T12:03:14,1,Synthetic / Demo Data,2026-07-03T00:00:00
10413,7817,103,58741,spf,2026-07-10T14:15:27,1,Synthetic / Demo Data,2026-07-10T00:00:00
10414,7817,12,58743,cleansing,2026-07-15T14:46:07,1,Synthetic / Demo Data,2026-07-15T00:00:00
10415,7820,18,58755,cleansing,2026-05-10T05:14:06,1,Synthetic / Demo Data,2026-05-10T00:00:00
10416,7820,120,58758,spf,2026-05-10T02:06:12,1,Synthetic / Demo Data,2026-05-10T00:00:00
10417,7820,78,58759,moisturizer,2026-05-11T01:23:19,1,Synthetic / Demo Data,2026-05-11T00:00:00
10418,7820,106,58761,spf,2026-05-11T03:48:14,1,Synthetic / Demo Data,2026-05-11T00:00:00
10419,7820,89,58764,moisturizer,2026-05-23T10:20:00,1,Synthetic / Demo Data,2026-05-23T00:00:00
10420,7820,116,58765,spf,2026-05-23T13:46:29,0,Synthetic / Demo Data,2026-05-23T00:00:00
10421,7821,73,58769,moisturizer,2026-03-22T18:35:00,1,Synthetic / Demo Data,2026-03-22T00:00:00
10422,7822,50,58779,active,2026-06-28T18:58:36,1,Synthetic / Demo Data,2026-06-28T00:00:00
10423,7824,4,58799,cleansing,2026-06-22T03:00:30,1,Synthetic / Demo Data,2026-06-22T00:00:00
10424,7824,94,58800,moisturizer,2026-06-22T05:43:20,1,Synthetic / Demo Data,2026-06-22T00:00:00
10425,7825,78,58803,moisturizer,2026-05-09T11:53:20,1,Synthetic / Demo Data,2026-05-09T00:00:00
10426,7826,12,58823,cleansing,2026-08-29T11:14:09,1,Synthetic / Demo Data,2026-08-29T00:00:00
10427,7829,94,58837,moisturizer,2026-04-03T16:14:46,1,Synthetic / Demo Data,2026-04-03T00:00:00
10428,7830,106,58843,spf,2026-05-06T23:23:02,1,Synthetic / Demo Data,2026-05-06T00:00:00
10429,7830,51,58845,active,2026-05-06T17:25:33,1,Synthetic / Demo Data,2026-05-06T00:00:00
10430,7830,14,58850,cleansing,2026-05-11T08:03:05,1,Synthetic / Demo Data,2026-05-11T00:00:00
10431,7839,115,58858,spf,2026-07-08T17:00:30,1,Synthetic / Demo Data,2026-07-08T00:00:00
10432,7839,11,58859,cleansing,2026-07-20T18:31:58,1,Synthetic / Demo Data,2026-07-20T00:00:00
10433,7839,72,58860,active,2026-07-20T21:47:44,1,Synthetic / Demo Data,2026-07-20T00:00:00
10434,7839,31,58864,toner,2026-07-26T18:33:41,1,Synthetic / Demo Data,2026-07-26T00:00:00
10435,7841,116,58877,spf,2026-05-12T12:36:54,0,Synthetic / Demo Data,2026-05-12T00:00:00
10436,7843,1,58890,cleansing,2026-07-17T14:23:44,1,Synthetic / Demo Data,2026-07-17T00:00:00
10437,7843,13,58896,cleansing,2026-07-18T07:25:54,1,Synthetic / Demo Data,2026-07-18T00:00:00
10438,7844,106,58901,spf,2026-04-02T17:26:02,1,Synthetic / Demo Data,2026-04-02T00:00:00
10439,7846,82,58908,moisturizer,2026-05-11T01:22:49,1,Synthetic / Demo Data,2026-05-11T00:00:00
10440,7846,87,58915,moisturizer,2026-05-12T10:59:47,1,Synthetic / Demo Data,2026-05-12T00:00:00
10441,7847,112,58916,spf,2026-02-05T17:20:57,1,Synthetic / Demo Data,2026-02-05T00:00:00
10442,7847,56,58919,active,2026-02-05T20:21:21,1,Synthetic / Demo Data,2026-02-05T00:00:00
10443,7847,2,58925,cleansing,2026-02-07T09:54:33,1,Synthetic / Demo Data,2026-02-07T00:00:00
10444,7847,58,58926,active,2026-02-10T06:25:43,1,Synthetic / Demo Data,2026-02-10T00:00:00
10445,7848,27,58930,toner,2026-08-23T23:42:53,1,Synthetic / Demo Data,2026-08-23T00:00:00
10446,7848,1,58932,cleansing,2026-08-24T04:30:59,1,Synthetic / Demo Data,2026-08-24T00:00:00
10447,7848,10,58933,cleansing,2026-08-24T00:28:20,1,Synthetic / Demo Data,2026-08-24T00:00:00
10448,7850,11,58939,cleansing,2026-09-11T07:26:18,1,Synthetic / Demo Data,2026-09-11T00:00:00
10449,7850,84,58940,moisturizer,2026-09-11T08:08:22,0,Synthetic / Demo Data,2026-09-11T00:00:00
10450,7850,92,58944,moisturizer,2026-09-12T21:09:16,1,Synthetic / Demo Data,2026-09-12T00:00:00
10451,7850,17,58947,cleansing,2026-09-12T16:14:19,0,Synthetic / Demo Data,2026-09-12T00:00:00
10452,7850,96,58951,moisturizer,2026-09-19T03:13:20,1,Synthetic / Demo Data,2026-09-19T00:00:00
10453,7851,7,58955,cleansing,2026-04-16T12:54:02,1,Synthetic / Demo Data,2026-04-16T00:00:00
10454,7855,106,58962,spf,2026-03-07T03:22:56,1,Synthetic / Demo Data,2026-03-07T00:00:00
10455,7855,78,58968,moisturizer,2026-03-08T18:25:57,1,Synthetic / Demo Data,2026-03-08T00:00:00
10456,7856,12,58972,cleansing,2026-06-28T02:15:24,1,Synthetic / Demo Data,2026-06-28T00:00:00
10457,7856,18,58973,cleansing,2026-06-28T04:45:41,1,Synthetic / Demo Data,2026-06-28T00:00:00
10458,7856,69,58976,active,2026-07-10T05:08:47,1,Synthetic / Demo Data,2026-07-10T00:00:00
10459,7859,13,58997,cleansing,2026-06-20T04:11:01,1,Synthetic / Demo Data,2026-06-20T00:00:00
10460,7860,69,59005,active,2026-09-06T20:50:19,1,Synthetic / Demo Data,2026-09-06T00:00:00
10461,7860,91,59007,moisturizer,2026-09-06T23:33:40,1,Synthetic / Demo Data,2026-09-06T00:00:00
10462,7862,69,59015,active,2026-07-20T15:26:11,1,Synthetic / Demo Data,2026-07-20T00:00:00
10463,7862,112,59020,spf,2026-07-28T12:24:43,1,Synthetic / Demo Data,2026-07-28T00:00:00
10464,7863,89,59024,moisturizer,2026-04-17T19:01:22,1,Synthetic / Demo Data,2026-04-17T00:00:00
10465,7863,109,59025,spf,2026-04-17T16:39:28,1,Synthetic / Demo Data,2026-04-17T00:00:00
10466,7863,76,59027,moisturizer,2026-04-17T21:30:58,1,Synthetic / Demo Data,2026-04-17T00:00:00
10467,7864,58,59032,active,2026-08-17T20:37:25,1,Synthetic / Demo Data,2026-08-17T00:00:00
10468,7864,107,59033,spf,2026-08-17T18:59:05,1,Synthetic / Demo Data,2026-08-17T00:00:00
10469,7864,116,59034,spf,2026-08-17T17:10:37,1,Synthetic / Demo Data,2026-08-17T00:00:00
10470,7864,67,59037,active,2026-08-23T06:26:15,1,Synthetic / Demo Data,2026-08-23T00:00:00
10471,7868,110,59043,spf,2026-01-29T13:13:43,0,Synthetic / Demo Data,2026-01-29T00:00:00
10472,7868,66,59044,active,2026-01-29T15:29:07,0,Synthetic / Demo Data,2026-01-29T00:00:00
10473,7868,63,59050,active,2026-02-07T15:35:18,1,Synthetic / Demo Data,2026-02-07T00:00:00
10474,7869,21,59054,cleansing,2026-05-07T22:19:12,1,Synthetic / Demo Data,2026-05-07T00:00:00
10475,7869,46,59056,toner,2026-05-08T03:37:02,1,Synthetic / Demo Data,2026-05-08T00:00:00
10476,7871,118,59077,spf,2026-08-31T00:12:35,1,Synthetic / Demo Data,2026-08-31T00:00:00
10477,7873,12,59084,cleansing,2026-02-27T01:13:41,1,Synthetic / Demo Data,2026-02-27T00:00:00
10478,7873,82,59091,moisturizer,2026-03-12T18:02:46,1,Synthetic / Demo Data,2026-03-12T00:00:00
10479,7874,21,59094,cleansing,2026-04-06T04:57:41,1,Synthetic / Demo Data,2026-04-06T00:00:00
10480,7874,29,59095,toner,2026-04-06T06:38:00,1,Synthetic / Demo Data,2026-04-06T00:00:00
10481,7876,83,59115,moisturizer,2026-03-06T05:01:58,1,Synthetic / Demo Data,2026-03-06T00:00:00
10482,7876,24,59117,cleansing,2026-03-13T12:42:43,1,Synthetic / Demo Data,2026-03-13T00:00:00
10483,7876,116,59118,spf,2026-03-13T15:01:56,1,Synthetic / Demo Data,2026-03-13T00:00:00
10484,7877,14,59131,cleansing,2026-03-11T22:20:03,1,Synthetic / Demo Data,2026-03-11T00:00:00
10485,7878,17,59135,cleansing,2026-01-30T01:23:29,1,Synthetic / Demo Data,2026-01-30T00:00:00
10486,7878,74,59136,moisturizer,2026-01-29T23:32:00,1,Synthetic / Demo Data,2026-01-29T00:00:00
10487,7878,97,59138,spf,2026-01-30T04:50:41,1,Synthetic / Demo Data,2026-01-30T00:00:00
10488,7878,94,59141,moisturizer,2026-02-03T05:21:55,1,Synthetic / Demo Data,2026-02-03T00:00:00
10489,7879,94,59146,moisturizer,2026-03-06T02:58:21,1,Synthetic / Demo Data,2026-03-06T00:00:00
10490,7883,86,59160,moisturizer,2026-02-15T15:00:57,1,Synthetic / Demo Data,2026-02-15T00:00:00
10491,7883,1,59163,cleansing,2026-02-19T07:53:33,1,Synthetic / Demo Data,2026-02-19T00:00:00
10492,7884,28,59167,toner,2026-04-09T03:15:16,1,Synthetic / Demo Data,2026-04-09T00:00:00
10493,7884,14,59171,cleansing,2026-04-10T02:31:01,1,Synthetic / Demo Data,2026-04-10T00:00:00
10494,7884,43,59174,toner,2026-04-10T06:50:40,1,Synthetic / Demo Data,2026-04-10T00:00:00
10495,7884,63,59178,active,2026-04-16T05:51:22,1,Synthetic / Demo Data,2026-04-16T00:00:00
10496,7886,24,59187,cleansing,2026-09-13T13:59:40,1,Synthetic / Demo Data,2026-09-13T00:00:00
10497,7887,76,59192,moisturizer,2026-05-28T18:13:41,1,Synthetic / Demo Data,2026-05-28T00:00:00
10498,7887,86,59202,moisturizer,2026-06-09T13:34:52,1,Synthetic / Demo Data,2026-06-09T00:00:00
10499,7890,116,59219,spf,2026-04-02T06:56:14,1,Synthetic / Demo Data,2026-04-02T00:00:00
10500,7890,55,59221,active,2026-04-02T08:59:59,0,Synthetic / Demo Data,2026-04-02T00:00:00
10501,7890,86,59223,moisturizer,2026-04-02T04:46:13,1,Synthetic / Demo Data,2026-04-02T00:00:00
10502,7892,38,59225,toner,2026-05-19T08:09:36,1,Synthetic / Demo Data,2026-05-19T00:00:00
10503,7892,40,59228,toner,2026-05-19T08:31:11,0,Synthetic / Demo Data,2026-05-19T00:00:00
10504,7893,106,59238,spf,2026-07-30T05:12:45,1,Synthetic / Demo Data,2026-07-30T00:00:00
10505,7893,51,59241,active,2026-08-02T13:36:00,1,Synthetic / Demo Data,2026-08-02T00:00:00
10506,7893,27,59244,toner,2026-08-13T13:38:32,1,Synthetic / Demo Data,2026-08-13T00:00:00
10507,7893,15,59245,cleansing,2026-08-13T06:46:27,0,Synthetic / Demo Data,2026-08-13T00:00:00
10508,7894,76,59254,moisturizer,2026-08-08T13:11:02,1,Synthetic / Demo Data,2026-08-08T00:00:00
10509,7894,17,59263,cleansing,2026-08-18T02:07:57,1,Synthetic / Demo Data,2026-08-18T00:00:00
10510,7895,20,59266,cleansing,2026-03-04T14:39:32,1,Synthetic / Demo Data,2026-03-04T00:00:00
10511,7895,1,59268,cleansing,2026-03-04T14:22:07,1,Synthetic / Demo Data,2026-03-04T00:00:00
10512,7895,116,59271,spf,2026-03-17T10:39:40,1,Synthetic / Demo Data,2026-03-17T00:00:00
10513,7896,20,59275,cleansing,2026-02-01T15:25:43,0,Synthetic / Demo Data,2026-02-01T00:00:00
10514,7896,116,59278,spf,2026-02-01T11:21:49,1,Synthetic / Demo Data,2026-02-01T00:00:00
10515,7899,76,59291,moisturizer,2026-08-31T02:45:57,1,Synthetic / Demo Data,2026-08-31T00:00:00
10516,7899,102,59294,spf,2026-08-31T02:50:29,0,Synthetic / Demo Data,2026-08-31T00:00:00
10517,7900,1,59303,cleansing,2026-05-03T02:36:40,1,Synthetic / Demo Data,2026-05-03T00:00:00
10518,7900,74,59304,moisturizer,2026-05-02T22:50:22,1,Synthetic / Demo Data,2026-05-02T00:00:00
10519,7900,14,59305,cleansing,2026-05-03T00:05:39,1,Synthetic / Demo Data,2026-05-03T00:00:00
10520,7900,40,59309,toner,2026-05-15T10:10:25,1,Synthetic / Demo Data,2026-05-15T00:00:00
10521,7900,66,59310,active,2026-05-15T12:48:42,1,Synthetic / Demo Data,2026-05-15T00:00:00
10522,7900,82,59313,moisturizer,2026-05-22T10:42:05,1,Synthetic / Demo Data,2026-05-22T00:00:00
10523,7901,3,59321,cleansing,2026-05-24T17:33:43,1,Synthetic / Demo Data,2026-05-24T00:00:00
10524,7901,92,59327,moisturizer,2026-06-05T16:07:04,1,Synthetic / Demo Data,2026-06-05T00:00:00
10525,7902,104,59328,spf,2026-08-29T03:33:16,1,Synthetic / Demo Data,2026-08-29T00:00:00
10526,7902,40,59330,toner,2026-08-29T00:22:42,1,Synthetic / Demo Data,2026-08-29T00:00:00
10527,7902,61,59332,active,2026-08-29T00:43:31,1,Synthetic / Demo Data,2026-08-29T00:00:00
10528,7902,116,59333,spf,2026-08-29T18:40:22,1,Synthetic / Demo Data,2026-08-29T00:00:00
10529,7903,76,59336,moisturizer,2026-03-15T19:12:26,1,Synthetic / Demo Data,2026-03-15T00:00:00
10530,7903,14,59341,cleansing,2026-03-18T07:22:39,1,Synthetic / Demo Data,2026-03-18T00:00:00
10531,7903,94,59343,moisturizer,2026-03-18T10:09:05,1,Synthetic / Demo Data,2026-03-18T00:00:00
10532,7906,57,59358,active,2026-01-28T06:34:41,1,Synthetic / Demo Data,2026-01-28T00:00:00
10533,7906,106,59359,spf,2026-01-28T06:55:27,1,Synthetic / Demo Data,2026-01-28T00:00:00
10534,7909,116,59370,spf,2026-09-13T13:12:13,1,Synthetic / Demo Data,2026-09-13T00:00:00
10535,7910,96,59377,moisturizer,2026-07-25T03:33:18,1,Synthetic / Demo Data,2026-07-25T00:00:00
10536,7910,28,59378,toner,2026-07-25T10:19:55,0,Synthetic / Demo Data,2026-07-25T00:00:00
10537,7910,116,59381,spf,2026-08-05T01:47:05,1,Synthetic / Demo Data,2026-08-05T00:00:00
10538,7910,38,59385,toner,2026-08-05T01:52:06,1,Synthetic / Demo Data,2026-08-05T00:00:00
10539,7913,5,59391,cleansing,2026-08-26T20:48:31,1,Synthetic / Demo Data,2026-08-26T00:00:00
10540,7913,63,59399,active,2026-09-12T16:53:03,1,Synthetic / Demo Data,2026-09-12T00:00:00
10541,7915,12,59402,cleansing,2026-07-16T21:26:15,1,Synthetic / Demo Data,2026-07-16T00:00:00
10542,7916,18,59412,cleansing,2026-02-08T16:33:11,1,Synthetic / Demo Data,2026-02-08T00:00:00
10543,7917,97,59420,spf,2026-07-17T04:31:38,1,Synthetic / Demo Data,2026-07-17T00:00:00
10544,7918,10,59438,cleansing,2026-04-17T01:14:38,0,Synthetic / Demo Data,2026-04-17T00:00:00
10545,7920,120,59445,spf,2026-01-27T05:09:46,1,Synthetic / Demo Data,2026-01-27T00:00:00
10546,7922,17,59462,cleansing,2026-05-26T10:42:57,1,Synthetic / Demo Data,2026-05-26T00:00:00
10547,7923,16,59467,cleansing,2026-06-05T14:43:40,1,Synthetic / Demo Data,2026-06-05T00:00:00
10548,7923,83,59468,moisturizer,2026-06-05T16:21:29,1,Synthetic / Demo Data,2026-06-05T00:00:00
10549,7923,94,59470,moisturizer,2026-06-05T12:24:13,1,Synthetic / Demo Data,2026-06-05T00:00:00
10550,7923,7,59471,cleansing,2026-06-05T16:16:06,1,Synthetic / Demo Data,2026-06-05T00:00:00
10551,7923,92,59473,moisturizer,2026-06-24T05:40:00,0,Synthetic / Demo Data,2026-06-24T00:00:00
10552,7925,24,59484,cleansing,2026-02-13T17:58:43,1,Synthetic / Demo Data,2026-02-13T00:00:00
10553,7925,116,59486,spf,2026-02-13T13:46:15,1,Synthetic / Demo Data,2026-02-13T00:00:00
10554,7927,55,59499,active,2026-02-01T20:56:33,1,Synthetic / Demo Data,2026-02-01T00:00:00
10555,7930,82,59528,moisturizer,2026-03-18T13:02:06,1,Synthetic / Demo Data,2026-03-18T00:00:00
10556,7930,85,59530,moisturizer,2026-03-18T15:53:18,1,Synthetic / Demo Data,2026-03-18T00:00:00
10557,7931,14,59543,cleansing,2026-08-09T07:01:47,1,Synthetic / Demo Data,2026-08-09T00:00:00
10558,7933,56,59547,active,2026-07-04T10:18:23,1,Synthetic / Demo Data,2026-07-04T00:00:00
10559,7933,24,59550,cleansing,2026-07-08T20:23:57,1,Synthetic / Demo Data,2026-07-08T00:00:00
10560,7933,120,59551,spf,2026-07-08T19:00:12,1,Synthetic / Demo Data,2026-07-08T00:00:00
10561,7933,66,59552,active,2026-07-08T15:57:56,1,Synthetic / Demo Data,2026-07-08T00:00:00
10562,7933,116,59554,spf,2026-07-08T16:58:44,1,Synthetic / Demo Data,2026-07-08T00:00:00
10563,7933,106,59556,spf,2026-07-18T00:59:11,1,Synthetic / Demo Data,2026-07-18T00:00:00
10564,7933,81,59559,moisturizer,2026-07-18T00:36:08,1,Synthetic / Demo Data,2026-07-18T00:00:00
10565,7934,90,59562,moisturizer,2026-02-08T03:48:21,1,Synthetic / Demo Data,2026-02-08T00:00:00
10566,7934,17,59564,cleansing,2026-02-08T03:59:41,1,Synthetic / Demo Data,2026-02-08T00:00:00
10567,7936,19,59576,cleansing,2026-06-29T07:18:33,1,Synthetic / Demo Data,2026-06-29T00:00:00
10568,7937,45,59590,toner,2026-09-19T12:08:45,1,Synthetic / Demo Data,2026-09-19T00:00:00
10569,7937,21,59593,cleansing,2026-09-19T10:57:25,1,Synthetic / Demo Data,2026-09-19T00:00:00
10570,7938,120,59595,spf,2026-06-06T08:49:13,1,Synthetic / Demo Data,2026-06-06T00:00:00
10571,7938,21,59599,cleansing,2026-06-06T09:10:20,0,Synthetic / Demo Data,2026-06-06T00:00:00
10572,7939,109,59606,spf,2026-01-29T10:14:39,1,Synthetic / Demo Data,2026-01-29T00:00:00
10573,7939,63,59607,active,2026-01-29T10:09:49,1,Synthetic / Demo Data,2026-01-29T00:00:00
10574,7939,18,59608,cleansing,2026-01-29T13:45:42,1,Synthetic / Demo Data,2026-01-29T00:00:00
10575,7940,117,59617,spf,2026-07-26T21:31:18,1,Synthetic / Demo Data,2026-07-26T00:00:00
10576,7940,39,59619,toner,2026-08-05T13:32:04,1,Synthetic / Demo Data,2026-08-05T00:00:00
10577,7940,38,59620,toner,2026-08-05T13:50:41,0,Synthetic / Demo Data,2026-08-05T00:00:00
10578,7945,7,59642,cleansing,2026-06-02T18:44:12,1,Synthetic / Demo Data,2026-06-02T00:00:00
10579,7949,12,59667,cleansing,2026-05-12T01:06:25,1,Synthetic / Demo Data,2026-05-12T00:00:00
10580,7950,112,59670,spf,2026-09-08T00:08:57,1,Synthetic / Demo Data,2026-09-08T00:00:00
10581,7950,4,59672,cleansing,2026-09-08T01:55:22,1,Synthetic / Demo Data,2026-09-08T00:00:00
10582,7953,110,59682,spf,2026-03-15T03:29:26,1,Synthetic / Demo Data,2026-03-15T00:00:00
10583,7953,54,59686,active,2026-03-28T16:17:41,1,Synthetic / Demo Data,2026-03-28T00:00:00
10584,7953,27,59688,toner,2026-03-28T12:50:03,1,Synthetic / Demo Data,2026-03-28T00:00:00
10585,7954,106,59696,spf,2026-09-08T21:52:38,1,Synthetic / Demo Data,2026-09-08T00:00:00
10586,7958,82,59715,moisturizer,2026-05-28T10:30:06,1,Synthetic / Demo Data,2026-05-28T00:00:00
10587,7960,66,59734,active,2026-03-31T23:33:38,1,Synthetic / Demo Data,2026-03-31T00:00:00
10588,7961,1,59742,cleansing,2026-05-25T01:56:11,1,Synthetic / Demo Data,2026-05-25T00:00:00
10589,7962,112,59751,spf,2026-06-25T18:47:31,0,Synthetic / Demo Data,2026-06-25T00:00:00
10590,7962,16,59755,cleansing,2026-06-25T11:16:03,1,Synthetic / Demo Data,2026-06-25T00:00:00
10591,7962,10,59760,cleansing,2026-06-27T22:14:27,1,Synthetic / Demo Data,2026-06-27T00:00:00
10592,7966,41,59775,toner,2026-04-20T06:43:10,0,Synthetic / Demo Data,2026-04-20T00:00:00
10593,7968,27,59783,toner,2026-08-26T22:51:32,1,Synthetic / Demo Data,2026-08-26T00:00:00
10594,7968,17,59788,cleansing,2026-08-29T21:38:40,0,Synthetic / Demo Data,2026-08-29T00:00:00
10595,7969,80,59799,moisturizer,2026-02-28T18:13:00,1,Synthetic / Demo Data,2026-02-28T00:00:00
10596,7969,89,59803,moisturizer,2026-02-28T23:45:14,1,Synthetic / Demo Data,2026-02-28T00:00:00
10597,7969,67,59805,active,2026-03-07T21:37:36,1,Synthetic / Demo Data,2026-03-07T00:00:00
10598,7971,101,59812,spf,2026-06-01T21:08:33,1,Synthetic / Demo Data,2026-06-01T00:00:00
10599,7971,92,59818,moisturizer,2026-06-12T16:55:40,1,Synthetic / Demo Data,2026-06-12T00:00:00
10600,7972,89,59829,moisturizer,2026-01-31T09:38:04,1,Synthetic / Demo Data,2026-01-31T00:00:00
10601,7972,18,59830,cleansing,2026-01-31T11:25:25,1,Synthetic / Demo Data,2026-01-31T00:00:00
10602,7972,8,59831,cleansing,2026-02-06T14:41:29,1,Synthetic / Demo Data,2026-02-06T00:00:00
10603,7973,11,59835,cleansing,2026-04-20T17:08:42,1,Synthetic / Demo Data,2026-04-20T00:00:00
10604,7973,22,59841,cleansing,2026-04-24T18:16:57,1,Synthetic / Demo Data,2026-04-24T00:00:00
10605,7978,106,59866,spf,2026-06-03T00:23:44,1,Synthetic / Demo Data,2026-06-03T00:00:00
10606,7979,68,59872,active,2026-08-25T02:47:27,1,Synthetic / Demo Data,2026-08-25T00:00:00
10607,7981,19,59882,cleansing,2026-06-07T18:49:40,1,Synthetic / Demo Data,2026-06-07T00:00:00
10608,7982,61,59888,active,2026-03-07T11:41:46,1,Synthetic / Demo Data,2026-03-07T00:00:00
10609,7983,38,59899,toner,2026-08-17T14:00:27,1,Synthetic / Demo Data,2026-08-17T00:00:00
10610,7983,17,59900,cleansing,2026-08-17T13:46:18,1,Synthetic / Demo Data,2026-08-17T00:00:00
10611,7983,106,59901,spf,2026-08-20T05:35:10,1,Synthetic / Demo Data,2026-08-20T00:00:00
10612,7983,29,59903,toner,2026-08-20T02:15:13,1,Synthetic / Demo Data,2026-08-20T00:00:00
10613,7983,63,59905,active,2026-08-20T03:42:20,1,Synthetic / Demo Data,2026-08-20T00:00:00
10614,7983,27,59907,toner,2026-08-30T07:52:42,1,Synthetic / Demo Data,2026-08-30T00:00:00
10615,7983,22,59908,cleansing,2026-08-30T08:08:44,0,Synthetic / Demo Data,2026-08-30T00:00:00
10616,7984,39,59909,toner,2026-07-04T22:08:37,0,Synthetic / Demo Data,2026-07-04T00:00:00
10617,7985,16,59917,cleansing,2026-02-11T01:20:15,1,Synthetic / Demo Data,2026-02-11T00:00:00
10618,7985,68,59920,active,2026-02-11T01:53:55,1,Synthetic / Demo Data,2026-02-11T00:00:00
10619,7985,10,59921,cleansing,2026-02-12T04:37:42,1,Synthetic / Demo Data,2026-02-12T00:00:00
10620,7985,103,59923,spf,2026-02-12T08:38:25,1,Synthetic / Demo Data,2026-02-12T00:00:00
10621,7986,41,59927,toner,2026-02-22T01:24:59,1,Synthetic / Demo Data,2026-02-22T00:00:00
10622,7986,36,59935,toner,2026-02-22T06:20:39,1,Synthetic / Demo Data,2026-02-22T00:00:00
10623,7986,2,59936,cleansing,2026-02-22T04:01:38,1,Synthetic / Demo Data,2026-02-22T00:00:00
10624,7988,87,59945,moisturizer,2026-01-22T01:33:54,1,Synthetic / Demo Data,2026-01-22T00:00:00
10625,7988,1,59946,cleansing,2026-01-22T03:27:14,1,Synthetic / Demo Data,2026-01-22T00:00:00
10626,7989,116,59957,spf,2026-02-27T01:49:53,1,Synthetic / Demo Data,2026-02-27T00:00:00
10627,7989,34,59961,toner,2026-02-27T01:24:28,1,Synthetic / Demo Data,2026-02-27T00:00:00
10628,7989,16,59965,cleansing,2026-02-27T16:21:32,1,Synthetic / Demo Data,2026-02-27T00:00:00
10629,7995,21,59967,cleansing,2026-06-08T04:09:42,1,Synthetic / Demo Data,2026-06-08T00:00:00
10630,7997,4,59976,cleansing,2026-09-04T12:52:14,1,Synthetic / Demo Data,2026-09-04T00:00:00
10631,7997,2,59977,cleansing,2026-09-04T11:01:12,1,Synthetic / Demo Data,2026-09-04T00:00:00
10632,7997,114,59978,spf,2026-09-04T13:13:34,1,Synthetic / Demo Data,2026-09-04T00:00:00
10633,7997,14,59984,cleansing,2026-09-05T00:35:10,0,Synthetic / Demo Data,2026-09-05T00:00:00
10634,7997,70,59986,active,2026-09-08T02:29:33,1,Synthetic / Demo Data,2026-09-08T00:00:00
10635,7997,120,59988,spf,2026-09-08T01:16:56,1,Synthetic / Demo Data,2026-09-08T00:00:00
10636,7997,22,59991,cleansing,2026-09-17T00:18:31,1,Synthetic / Demo Data,2026-09-17T00:00:00
10637,8000,12,59996,cleansing,2026-04-29T07:07:51,1,Synthetic / Demo Data,2026-04-29T00:00:00
10638,8000,81,59999,moisturizer,2026-05-01T15:29:38,1,Synthetic / Demo Data,2026-05-01T00:00:00
